trait_order	trait	grid_order	within_score_sd	density	q1	median	q3	minimum	maximum	participants
1	MDD	1	-4.25	7.92451451297081e-08	-0.6685442477975654	-0.000743173641276254	0.6815329550611268	-2.864020309436021	2.5095653243751537	430
1	MDD	2	-4.22875	1.1097157781834187e-07	-0.6685442477975654	-0.000743173641276254	0.6815329550611268	-2.864020309436021	2.5095653243751537	430
1	MDD	3	-4.2075	1.5463537121261687e-07	-0.6685442477975654	-0.000743173641276254	0.6815329550611268	-2.864020309436021	2.5095653243751537	430
1	MDD	4	-4.18625	2.144207144899923e-07	-0.6685442477975654	-0.000743173641276254	0.6815329550611268	-2.864020309436021	2.5095653243751537	430
1	MDD	5	-4.165	2.958614720432415e-07	-0.6685442477975654	-0.000743173641276254	0.6815329550611268	-2.864020309436021	2.5095653243751537	430
1	MDD	6	-4.14375	4.0623464483119964e-07	-0.6685442477975654	-0.000743173641276254	0.6815329550611268	-2.864020309436021	2.5095653243751537	430
1	MDD	7	-4.1225	5.550544694023399e-07	-0.6685442477975654	-0.000743173641276254	0.6815329550611268	-2.864020309436021	2.5095653243751537	430
1	MDD	8	-4.10125	7.546884880798648e-07	-0.6685442477975654	-0.000743173641276254	0.6815329550611268	-2.864020309436021	2.5095653243751537	430
1	MDD	9	-4.08	1.021120153583514e-06	-0.6685442477975654	-0.000743173641276254	0.6815329550611268	-2.864020309436021	2.5095653243751537	430
1	MDD	10	-4.05875	1.37488588408558e-06	-0.6685442477975654	-0.000743173641276254	0.6815329550611268	-2.864020309436021	2.5095653243751537	430
1	MDD	11	-4.0375	1.842217847815173e-06	-0.6685442477975654	-0.000743173641276254	0.6815329550611268	-2.864020309436021	2.5095653243751537	430
1	MDD	12	-4.01625	2.456426978929961e-06	-0.6685442477975654	-0.000743173641276254	0.6815329550611268	-2.864020309436021	2.5095653243751537	430
1	MDD	13	-3.995	3.259563615135393e-06	-0.6685442477975654	-0.000743173641276254	0.6815329550611268	-2.864020309436021	2.5095653243751537	430
1	MDD	14	-3.97375	4.304395463940418e-06	-0.6685442477975654	-0.000743173641276254	0.6815329550611268	-2.864020309436021	2.5095653243751537	430
1	MDD	15	-3.9525	5.656744064027163e-06	-0.6685442477975654	-0.000743173641276254	0.6815329550611268	-2.864020309436021	2.5095653243751537	430
1	MDD	16	-3.93125	7.398221182346826e-06	-0.6685442477975654	-0.000743173641276254	0.6815329550611268	-2.864020309436021	2.5095653243751537	430
1	MDD	17	-3.91	9.629405308512349e-06	-0.6685442477975654	-0.000743173641276254	0.6815329550611268	-2.864020309436021	2.5095653243751537	430
1	MDD	18	-3.88875	1.2473495178001348e-05	-0.6685442477975654	-0.000743173641276254	0.6815329550611268	-2.864020309436021	2.5095653243751537	430
1	MDD	19	-3.8675	1.6080471660023767e-05	-0.6685442477975654	-0.000743173641276254	0.6815329550611268	-2.864020309436021	2.5095653243751537	430
1	MDD	20	-3.84625	2.0631790971497755e-05	-0.6685442477975654	-0.000743173641276254	0.6815329550611268	-2.864020309436021	2.5095653243751537	430
1	MDD	21	-3.825	2.6345620636686937e-05	-0.6685442477975654	-0.000743173641276254	0.6815329550611268	-2.864020309436021	2.5095653243751537	430
1	MDD	22	-3.80375	3.3482614566105074e-05	-0.6685442477975654	-0.000743173641276254	0.6815329550611268	-2.864020309436021	2.5095653243751537	430
1	MDD	23	-3.7824999999999998	4.235220482549986e-05	-0.6685442477975654	-0.000743173641276254	0.6815329550611268	-2.864020309436021	2.5095653243751537	430
1	MDD	24	-3.76125	5.3319364971849565e-05	-0.6685442477975654	-0.000743173641276254	0.6815329550611268	-2.864020309436021	2.5095653243751537	430
1	MDD	25	-3.74	6.681177326868255e-05	-0.6685442477975654	-0.000743173641276254	0.6815329550611268	-2.864020309436021	2.5095653243751537	430
1	MDD	26	-3.71875	8.332727386822791e-05	-0.6685442477975654	-0.000743173641276254	0.6815329550611268	-2.864020309436021	2.5095653243751537	430
1	MDD	27	-3.6975	0.00010344150059626086	-0.6685442477975654	-0.000743173641276254	0.6815329550611268	-2.864020309436021	2.5095653243751537	430
1	MDD	28	-3.67625	0.00012781549197997768	-0.6685442477975654	-0.000743173641276254	0.6815329550611268	-2.864020309436021	2.5095653243751537	430
1	MDD	29	-3.655	0.00015720308857071437	-0.6685442477975654	-0.000743173641276254	0.6815329550611268	-2.864020309436021	2.5095653243751537	430
1	MDD	30	-3.63375	0.00019245786565707745	-0.6685442477975654	-0.000743173641276254	0.6815329550611268	-2.864020309436021	2.5095653243751537	430
1	MDD	31	-3.6125	0.0002345393176323649	-0.6685442477975654	-0.000743173641276254	0.6815329550611268	-2.864020309436021	2.5095653243751537	430
1	MDD	32	-3.59125	0.0002845179763076253	-0.6685442477975654	-0.000743173641276254	0.6815329550611268	-2.864020309436021	2.5095653243751537	430
1	MDD	33	-3.57	0.00034357911628360335	-0.6685442477975654	-0.000743173641276254	0.6815329550611268	-2.864020309436021	2.5095653243751537	430
1	MDD	34	-3.54875	0.00041302467818545946	-0.6685442477975654	-0.000743173641276254	0.6815329550611268	-2.864020309436021	2.5095653243751537	430
1	MDD	35	-3.5275	0.0004942730272588558	-0.6685442477975654	-0.000743173641276254	0.6815329550611268	-2.864020309436021	2.5095653243751537	430
1	MDD	36	-3.50625	0.0005888561626253658	-0.6685442477975654	-0.000743173641276254	0.6815329550611268	-2.864020309436021	2.5095653243751537	430
1	MDD	37	-3.485	0.0006984140033585131	-0.6685442477975654	-0.000743173641276254	0.6815329550611268	-2.864020309436021	2.5095653243751537	430
1	MDD	38	-3.46375	0.0008246854031704877	-0.6685442477975654	-0.000743173641276254	0.6815329550611268	-2.864020309436021	2.5095653243751537	430
1	MDD	39	-3.4425	0.0009694955872208248	-0.6685442477975654	-0.000743173641276254	0.6815329550611268	-2.864020309436021	2.5095653243751537	430
1	MDD	40	-3.4212499999999997	0.001134739763210082	-0.6685442477975654	-0.000743173641276254	0.6815329550611268	-2.864020309436021	2.5095653243751537	430
1	MDD	41	-3.4	0.0013223627347530135	-0.6685442477975654	-0.000743173641276254	0.6815329550611268	-2.864020309436021	2.5095653243751537	430
1	MDD	42	-3.37875	0.0015343344376129732	-0.6685442477975654	-0.000743173641276254	0.6815329550611268	-2.864020309436021	2.5095653243751537	430
1	MDD	43	-3.3575	0.0017726214275689302	-0.6685442477975654	-0.000743173641276254	0.6815329550611268	-2.864020309436021	2.5095653243751537	430
1	MDD	44	-3.3362499999999997	0.0020391544705699143	-0.6685442477975654	-0.000743173641276254	0.6815329550611268	-2.864020309436021	2.5095653243751537	430
1	MDD	45	-3.315	0.0023357925187525914	-0.6685442477975654	-0.000743173641276254	0.6815329550611268	-2.864020309436021	2.5095653243751537	430
1	MDD	46	-3.29375	0.0026642834964989964	-0.6685442477975654	-0.000743173641276254	0.6815329550611268	-2.864020309436021	2.5095653243751537	430
1	MDD	47	-3.2725	0.0030262224650172685	-0.6685442477975654	-0.000743173641276254	0.6815329550611268	-2.864020309436021	2.5095653243751537	430
1	MDD	48	-3.2512499999999998	0.003423007877460571	-0.6685442477975654	-0.000743173641276254	0.6815329550611268	-2.864020309436021	2.5095653243751537	430
1	MDD	49	-3.23	0.003855796774522489	-0.6685442477975654	-0.000743173641276254	0.6815329550611268	-2.864020309436021	2.5095653243751537	430
1	MDD	50	-3.20875	0.004325459897736623	-0.6685442477975654	-0.000743173641276254	0.6815329550611268	-2.864020309436021	2.5095653243751537	430
1	MDD	51	-3.1875	0.004832537809330832	-0.6685442477975654	-0.000743173641276254	0.6815329550611268	-2.864020309436021	2.5095653243751537	430
1	MDD	52	-3.16625	0.005377199198587124	-0.6685442477975654	-0.000743173641276254	0.6815329550611268	-2.864020309436021	2.5095653243751537	430
1	MDD	53	-3.145	0.005959202620739944	-0.6685442477975654	-0.000743173641276254	0.6815329550611268	-2.864020309436021	2.5095653243751537	430
1	MDD	54	-3.1237500000000002	0.006577862951536312	-0.6685442477975654	-0.000743173641276254	0.6815329550611268	-2.864020309436021	2.5095653243751537	430
1	MDD	55	-3.1025	0.007232023845384652	-0.6685442477975654	-0.000743173641276254	0.6815329550611268	-2.864020309436021	2.5095653243751537	430
1	MDD	56	-3.08125	0.007920037455026062	-0.6685442477975654	-0.000743173641276254	0.6815329550611268	-2.864020309436021	2.5095653243751537	430
1	MDD	57	-3.0599999999999996	0.008639752604251797	-0.6685442477975654	-0.000743173641276254	0.6815329550611268	-2.864020309436021	2.5095653243751537	430
1	MDD	58	-3.03875	0.009388512501681486	-0.6685442477975654	-0.000743173641276254	0.6815329550611268	-2.864020309436021	2.5095653243751537	430
1	MDD	59	-3.0175	0.010163162943300596	-0.6685442477975654	-0.000743173641276254	0.6815329550611268	-2.864020309436021	2.5095653243751537	430
1	MDD	60	-2.99625	0.010960071775602343	-0.6685442477975654	-0.000743173641276254	0.6815329550611268	-2.864020309436021	2.5095653243751537	430
1	MDD	61	-2.9749999999999996	0.011775160182017002	-0.6685442477975654	-0.000743173641276254	0.6815329550611268	-2.864020309436021	2.5095653243751537	430
1	MDD	62	-2.95375	0.012603946115992038	-0.6685442477975654	-0.000743173641276254	0.6815329550611268	-2.864020309436021	2.5095653243751537	430
1	MDD	63	-2.9325	0.01344159993863969	-0.6685442477975654	-0.000743173641276254	0.6815329550611268	-2.864020309436021	2.5095653243751537	430
1	MDD	64	-2.91125	0.014283012032144295	-0.6685442477975654	-0.000743173641276254	0.6815329550611268	-2.864020309436021	2.5095653243751537	430
1	MDD	65	-2.8899999999999997	0.015122871857729786	-0.6685442477975654	-0.000743173641276254	0.6815329550611268	-2.864020309436021	2.5095653243751537	430
1	MDD	66	-2.86875	0.015955757615226145	-0.6685442477975654	-0.000743173641276254	0.6815329550611268	-2.864020309436021	2.5095653243751537	430
1	MDD	67	-2.8475	0.01677623534705613	-0.6685442477975654	-0.000743173641276254	0.6815329550611268	-2.864020309436021	2.5095653243751537	430
1	MDD	68	-2.82625	0.017578966020229694	-0.6685442477975654	-0.000743173641276254	0.6815329550611268	-2.864020309436021	2.5095653243751537	430
1	MDD	69	-2.8049999999999997	0.01835881882354814	-0.6685442477975654	-0.000743173641276254	0.6815329550611268	-2.864020309436021	2.5095653243751537	430
1	MDD	70	-2.78375	0.0191109886418461	-0.6685442477975654	-0.000743173641276254	0.6815329550611268	-2.864020309436021	2.5095653243751537	430
1	MDD	71	-2.7625	0.019831115423059723	-0.6685442477975654	-0.000743173641276254	0.6815329550611268	-2.864020309436021	2.5095653243751537	430
1	MDD	72	-2.74125	0.020515402945494372	-0.6685442477975654	-0.000743173641276254	0.6815329550611268	-2.864020309436021	2.5095653243751537	430
1	MDD	73	-2.7199999999999998	0.02116073432995055	-0.6685442477975654	-0.000743173641276254	0.6815329550611268	-2.864020309436021	2.5095653243751537	430
1	MDD	74	-2.69875	0.02176478153195795	-0.6685442477975654	-0.000743173641276254	0.6815329550611268	-2.864020309436021	2.5095653243751537	430
1	MDD	75	-2.6775	0.02232610600016172	-0.6685442477975654	-0.000743173641276254	0.6815329550611268	-2.864020309436021	2.5095653243751537	430
1	MDD	76	-2.65625	0.022844247703817315	-0.6685442477975654	-0.000743173641276254	0.6815329550611268	-2.864020309436021	2.5095653243751537	430
1	MDD	77	-2.635	0.023319799820033776	-0.6685442477975654	-0.000743173641276254	0.6815329550611268	-2.864020309436021	2.5095653243751537	430
1	MDD	78	-2.6137499999999996	0.023754466532995525	-0.6685442477975654	-0.000743173641276254	0.6815329550611268	-2.864020309436021	2.5095653243751537	430
1	MDD	79	-2.5925	0.024151101634257672	-0.6685442477975654	-0.000743173641276254	0.6815329550611268	-2.864020309436021	2.5095653243751537	430
1	MDD	80	-2.57125	0.024513725924744583	-0.6685442477975654	-0.000743173641276254	0.6815329550611268	-2.864020309436021	2.5095653243751537	430
1	MDD	81	-2.55	0.024847521802547633	-0.6685442477975654	-0.000743173641276254	0.6815329550611268	-2.864020309436021	2.5095653243751537	430
1	MDD	82	-2.5287499999999996	0.025158803871046735	-0.6685442477975654	-0.000743173641276254	0.6815329550611268	-2.864020309436021	2.5095653243751537	430
1	MDD	83	-2.5075	0.025454964912032103	-0.6685442477975654	-0.000743173641276254	0.6815329550611268	-2.864020309436021	2.5095653243751537	430
1	MDD	84	-2.48625	0.025744397128913465	-0.6685442477975654	-0.000743173641276254	0.6815329550611268	-2.864020309436021	2.5095653243751537	430
1	MDD	85	-2.465	0.02603638916419153	-0.6685442477975654	-0.000743173641276254	0.6815329550611268	-2.864020309436021	2.5095653243751537	430
1	MDD	86	-2.4437499999999996	0.026341000019617342	-0.6685442477975654	-0.000743173641276254	0.6815329550611268	-2.864020309436021	2.5095653243751537	430
1	MDD	87	-2.4225	0.026668911641683543	-0.6685442477975654	-0.000743173641276254	0.6815329550611268	-2.864020309436021	2.5095653243751537	430
1	MDD	88	-2.40125	0.027031262562721082	-0.6685442477975654	-0.000743173641276254	0.6815329550611268	-2.864020309436021	2.5095653243751537	430
1	MDD	89	-2.38	0.02743946559136037	-0.6685442477975654	-0.000743173641276254	0.6815329550611268	-2.864020309436021	2.5095653243751537	430
1	MDD	90	-2.3587499999999997	0.027905013107331803	-0.6685442477975654	-0.000743173641276254	0.6815329550611268	-2.864020309436021	2.5095653243751537	430
1	MDD	91	-2.3375	0.02843927401629121	-0.6685442477975654	-0.000743173641276254	0.6815329550611268	-2.864020309436021	2.5095653243751537	430
1	MDD	92	-2.31625	0.029053286842706163	-0.6685442477975654	-0.000743173641276254	0.6815329550611268	-2.864020309436021	2.5095653243751537	430
1	MDD	93	-2.295	0.029757553765896425	-0.6685442477975654	-0.000743173641276254	0.6815329550611268	-2.864020309436021	2.5095653243751537	430
1	MDD	94	-2.2737499999999997	0.030561840620603246	-0.6685442477975654	-0.000743173641276254	0.6815329550611268	-2.864020309436021	2.5095653243751537	430
1	MDD	95	-2.2525	0.03147498797551833	-0.6685442477975654	-0.000743173641276254	0.6815329550611268	-2.864020309436021	2.5095653243751537	430
1	MDD	96	-2.2312499999999997	0.032504738360162114	-0.6685442477975654	-0.000743173641276254	0.6815329550611268	-2.864020309436021	2.5095653243751537	430
1	MDD	97	-2.21	0.03365758452463539	-0.6685442477975654	-0.000743173641276254	0.6815329550611268	-2.864020309436021	2.5095653243751537	430
1	MDD	98	-2.1887499999999998	0.034938643284019355	-0.6685442477975654	-0.000743173641276254	0.6815329550611268	-2.864020309436021	2.5095653243751537	430
1	MDD	99	-2.1675	0.036351559019644916	-0.6685442477975654	-0.000743173641276254	0.6815329550611268	-2.864020309436021	2.5095653243751537	430
1	MDD	100	-2.1462499999999998	0.03789844028772087	-0.6685442477975654	-0.000743173641276254	0.6815329550611268	-2.864020309436021	2.5095653243751537	430
1	MDD	101	-2.125	0.039579832231371646	-0.6685442477975654	-0.000743173641276254	0.6815329550611268	-2.864020309436021	2.5095653243751537	430
1	MDD	102	-2.10375	0.041394726619464514	-0.6685442477975654	-0.000743173641276254	0.6815329550611268	-2.864020309436021	2.5095653243751537	430
1	MDD	103	-2.0825	0.043340610364175615	-0.6685442477975654	-0.000743173641276254	0.6815329550611268	-2.864020309436021	2.5095653243751537	430
1	MDD	104	-2.06125	0.045413552323343556	-0.6685442477975654	-0.000743173641276254	0.6815329550611268	-2.864020309436021	2.5095653243751537	430
1	MDD	105	-2.04	0.04760832710194557	-0.6685442477975654	-0.000743173641276254	0.6815329550611268	-2.864020309436021	2.5095653243751537	430
1	MDD	106	-2.01875	0.049918573461919524	-0.6685442477975654	-0.000743173641276254	0.6815329550611268	-2.864020309436021	2.5095653243751537	430
1	MDD	107	-1.9975	0.05233698386628778	-0.6685442477975654	-0.000743173641276254	0.6815329550611268	-2.864020309436021	2.5095653243751537	430
1	MDD	108	-1.9762499999999998	0.05485552065911382	-0.6685442477975654	-0.000743173641276254	0.6815329550611268	-2.864020309436021	2.5095653243751537	430
1	MDD	109	-1.9549999999999996	0.057465653454640366	-0.6685442477975654	-0.000743173641276254	0.6815329550611268	-2.864020309436021	2.5095653243751537	430
1	MDD	110	-1.9337499999999999	0.06015861151336938	-0.6685442477975654	-0.000743173641276254	0.6815329550611268	-2.864020309436021	2.5095653243751537	430
1	MDD	111	-1.9124999999999996	0.06292564425357453	-0.6685442477975654	-0.000743173641276254	0.6815329550611268	-2.864020309436021	2.5095653243751537	430
1	MDD	112	-1.8912499999999999	0.06575828261325516	-0.6685442477975654	-0.000743173641276254	0.6815329550611268	-2.864020309436021	2.5095653243751537	430
1	MDD	113	-1.8699999999999997	0.06864859376356106	-0.6685442477975654	-0.000743173641276254	0.6815329550611268	-2.864020309436021	2.5095653243751537	430
1	MDD	114	-1.84875	0.0715894216967089	-0.6685442477975654	-0.000743173641276254	0.6815329550611268	-2.864020309436021	2.5095653243751537	430
1	MDD	115	-1.8274999999999997	0.07457460647754709	-0.6685442477975654	-0.000743173641276254	0.6815329550611268	-2.864020309436021	2.5095653243751537	430
1	MDD	116	-1.80625	0.07759917545708613	-0.6685442477975654	-0.000743173641276254	0.6815329550611268	-2.864020309436021	2.5095653243751537	430
1	MDD	117	-1.7849999999999997	0.08065950048778658	-0.6685442477975654	-0.000743173641276254	0.6815329550611268	-2.864020309436021	2.5095653243751537	430
1	MDD	118	-1.76375	0.08375341613374733	-0.6685442477975654	-0.000743173641276254	0.6815329550611268	-2.864020309436021	2.5095653243751537	430
1	MDD	119	-1.7424999999999997	0.08688029500459114	-0.6685442477975654	-0.000743173641276254	0.6815329550611268	-2.864020309436021	2.5095653243751537	430
1	MDD	120	-1.72125	0.09004107762199015	-0.6685442477975654	-0.000743173641276254	0.6815329550611268	-2.864020309436021	2.5095653243751537	430
1	MDD	121	-1.6999999999999997	0.0932382556078663	-0.6685442477975654	-0.000743173641276254	0.6815329550611268	-2.864020309436021	2.5095653243751537	430
1	MDD	122	-1.67875	0.09647580841385257	-0.6685442477975654	-0.000743173641276254	0.6815329550611268	-2.864020309436021	2.5095653243751537	430
1	MDD	123	-1.6574999999999998	0.09975909524037536	-0.6685442477975654	-0.000743173641276254	0.6815329550611268	-2.864020309436021	2.5095653243751537	430
1	MDD	124	-1.63625	0.10309470516809482	-0.6685442477975654	-0.000743173641276254	0.6815329550611268	-2.864020309436021	2.5095653243751537	430
1	MDD	125	-1.6149999999999998	0.10649026979382736	-0.6685442477975654	-0.000743173641276254	0.6815329550611268	-2.864020309436021	2.5095653243751537	430
1	MDD	126	-1.59375	0.10995424378130657	-0.6685442477975654	-0.000743173641276254	0.6815329550611268	-2.864020309436021	2.5095653243751537	430
1	MDD	127	-1.5724999999999998	0.11349565966459184	-0.6685442477975654	-0.000743173641276254	0.6815329550611268	-2.864020309436021	2.5095653243751537	430
1	MDD	128	-1.55125	0.11712386394736526	-0.6685442477975654	-0.000743173641276254	0.6815329550611268	-2.864020309436021	2.5095653243751537	430
1	MDD	129	-1.5299999999999998	0.12084824200320421	-0.6685442477975654	-0.000743173641276254	0.6815329550611268	-2.864020309436021	2.5095653243751537	430
1	MDD	130	-1.5087499999999996	0.12467793948915969	-0.6685442477975654	-0.000743173641276254	0.6815329550611268	-2.864020309436021	2.5095653243751537	430
1	MDD	131	-1.4874999999999998	0.12862158793728729	-0.6685442477975654	-0.000743173641276254	0.6815329550611268	-2.864020309436021	2.5095653243751537	430
1	MDD	132	-1.4662499999999996	0.13268704189625496	-0.6685442477975654	-0.000743173641276254	0.6815329550611268	-2.864020309436021	2.5095653243751537	430
1	MDD	133	-1.4449999999999998	0.13688113447728717	-0.6685442477975654	-0.000743173641276254	0.6815329550611268	-2.864020309436021	2.5095653243751537	430
1	MDD	134	-1.4237499999999996	0.14120945744312197	-0.6685442477975654	-0.000743173641276254	0.6815329550611268	-2.864020309436021	2.5095653243751537	430
1	MDD	135	-1.4024999999999999	0.1456761710992619	-0.6685442477975654	-0.000743173641276254	0.6815329550611268	-2.864020309436021	2.5095653243751537	430
1	MDD	136	-1.3812499999999996	0.1502838482418974	-0.6685442477975654	-0.000743173641276254	0.6815329550611268	-2.864020309436021	2.5095653243751537	430
1	MDD	137	-1.3599999999999999	0.1550333553270795	-0.6685442477975654	-0.000743173641276254	0.6815329550611268	-2.864020309436021	2.5095653243751537	430
1	MDD	138	-1.3387499999999997	0.15992377289191229	-0.6685442477975654	-0.000743173641276254	0.6815329550611268	-2.864020309436021	2.5095653243751537	430
1	MDD	139	-1.3175	0.16495235612016285	-0.6685442477975654	-0.000743173641276254	0.6815329550611268	-2.864020309436021	2.5095653243751537	430
1	MDD	140	-1.2962499999999997	0.17011453533813128	-0.6685442477975654	-0.000743173641276254	0.6815329550611268	-2.864020309436021	2.5095653243751537	430
1	MDD	141	-1.275	0.17540395518408441	-0.6685442477975654	-0.000743173641276254	0.6815329550611268	-2.864020309436021	2.5095653243751537	430
1	MDD	142	-1.2537499999999997	0.18081255024330456	-0.6685442477975654	-0.000743173641276254	0.6815329550611268	-2.864020309436021	2.5095653243751537	430
1	MDD	143	-1.2325	0.1863306541026803	-0.6685442477975654	-0.000743173641276254	0.6815329550611268	-2.864020309436021	2.5095653243751537	430
1	MDD	144	-1.2112499999999997	0.19194713807027372	-0.6685442477975654	-0.000743173641276254	0.6815329550611268	-2.864020309436021	2.5095653243751537	430
1	MDD	145	-1.19	0.19764957523770998	-0.6685442477975654	-0.000743173641276254	0.6815329550611268	-2.864020309436021	2.5095653243751537	430
1	MDD	146	-1.1687499999999997	0.2034244251430253	-0.6685442477975654	-0.000743173641276254	0.6815329550611268	-2.864020309436021	2.5095653243751537	430
1	MDD	147	-1.1475	0.2092572340209968	-0.6685442477975654	-0.000743173641276254	0.6815329550611268	-2.864020309436021	2.5095653243751537	430
1	MDD	148	-1.1262499999999998	0.21513284550541473	-0.6685442477975654	-0.000743173641276254	0.6815329550611268	-2.864020309436021	2.5095653243751537	430
1	MDD	149	-1.105	0.22103561666830912	-0.6685442477975654	-0.000743173641276254	0.6815329550611268	-2.864020309436021	2.5095653243751537	430
1	MDD	150	-1.0837499999999998	0.2269496344370269	-0.6685442477975654	-0.000743173641276254	0.6815329550611268	-2.864020309436021	2.5095653243751537	430
1	MDD	151	-1.0624999999999996	0.2328589277106405	-0.6685442477975654	-0.000743173641276254	0.6815329550611268	-2.864020309436021	2.5095653243751537	430
1	MDD	152	-1.0412499999999998	0.2387476708893564	-0.6685442477975654	-0.000743173641276254	0.6815329550611268	-2.864020309436021	2.5095653243751537	430
1	MDD	153	-1.0199999999999996	0.24460037501872609	-0.6685442477975654	-0.000743173641276254	0.6815329550611268	-2.864020309436021	2.5095653243751537	430
1	MDD	154	-0.9987499999999998	0.25040206331654596	-0.6685442477975654	-0.000743173641276254	0.6815329550611268	-2.864020309436021	2.5095653243751537	430
1	MDD	155	-0.9774999999999996	0.25613842847416	-0.6685442477975654	-0.000743173641276254	0.6815329550611268	-2.864020309436021	2.5095653243751537	430
1	MDD	156	-0.9562499999999998	0.26179596978338093	-0.6685442477975654	-0.000743173641276254	0.6815329550611268	-2.864020309436021	2.5095653243751537	430
1	MDD	157	-0.9349999999999996	0.2673621088119439	-0.6685442477975654	-0.000743173641276254	0.6815329550611268	-2.864020309436021	2.5095653243751537	430
1	MDD	158	-0.9137499999999998	0.2728252830102952	-0.6685442477975654	-0.000743173641276254	0.6815329550611268	-2.864020309436021	2.5095653243751537	430
1	MDD	159	-0.8924999999999996	0.2781750172568012	-0.6685442477975654	-0.000743173641276254	0.6815329550611268	-2.864020309436021	2.5095653243751537	430
1	MDD	160	-0.8712499999999999	0.28340197391483973	-0.6685442477975654	-0.000743173641276254	0.6815329550611268	-2.864020309436021	2.5095653243751537	430
1	MDD	161	-0.8499999999999996	0.2884979824640488	-0.6685442477975654	-0.000743173641276254	0.6815329550611268	-2.864020309436021	2.5095653243751537	430
1	MDD	162	-0.8287499999999999	0.29345605016331494	-0.6685442477975654	-0.000743173641276254	0.6815329550611268	-2.864020309436021	2.5095653243751537	430
1	MDD	163	-0.8074999999999997	0.298270355494013	-0.6685442477975654	-0.000743173641276254	0.6815329550611268	-2.864020309436021	2.5095653243751537	430
1	MDD	164	-0.7862499999999999	0.3029362263131849	-0.6685442477975654	-0.000743173641276254	0.6815329550611268	-2.864020309436021	2.5095653243751537	430
1	MDD	165	-0.7649999999999997	0.3074501047188089	-0.6685442477975654	-0.000743173641276254	0.6815329550611268	-2.864020309436021	2.5095653243751537	430
1	MDD	166	-0.7437499999999999	0.3118095006001635	-0.6685442477975654	-0.000743173641276254	0.6815329550611268	-2.864020309436021	2.5095653243751537	430
1	MDD	167	-0.7224999999999997	0.31601293572862177	-0.6685442477975654	-0.000743173641276254	0.6815329550611268	-2.864020309436021	2.5095653243751537	430
1	MDD	168	-0.7012499999999999	0.32005988005598035	-0.6685442477975654	-0.000743173641276254	0.6815329550611268	-2.864020309436021	2.5095653243751537	430
1	MDD	169	-0.6799999999999997	0.3239506816503945	-0.6685442477975654	-0.000743173641276254	0.6815329550611268	-2.864020309436021	2.5095653243751537	430
1	MDD	170	-0.65875	0.3276864914378992	-0.6685442477975654	-0.000743173641276254	0.6815329550611268	-2.864020309436021	2.5095653243751537	430
1	MDD	171	-0.6374999999999997	0.3312691836545391	-0.6685442477975654	-0.000743173641276254	0.6815329550611268	-2.864020309436021	2.5095653243751537	430
1	MDD	172	-0.6162499999999995	0.334701272672986	-0.6685442477975654	-0.000743173641276254	0.6815329550611268	-2.864020309436021	2.5095653243751537	430
1	MDD	173	-0.5949999999999998	0.3379858266676738	-0.6685442477975654	-0.000743173641276254	0.6815329550611268	-2.864020309436021	2.5095653243751537	430
1	MDD	174	-0.5737499999999995	0.3411263784389897	-0.6685442477975654	-0.000743173641276254	0.6815329550611268	-2.864020309436021	2.5095653243751537	430
1	MDD	175	-0.5524999999999998	0.34412683363931434	-0.6685442477975654	-0.000743173641276254	0.6815329550611268	-2.864020309436021	2.5095653243751537	430
1	MDD	176	-0.5312499999999996	0.34699137663522045	-0.6685442477975654	-0.000743173641276254	0.6815329550611268	-2.864020309436021	2.5095653243751537	430
1	MDD	177	-0.5099999999999998	0.3497243742982724	-0.6685442477975654	-0.000743173641276254	0.6815329550611268	-2.864020309436021	2.5095653243751537	430
1	MDD	178	-0.4887499999999996	0.35233027813360684	-0.6685442477975654	-0.000743173641276254	0.6815329550611268	-2.864020309436021	2.5095653243751537	430
1	MDD	179	-0.4674999999999998	0.3548135253182575	-0.6685442477975654	-0.000743173641276254	0.6815329550611268	-2.864020309436021	2.5095653243751537	430
1	MDD	180	-0.4462499999999996	0.35717843941421656	-0.6685442477975654	-0.000743173641276254	0.6815329550611268	-2.864020309436021	2.5095653243751537	430
1	MDD	181	-0.4249999999999998	0.35942913172710844	-0.6685442477975654	-0.000743173641276254	0.6815329550611268	-2.864020309436021	2.5095653243751537	430
1	MDD	182	-0.4037499999999996	0.36156940448240077	-0.6685442477975654	-0.000743173641276254	0.6815329550611268	-2.864020309436021	2.5095653243751537	430
1	MDD	183	-0.38249999999999984	0.36360265717101	-0.6685442477975654	-0.000743173641276254	0.6815329550611268	-2.864020309436021	2.5095653243751537	430
1	MDD	184	-0.3612499999999996	0.3655317975610692	-0.6685442477975654	-0.000743173641276254	0.6815329550611268	-2.864020309436021	2.5095653243751537	430
1	MDD	185	-0.33999999999999986	0.36735915897200877	-0.6685442477975654	-0.000743173641276254	0.6815329550611268	-2.864020309436021	2.5095653243751537	430
1	MDD	186	-0.31874999999999964	0.3690864254541999	-0.6685442477975654	-0.000743173641276254	0.6815329550611268	-2.864020309436021	2.5095653243751537	430
1	MDD	187	-0.2974999999999999	0.37071456650930057	-0.6685442477975654	-0.000743173641276254	0.6815329550611268	-2.864020309436021	2.5095653243751537	430
1	MDD	188	-0.27624999999999966	0.37224378292381316	-0.6685442477975654	-0.000743173641276254	0.6815329550611268	-2.864020309436021	2.5095653243751537	430
1	MDD	189	-0.2549999999999999	0.37367346517468114	-0.6685442477975654	-0.000743173641276254	0.6815329550611268	-2.864020309436021	2.5095653243751537	430
1	MDD	190	-0.23374999999999968	0.3750021657067075	-0.6685442477975654	-0.000743173641276254	0.6815329550611268	-2.864020309436021	2.5095653243751537	430
1	MDD	191	-0.21249999999999947	0.3762275861840474	-0.6685442477975654	-0.000743173641276254	0.6815329550611268	-2.864020309436021	2.5095653243751537	430
1	MDD	192	-0.19125000000000014	0.3773465805892421	-0.6685442477975654	-0.000743173641276254	0.6815329550611268	-2.864020309436021	2.5095653243751537	430
1	MDD	193	-0.16999999999999993	0.37835517479018077	-0.6685442477975654	-0.000743173641276254	0.6815329550611268	-2.864020309436021	2.5095653243751537	430
1	MDD	194	-0.14874999999999972	0.3792486029241385	-0.6685442477975654	-0.000743173641276254	0.6815329550611268	-2.864020309436021	2.5095653243751537	430
1	MDD	195	-0.1274999999999995	0.3800213606637947	-0.6685442477975654	-0.000743173641276254	0.6815329550611268	-2.864020309436021	2.5095653243751537	430
1	MDD	196	-0.10624999999999929	0.38066727513703175	-0.6685442477975654	-0.000743173641276254	0.6815329550611268	-2.864020309436021	2.5095653243751537	430
1	MDD	197	-0.08499999999999996	0.381179590973788	-0.6685442477975654	-0.000743173641276254	0.6815329550611268	-2.864020309436021	2.5095653243751537	430
1	MDD	198	-0.06374999999999975	0.3815510716525261	-0.6685442477975654	-0.000743173641276254	0.6815329550611268	-2.864020309436021	2.5095653243751537	430
1	MDD	199	-0.04249999999999954	0.3817741150192215	-0.6685442477975654	-0.000743173641276254	0.6815329550611268	-2.864020309436021	2.5095653243751537	430
1	MDD	200	-0.021249999999999325	0.38184088155733675	-0.6685442477975654	-0.000743173641276254	0.6815329550611268	-2.864020309436021	2.5095653243751537	430
1	MDD	201	0.0	0.381743433702954	-0.6685442477975654	-0.000743173641276254	0.6815329550611268	-2.864020309436021	2.5095653243751537	430
1	MDD	202	0.021250000000000213	0.38147388423131956	-0.6685442477975654	-0.000743173641276254	0.6815329550611268	-2.864020309436021	2.5095653243751537	430
1	MDD	203	0.042500000000000426	0.38102455149674985	-0.6685442477975654	-0.000743173641276254	0.6815329550611268	-2.864020309436021	2.5095653243751537	430
1	MDD	204	0.06375000000000064	0.38038811909515774	-0.6685442477975654	-0.000743173641276254	0.6815329550611268	-2.864020309436021	2.5095653243751537	430
1	MDD	205	0.08499999999999996	0.37955779734549466	-0.6685442477975654	-0.000743173641276254	0.6815329550611268	-2.864020309436021	2.5095653243751537	430
1	MDD	206	0.10625000000000018	0.378527483860849	-0.6685442477975654	-0.000743173641276254	0.6815329550611268	-2.864020309436021	2.5095653243751537	430
1	MDD	207	0.1275000000000004	0.37729192040804355	-0.6685442477975654	-0.000743173641276254	0.6815329550611268	-2.864020309436021	2.5095653243751537	430
1	MDD	208	0.1487500000000006	0.3758468432405688	-0.6685442477975654	-0.000743173641276254	0.6815329550611268	-2.864020309436021	2.5095653243751537	430
1	MDD	209	0.16999999999999993	0.37418912413506855	-0.6685442477975654	-0.000743173641276254	0.6815329550611268	-2.864020309436021	2.5095653243751537	430
1	MDD	210	0.19125000000000014	0.37231689946483665	-0.6685442477975654	-0.000743173641276254	0.6815329550611268	-2.864020309436021	2.5095653243751537	430
1	MDD	211	0.21250000000000036	0.3702296848000247	-0.6685442477975654	-0.000743173641276254	0.6815329550611268	-2.864020309436021	2.5095653243751537	430
1	MDD	212	0.23375000000000057	0.36792847272606116	-0.6685442477975654	-0.000743173641276254	0.6815329550611268	-2.864020309436021	2.5095653243751537	430
1	MDD	213	0.2549999999999999	0.3654158118090311	-0.6685442477975654	-0.000743173641276254	0.6815329550611268	-2.864020309436021	2.5095653243751537	430
1	MDD	214	0.2762500000000001	0.3626958648984117	-0.6685442477975654	-0.000743173641276254	0.6815329550611268	-2.864020309436021	2.5095653243751537	430
1	MDD	215	0.2975000000000003	0.35977444523201496	-0.6685442477975654	-0.000743173641276254	0.6815329550611268	-2.864020309436021	2.5095653243751537	430
1	MDD	216	0.31875000000000053	0.35665902908502944	-0.6685442477975654	-0.000743173641276254	0.6815329550611268	-2.864020309436021	2.5095653243751537	430
1	MDD	217	0.34000000000000075	0.3533587439765383	-0.6685442477975654	-0.000743173641276254	0.6815329550611268	-2.864020309436021	2.5095653243751537	430
1	MDD	218	0.36125000000000007	0.34988433170822747	-0.6685442477975654	-0.000743173641276254	0.6815329550611268	-2.864020309436021	2.5095653243751537	430
1	MDD	219	0.3825000000000003	0.3462480857607065	-0.6685442477975654	-0.000743173641276254	0.6815329550611268	-2.864020309436021	2.5095653243751537	430
1	MDD	220	0.4037500000000005	0.34246376281682445	-0.6685442477975654	-0.000743173641276254	0.6815329550611268	-2.864020309436021	2.5095653243751537	430
1	MDD	221	0.4250000000000007	0.3385464684271057	-0.6685442477975654	-0.000743173641276254	0.6815329550611268	-2.864020309436021	2.5095653243751537	430
1	MDD	222	0.44625000000000004	0.33451251709174773	-0.6685442477975654	-0.000743173641276254	0.6815329550611268	-2.864020309436021	2.5095653243751537	430
1	MDD	223	0.46750000000000025	0.3303792673211058	-0.6685442477975654	-0.000743173641276254	0.6815329550611268	-2.864020309436021	2.5095653243751537	430
1	MDD	224	0.48875000000000046	0.326164932567389	-0.6685442477975654	-0.000743173641276254	0.6815329550611268	-2.864020309436021	2.5095653243751537	430
1	MDD	225	0.5100000000000007	0.32188836930851145	-0.6685442477975654	-0.000743173641276254	0.6815329550611268	-2.864020309436021	2.5095653243751537	430
1	MDD	226	0.53125	0.31756884402142105	-0.6685442477975654	-0.000743173641276254	0.6815329550611268	-2.864020309436021	2.5095653243751537	430
1	MDD	227	0.5525000000000002	0.3132257813121963	-0.6685442477975654	-0.000743173641276254	0.6815329550611268	-2.864020309436021	2.5095653243751537	430
1	MDD	228	0.5737500000000004	0.30887849607184215	-0.6685442477975654	-0.000743173641276254	0.6815329550611268	-2.864020309436021	2.5095653243751537	430
1	MDD	229	0.5950000000000006	0.3045459131895847	-0.6685442477975654	-0.000743173641276254	0.6815329550611268	-2.864020309436021	2.5095653243751537	430
1	MDD	230	0.61625	0.30024627905969137	-0.6685442477975654	-0.000743173641276254	0.6815329550611268	-2.864020309436021	2.5095653243751537	430
1	MDD	231	0.6375000000000002	0.2959968698341015	-0.6685442477975654	-0.000743173641276254	0.6815329550611268	-2.864020309436021	2.5095653243751537	430
1	MDD	232	0.6587500000000004	0.29181370206362517	-0.6685442477975654	-0.000743173641276254	0.6815329550611268	-2.864020309436021	2.5095653243751537	430
1	MDD	233	0.6800000000000006	0.2877112519904419	-0.6685442477975654	-0.000743173641276254	0.6815329550611268	-2.864020309436021	2.5095653243751537	430
1	MDD	234	0.7012499999999999	0.28370219025508103	-0.6685442477975654	-0.000743173641276254	0.6815329550611268	-2.864020309436021	2.5095653243751537	430
1	MDD	235	0.7225000000000001	0.2797971391117559	-0.6685442477975654	-0.000743173641276254	0.6815329550611268	-2.864020309436021	2.5095653243751537	430
1	MDD	236	0.7437500000000004	0.27600445935924917	-0.6685442477975654	-0.000743173641276254	0.6815329550611268	-2.864020309436021	2.5095653243751537	430
1	MDD	237	0.7650000000000006	0.2723300740491223	-0.6685442477975654	-0.000743173641276254	0.6815329550611268	-2.864020309436021	2.5095653243751537	430
1	MDD	238	0.7862500000000008	0.26877733559783873	-0.6685442477975654	-0.000743173641276254	0.6815329550611268	-2.864020309436021	2.5095653243751537	430
1	MDD	239	0.8075000000000001	0.2653469421869274	-0.6685442477975654	-0.000743173641276254	0.6815329550611268	-2.864020309436021	2.5095653243751537	430
1	MDD	240	0.8287500000000003	0.2620369082844766	-0.6685442477975654	-0.000743173641276254	0.6815329550611268	-2.864020309436021	2.5095653243751537	430
1	MDD	241	0.8500000000000005	0.2588425927790697	-0.6685442477975654	-0.000743173641276254	0.6815329550611268	-2.864020309436021	2.5095653243751537	430
1	MDD	242	0.8712500000000007	0.2557567866195895	-0.6685442477975654	-0.000743173641276254	0.6815329550611268	-2.864020309436021	2.5095653243751537	430
1	MDD	243	0.8925000000000001	0.2527698600549654	-0.6685442477975654	-0.000743173641276254	0.6815329550611268	-2.864020309436021	2.5095653243751537	430
1	MDD	244	0.9137500000000003	0.24986996763706165	-0.6685442477975654	-0.000743173641276254	0.6815329550611268	-2.864020309436021	2.5095653243751537	430
1	MDD	245	0.9350000000000005	0.24704330717021616	-0.6685442477975654	-0.000743173641276254	0.6815329550611268	-2.864020309436021	2.5095653243751537	430
1	MDD	246	0.9562500000000007	0.24427442685398076	-0.6685442477975654	-0.000743173641276254	0.6815329550611268	-2.864020309436021	2.5095653243751537	430
1	MDD	247	0.9775	0.24154657306592522	-0.6685442477975654	-0.000743173641276254	0.6815329550611268	-2.864020309436021	2.5095653243751537	430
1	MDD	248	0.9987500000000002	0.2388420696613497	-0.6685442477975654	-0.000743173641276254	0.6815329550611268	-2.864020309436021	2.5095653243751537	430
1	MDD	249	1.0200000000000005	0.23614271841053536	-0.6685442477975654	-0.000743173641276254	0.6815329550611268	-2.864020309436021	2.5095653243751537	430
1	MDD	250	1.0412500000000007	0.2334302093222718	-0.6685442477975654	-0.000743173641276254	0.6815329550611268	-2.864020309436021	2.5095653243751537	430
1	MDD	251	1.0625	0.23068652916698745	-0.6685442477975654	-0.000743173641276254	0.6815329550611268	-2.864020309436021	2.5095653243751537	430
1	MDD	252	1.0837500000000002	0.22789435654388962	-0.6685442477975654	-0.000743173641276254	0.6815329550611268	-2.864020309436021	2.5095653243751537	430
1	MDD	253	1.1050000000000004	0.22503743233974866	-0.6685442477975654	-0.000743173641276254	0.6815329550611268	-2.864020309436021	2.5095653243751537	430
1	MDD	254	1.1262500000000006	0.22210089538275019	-0.6685442477975654	-0.000743173641276254	0.6815329550611268	-2.864020309436021	2.5095653243751537	430
1	MDD	255	1.1475	0.21907157445932582	-0.6685442477975654	-0.000743173641276254	0.6815329550611268	-2.864020309436021	2.5095653243751537	430
1	MDD	256	1.1687500000000002	0.21593822956925235	-0.6685442477975654	-0.000743173641276254	0.6815329550611268	-2.864020309436021	2.5095653243751537	430
1	MDD	257	1.1900000000000004	0.21269173726085777	-0.6685442477975654	-0.000743173641276254	0.6815329550611268	-2.864020309436021	2.5095653243751537	430
1	MDD	258	1.2112500000000006	0.20932521701709927	-0.6685442477975654	-0.000743173641276254	0.6815329550611268	-2.864020309436021	2.5095653243751537	430
1	MDD	259	1.2325000000000008	0.20583409785072512	-0.6685442477975654	-0.000743173641276254	0.6815329550611268	-2.864020309436021	2.5095653243751537	430
1	MDD	260	1.2537500000000001	0.2022161264078634	-0.6685442477975654	-0.000743173641276254	0.6815329550611268	-2.864020309436021	2.5095653243751537	430
1	MDD	261	1.2750000000000004	0.19847131987460787	-0.6685442477975654	-0.000743173641276254	0.6815329550611268	-2.864020309436021	2.5095653243751537	430
1	MDD	262	1.2962500000000006	0.19460186874180166	-0.6685442477975654	-0.000743173641276254	0.6815329550611268	-2.864020309436021	2.5095653243751537	430
1	MDD	263	1.3175000000000008	0.19061199593633554	-0.6685442477975654	-0.000743173641276254	0.6815329550611268	-2.864020309436021	2.5095653243751537	430
1	MDD	264	1.33875	0.18650777991929024	-0.6685442477975654	-0.000743173641276254	0.6815329550611268	-2.864020309436021	2.5095653243751537	430
1	MDD	265	1.3600000000000003	0.18229695005033567	-0.6685442477975654	-0.000743173641276254	0.6815329550611268	-2.864020309436021	2.5095653243751537	430
1	MDD	266	1.3812500000000005	0.17798866281455614	-0.6685442477975654	-0.000743173641276254	0.6815329550611268	-2.864020309436021	2.5095653243751537	430
1	MDD	267	1.4025000000000007	0.173593267414733	-0.6685442477975654	-0.000743173641276254	0.6815329550611268	-2.864020309436021	2.5095653243751537	430
1	MDD	268	1.42375	0.16912206878139927	-0.6685442477975654	-0.000743173641276254	0.6815329550611268	-2.864020309436021	2.5095653243751537	430
1	MDD	269	1.4450000000000003	0.16458709529360985	-0.6685442477975654	-0.000743173641276254	0.6815329550611268	-2.864020309436021	2.5095653243751537	430
1	MDD	270	1.4662500000000005	0.16000087749705486	-0.6685442477975654	-0.000743173641276254	0.6815329550611268	-2.864020309436021	2.5095653243751537	430
1	MDD	271	1.4875000000000007	0.15537624292275515	-0.6685442477975654	-0.000743173641276254	0.6815329550611268	-2.864020309436021	2.5095653243751537	430
1	MDD	272	1.50875	0.15072613082256217	-0.6685442477975654	-0.000743173641276254	0.6815329550611268	-2.864020309436021	2.5095653243751537	430
1	MDD	273	1.5300000000000002	0.14606342931951652	-0.6685442477975654	-0.000743173641276254	0.6815329550611268	-2.864020309436021	2.5095653243751537	430
1	MDD	274	1.5512500000000005	0.1414008361892673	-0.6685442477975654	-0.000743173641276254	0.6815329550611268	-2.864020309436021	2.5095653243751537	430
1	MDD	275	1.5725000000000007	0.13675074330231232	-0.6685442477975654	-0.000743173641276254	0.6815329550611268	-2.864020309436021	2.5095653243751537	430
1	MDD	276	1.59375	0.13212514371404568	-0.6685442477975654	-0.000743173641276254	0.6815329550611268	-2.864020309436021	2.5095653243751537	430
1	MDD	277	1.6150000000000002	0.12753555952629375	-0.6685442477975654	-0.000743173641276254	0.6815329550611268	-2.864020309436021	2.5095653243751537	430
1	MDD	278	1.6362500000000004	0.1229929879829683	-0.6685442477975654	-0.000743173641276254	0.6815329550611268	-2.864020309436021	2.5095653243751537	430
1	MDD	279	1.6575000000000006	0.11850786281363693	-0.6685442477975654	-0.000743173641276254	0.6815329550611268	-2.864020309436021	2.5095653243751537	430
1	MDD	280	1.6787500000000009	0.11409002760045794	-0.6685442477975654	-0.000743173641276254	0.6815329550611268	-2.864020309436021	2.5095653243751537	430
1	MDD	281	1.7000000000000002	0.1097487179040043	-0.6685442477975654	-0.000743173641276254	0.6815329550611268	-2.864020309436021	2.5095653243751537	430
1	MDD	282	1.7212500000000004	0.10549254902183901	-0.6685442477975654	-0.000743173641276254	0.6815329550611268	-2.864020309436021	2.5095653243751537	430
1	MDD	283	1.7425000000000006	0.10132950654401364	-0.6685442477975654	-0.000743173641276254	0.6815329550611268	-2.864020309436021	2.5095653243751537	430
1	MDD	284	1.7637500000000008	0.09726693728174361	-0.6685442477975654	-0.000743173641276254	0.6815329550611268	-2.864020309436021	2.5095653243751537	430
1	MDD	285	1.7850000000000001	0.09331153864737773	-0.6685442477975654	-0.000743173641276254	0.6815329550611268	-2.864020309436021	2.5095653243751537	430
1	MDD	286	1.8062500000000004	0.0894693451232409	-0.6685442477975654	-0.000743173641276254	0.6815329550611268	-2.864020309436021	2.5095653243751537	430
1	MDD	287	1.8275000000000006	0.08574571104321825	-0.6685442477975654	-0.000743173641276254	0.6815329550611268	-2.864020309436021	2.5095653243751537	430
1	MDD	288	1.8487500000000008	0.08214528949563434	-0.6685442477975654	-0.000743173641276254	0.6815329550611268	-2.864020309436021	2.5095653243751537	430
1	MDD	289	1.87	0.07867200771377554	-0.6685442477975654	-0.000743173641276254	0.6815329550611268	-2.864020309436021	2.5095653243751537	430
1	MDD	290	1.8912500000000003	0.07532903982951392	-0.6685442477975654	-0.000743173641276254	0.6815329550611268	-2.864020309436021	2.5095653243751537	430
1	MDD	291	1.9125000000000005	0.07211877830775279	-0.6685442477975654	-0.000743173641276254	0.6815329550611268	-2.864020309436021	2.5095653243751537	430
1	MDD	292	1.9337500000000007	0.069042805740312	-0.6685442477975654	-0.000743173641276254	0.6815329550611268	-2.864020309436021	2.5095653243751537	430
1	MDD	293	1.955	0.06610186894635106	-0.6685442477975654	-0.000743173641276254	0.6815329550611268	-2.864020309436021	2.5095653243751537	430
1	MDD	294	1.9762500000000003	0.06329585749476492	-0.6685442477975654	-0.000743173641276254	0.6815329550611268	-2.864020309436021	2.5095653243751537	430
1	MDD	295	1.9975000000000005	0.060623788827646505	-0.6685442477975654	-0.000743173641276254	0.6815329550611268	-2.864020309436021	2.5095653243751537	430
1	MDD	296	2.0187500000000007	0.058083802121426234	-0.6685442477975654	-0.000743173641276254	0.6815329550611268	-2.864020309436021	2.5095653243751537	430
1	MDD	297	2.04	0.05567316287530517	-0.6685442477975654	-0.000743173641276254	0.6815329550611268	-2.864020309436021	2.5095653243751537	430
1	MDD	298	2.0612500000000002	0.05338827996975822	-0.6685442477975654	-0.000743173641276254	0.6815329550611268	-2.864020309436021	2.5095653243751537	430
1	MDD	299	2.0825000000000005	0.051224736599037354	-0.6685442477975654	-0.000743173641276254	0.6815329550611268	-2.864020309436021	2.5095653243751537	430
1	MDD	300	2.1037500000000007	0.04917733606167247	-0.6685442477975654	-0.000743173641276254	0.6815329550611268	-2.864020309436021	2.5095653243751537	430
1	MDD	301	2.125000000000001	0.047240162906007244	-0.6685442477975654	-0.000743173641276254	0.6815329550611268	-2.864020309436021	2.5095653243751537	430
1	MDD	302	2.14625	0.04540665939074588	-0.6685442477975654	-0.000743173641276254	0.6815329550611268	-2.864020309436021	2.5095653243751537	430
1	MDD	303	2.1675000000000004	0.04366971665288074	-0.6685442477975654	-0.000743173641276254	0.6815329550611268	-2.864020309436021	2.5095653243751537	430
1	MDD	304	2.1887500000000006	0.04202177939886864	-0.6685442477975654	-0.000743173641276254	0.6815329550611268	-2.864020309436021	2.5095653243751537	430
1	MDD	305	2.210000000000001	0.04045496237258387	-0.6685442477975654	-0.000743173641276254	0.6815329550611268	-2.864020309436021	2.5095653243751537	430
1	MDD	306	2.23125	0.038961176329063894	-0.6685442477975654	-0.000743173641276254	0.6815329550611268	-2.864020309436021	2.5095653243751537	430
1	MDD	307	2.2525000000000004	0.0375322607795999	-0.6685442477975654	-0.000743173641276254	0.6815329550611268	-2.864020309436021	2.5095653243751537	430
1	MDD	308	2.2737500000000006	0.03616012039308044	-0.6685442477975654	-0.000743173641276254	0.6815329550611268	-2.864020309436021	2.5095653243751537	430
1	MDD	309	2.295000000000001	0.03483686165983007	-0.6685442477975654	-0.000743173641276254	0.6815329550611268	-2.864020309436021	2.5095653243751537	430
1	MDD	310	2.31625	0.033554926263041226	-0.6685442477975654	-0.000743173641276254	0.6815329550611268	-2.864020309436021	2.5095653243751537	430
1	MDD	311	2.3375000000000004	0.03230721757021949	-0.6685442477975654	-0.000743173641276254	0.6815329550611268	-2.864020309436021	2.5095653243751537	430
1	MDD	312	2.3587500000000006	0.031087216758474784	-0.6685442477975654	-0.000743173641276254	0.6815329550611268	-2.864020309436021	2.5095653243751537	430
1	MDD	313	2.380000000000001	0.02988908532276871	-0.6685442477975654	-0.000743173641276254	0.6815329550611268	-2.864020309436021	2.5095653243751537	430
1	MDD	314	2.40125	0.028707751079110142	-0.6685442477975654	-0.000743173641276254	0.6815329550611268	-2.864020309436021	2.5095653243751537	430
1	MDD	315	2.4225000000000003	0.027538975252954505	-0.6685442477975654	-0.000743173641276254	0.6815329550611268	-2.864020309436021	2.5095653243751537	430
1	MDD	316	2.4437500000000005	0.026379398818994152	-0.6685442477975654	-0.000743173641276254	0.6815329550611268	-2.864020309436021	2.5095653243751537	430
1	MDD	317	2.4650000000000007	0.02522656690964737	-0.6685442477975654	-0.000743173641276254	0.6815329550611268	-2.864020309436021	2.5095653243751537	430
1	MDD	318	2.48625	0.024078930809658748	-0.6685442477975654	-0.000743173641276254	0.6815329550611268	-2.864020309436021	2.5095653243751537	430
1	MDD	319	2.5075000000000003	0.02293582777462523	-0.6685442477975654	-0.000743173641276254	0.6815329550611268	-2.864020309436021	2.5095653243751537	430
1	MDD	320	2.5287500000000005	0.021797439622198576	-0.6685442477975654	-0.000743173641276254	0.6815329550611268	-2.864020309436021	2.5095653243751537	430
1	MDD	321	2.5500000000000007	0.02066473171681842	-0.6685442477975654	-0.000743173641276254	0.6815329550611268	-2.864020309436021	2.5095653243751537	430
1	MDD	322	2.571250000000001	0.019539374574599446	-0.6685442477975654	-0.000743173641276254	0.6815329550611268	-2.864020309436021	2.5095653243751537	430
1	MDD	323	2.5925000000000002	0.018423650830137757	-0.6685442477975654	-0.000743173641276254	0.6815329550611268	-2.864020309436021	2.5095653243751537	430
1	MDD	324	2.6137500000000005	0.01732035071164005	-0.6685442477975654	-0.000743173641276254	0.6815329550611268	-2.864020309436021	2.5095653243751537	430
1	MDD	325	2.6350000000000007	0.016232659450365786	-0.6685442477975654	-0.000743173641276254	0.6815329550611268	-2.864020309436021	2.5095653243751537	430
1	MDD	326	2.656250000000001	0.015164040196338527	-0.6685442477975654	-0.000743173641276254	0.6815329550611268	-2.864020309436021	2.5095653243751537	430
1	MDD	327	2.6775	0.01411811602234044	-0.6685442477975654	-0.000743173641276254	0.6815329550611268	-2.864020309436021	2.5095653243751537	430
1	MDD	328	2.6987500000000004	0.013098554476296221	-0.6685442477975654	-0.000743173641276254	0.6815329550611268	-2.864020309436021	2.5095653243751537	430
1	MDD	329	2.7200000000000006	0.01210895789809448	-0.6685442477975654	-0.000743173641276254	0.6815329550611268	-2.864020309436021	2.5095653243751537	430
1	MDD	330	2.741250000000001	0.011152762365670458	-0.6685442477975654	-0.000743173641276254	0.6815329550611268	-2.864020309436021	2.5095653243751537	430
1	MDD	331	2.7625	0.010233147696029295	-0.6685442477975654	-0.000743173641276254	0.6815329550611268	-2.864020309436021	2.5095653243751537	430
1	MDD	332	2.7837500000000004	0.009352960422166115	-0.6685442477975654	-0.000743173641276254	0.6815329550611268	-2.864020309436021	2.5095653243751537	430
1	MDD	333	2.8050000000000006	0.008514651120760304	-0.6685442477975654	-0.000743173641276254	0.6815329550611268	-2.864020309436021	2.5095653243751537	430
1	MDD	334	2.826250000000001	0.007720226902864802	-0.6685442477975654	-0.000743173641276254	0.6815329550611268	-2.864020309436021	2.5095653243751537	430
1	MDD	335	2.8475	0.006971219324678422	-0.6685442477975654	-0.000743173641276254	0.6815329550611268	-2.864020309436021	2.5095653243751537	430
1	MDD	336	2.8687500000000004	0.006268667450121135	-0.6685442477975654	-0.000743173641276254	0.6815329550611268	-2.864020309436021	2.5095653243751537	430
1	MDD	337	2.8900000000000006	0.005613115320755827	-0.6685442477975654	-0.000743173641276254	0.6815329550611268	-2.864020309436021	2.5095653243751537	430
1	MDD	338	2.911250000000001	0.005004622677419611	-0.6685442477975654	-0.000743173641276254	0.6815329550611268	-2.864020309436021	2.5095653243751537	430
1	MDD	339	2.9325	0.004442787443433594	-0.6685442477975654	-0.000743173641276254	0.6815329550611268	-2.864020309436021	2.5095653243751537	430
1	MDD	340	2.9537500000000003	0.003926778228731432	-0.6685442477975654	-0.000743173641276254	0.6815329550611268	-2.864020309436021	2.5095653243751537	430
1	MDD	341	2.9750000000000005	0.003455374950568063	-0.6685442477975654	-0.000743173641276254	0.6815329550611268	-2.864020309436021	2.5095653243751537	430
1	MDD	342	2.9962500000000007	0.0030270155883395603	-0.6685442477975654	-0.000743173641276254	0.6815329550611268	-2.864020309436021	2.5095653243751537	430
1	MDD	343	3.017500000000001	0.0026398470924281128	-0.6685442477975654	-0.000743173641276254	0.6815329550611268	-2.864020309436021	2.5095653243751537	430
1	MDD	344	3.0387500000000003	0.0022917785416947402	-0.6685442477975654	-0.000743173641276254	0.6815329550611268	-2.864020309436021	2.5095653243751537	430
1	MDD	345	3.0600000000000005	0.0019805347806620766	-0.6685442477975654	-0.000743173641276254	0.6815329550611268	-2.864020309436021	2.5095653243751537	430
1	MDD	346	3.0812500000000007	0.0017037089532805402	-0.6685442477975654	-0.000743173641276254	0.6815329550611268	-2.864020309436021	2.5095653243751537	430
1	MDD	347	3.102500000000001	0.001458812572295683	-0.6685442477975654	-0.000743173641276254	0.6815329550611268	-2.864020309436021	2.5095653243751537	430
1	MDD	348	3.1237500000000002	0.0012433220083446575	-0.6685442477975654	-0.000743173641276254	0.6815329550611268	-2.864020309436021	2.5095653243751537	430
1	MDD	349	3.1450000000000005	0.0010547205382520736	-0.6685442477975654	-0.000743173641276254	0.6815329550611268	-2.864020309436021	2.5095653243751537	430
1	MDD	350	3.1662500000000007	0.0008905353459233545	-0.6685442477975654	-0.000743173641276254	0.6815329550611268	-2.864020309436021	2.5095653243751537	430
1	MDD	351	3.187500000000001	0.0007483691116361246	-0.6685442477975654	-0.000743173641276254	0.6815329550611268	-2.864020309436021	2.5095653243751537	430
1	MDD	352	3.20875	0.0006259260481400893	-0.6685442477975654	-0.000743173641276254	0.6815329550611268	-2.864020309436021	2.5095653243751537	430
1	MDD	353	3.2300000000000004	0.0005210324385264793	-0.6685442477975654	-0.000743173641276254	0.6815329550611268	-2.864020309436021	2.5095653243751537	430
1	MDD	354	3.2512500000000006	0.000431651897092913	-0.6685442477975654	-0.000743173641276254	0.6815329550611268	-2.864020309436021	2.5095653243751537	430
1	MDD	355	3.272500000000001	0.000355895708138409	-0.6685442477975654	-0.000743173641276254	0.6815329550611268	-2.864020309436021	2.5095653243751537	430
1	MDD	356	3.29375	0.00029202869829369116	-0.6685442477975654	-0.000743173641276254	0.6815329550611268	-2.864020309436021	2.5095653243751537	430
1	MDD	357	3.3150000000000004	0.00023847116668275993	-0.6685442477975654	-0.000743173641276254	0.6815329550611268	-2.864020309436021	2.5095653243751537	430
1	MDD	358	3.3362500000000006	0.00019379743623807778	-0.6685442477975654	-0.000743173641276254	0.6815329550611268	-2.864020309436021	2.5095653243751537	430
1	MDD	359	3.357500000000001	0.00015673160211190102	-0.6685442477975654	-0.000743173641276254	0.6815329550611268	-2.864020309436021	2.5095653243751537	430
1	MDD	360	3.37875	0.00012614104323245727	-0.6685442477975654	-0.000743173641276254	0.6815329550611268	-2.864020309436021	2.5095653243751537	430
1	MDD	361	3.4000000000000004	0.00010102823487609875	-0.6685442477975654	-0.000743173641276254	0.6815329550611268	-2.864020309436021	2.5095653243751537	430
1	MDD	362	3.4212500000000006	8.052135797215117e-05	-0.6685442477975654	-0.000743173641276254	0.6815329550611268	-2.864020309436021	2.5095653243751537	430
1	MDD	363	3.442500000000001	6.386414888695964e-05	-0.6685442477975654	-0.000743173641276254	0.6815329550611268	-2.864020309436021	2.5095653243751537	430
1	MDD	364	3.463750000000001	5.0405375487930126e-05	-0.6685442477975654	-0.000743173641276254	0.6815329550611268	-2.864020309436021	2.5095653243751537	430
1	MDD	365	3.4850000000000003	3.958826476003354e-05	-0.6685442477975654	-0.000743173641276254	0.6815329550611268	-2.864020309436021	2.5095653243751537	430
1	MDD	366	3.5062500000000005	3.0940147001995766e-05	-0.6685442477975654	-0.000743173641276254	0.6815329550611268	-2.864020309436021	2.5095653243751537	430
1	MDD	367	3.5275000000000007	2.406252396839064e-05	-0.6685442477975654	-0.000743173641276254	0.6815329550611268	-2.864020309436021	2.5095653243751537	430
1	MDD	368	3.548750000000001	1.862171498344579e-05	-0.6685442477975654	-0.000743173641276254	0.6815329550611268	-2.864020309436021	2.5095653243751537	430
1	MDD	369	3.5700000000000003	1.4340187233266853e-05	-0.6685442477975654	-0.000743173641276254	0.6815329550611268	-2.864020309436021	2.5095653243751537	430
1	MDD	370	3.5912500000000005	1.0988634861556952e-05	-0.6685442477975654	-0.000743173641276254	0.6815329550611268	-2.864020309436021	2.5095653243751537	430
1	MDD	371	3.6125000000000007	8.378836447619669e-06	-0.6685442477975654	-0.000743173641276254	0.6815329550611268	-2.864020309436021	2.5095653243751537	430
1	MDD	372	3.633750000000001	6.3572918878099405e-06	-0.6685442477975654	-0.000743173641276254	0.6815329550611268	-2.864020309436021	2.5095653243751537	430
1	MDD	373	3.6550000000000002	4.799617317697637e-06	-0.6685442477975654	-0.000743173641276254	0.6815329550611268	-2.864020309436021	2.5095653243751537	430
1	MDD	374	3.6762500000000005	3.605659992201128e-06	-0.6685442477975654	-0.000743173641276254	0.6815329550611268	-2.864020309436021	2.5095653243751537	430
1	MDD	375	3.6975000000000007	2.695283347586935e-06	-0.6685442477975654	-0.000743173641276254	0.6815329550611268	-2.864020309436021	2.5095653243751537	430
1	MDD	376	3.718750000000001	2.0047650965771046e-06	-0.6685442477975654	-0.000743173641276254	0.6815329550611268	-2.864020309436021	2.5095653243751537	430
1	MDD	377	3.74	1.483747430200144e-06	-0.6685442477975654	-0.000743173641276254	0.6815329550611268	-2.864020309436021	2.5095653243751537	430
1	MDD	378	3.7612500000000004	1.0926775106056979e-06	-0.6685442477975654	-0.000743173641276254	0.6815329550611268	-2.864020309436021	2.5095653243751537	430
1	MDD	379	3.7825000000000006	8.006777783256393e-07	-0.6685442477975654	-0.000743173641276254	0.6815329550611268	-2.864020309436021	2.5095653243751537	430
1	MDD	380	3.803750000000001	5.837885724550595e-07	-0.6685442477975654	-0.000743173641276254	0.6815329550611268	-2.864020309436021	2.5095653243751537	430
1	MDD	381	3.825000000000001	4.235296577626071e-07	-0.6685442477975654	-0.000743173641276254	0.6815329550611268	-2.864020309436021	2.5095653243751537	430
1	MDD	382	3.8462500000000013	3.0573203584789146e-07	-0.6685442477975654	-0.000743173641276254	0.6815329550611268	-2.864020309436021	2.5095653243751537	430
1	MDD	383	3.8674999999999997	2.1959653658024212e-07	-0.6685442477975654	-0.000743173641276254	0.6815329550611268	-2.864020309436021	2.5095653243751537	430
1	MDD	384	3.88875	1.5694086629794587e-07	-0.6685442477975654	-0.000743173641276254	0.6815329550611268	-2.864020309436021	2.5095653243751537	430
1	MDD	385	3.91	1.116018250732915e-07	-0.6685442477975654	-0.000743173641276254	0.6815329550611268	-2.864020309436021	2.5095653243751537	430
1	MDD	386	3.9312500000000004	7.896415163646047e-08	-0.6685442477975654	-0.000743173641276254	0.6815329550611268	-2.864020309436021	2.5095653243751537	430
1	MDD	387	3.9525000000000006	5.55918170518981e-08	-0.6685442477975654	-0.000743173641276254	0.6815329550611268	-2.864020309436021	2.5095653243751537	430
1	MDD	388	3.973750000000001	3.894151405541486e-08	-0.6685442477975654	-0.000743173641276254	0.6815329550611268	-2.864020309436021	2.5095653243751537	430
1	MDD	389	3.995000000000001	2.7141557571292823e-08	-0.6685442477975654	-0.000743173641276254	0.6815329550611268	-2.864020309436021	2.5095653243751537	430
1	MDD	390	4.016250000000001	1.8822427104302517e-08	-0.6685442477975654	-0.000743173641276254	0.6815329550611268	-2.864020309436021	2.5095653243751537	430
1	MDD	391	4.037500000000001	1.2987764475326277e-08	-0.6685442477975654	-0.000743173641276254	0.6815329550611268	-2.864020309436021	2.5095653243751537	430
1	MDD	392	4.05875	8.916823162918017e-09	-0.6685442477975654	-0.000743173641276254	0.6815329550611268	-2.864020309436021	2.5095653243751537	430
1	MDD	393	4.08	6.091187391818545e-09	-0.6685442477975654	-0.000743173641276254	0.6815329550611268	-2.864020309436021	2.5095653243751537	430
1	MDD	394	4.10125	4.1400820950147345e-09	-0.6685442477975654	-0.000743173641276254	0.6815329550611268	-2.864020309436021	2.5095653243751537	430
1	MDD	395	4.1225000000000005	2.7998212031151758e-09	-0.6685442477975654	-0.000743173641276254	0.6815329550611268	-2.864020309436021	2.5095653243751537	430
1	MDD	396	4.143750000000001	1.8839318968978245e-09	-0.6685442477975654	-0.000743173641276254	0.6815329550611268	-2.864020309436021	2.5095653243751537	430
1	MDD	397	4.165000000000001	1.2612840213338342e-09	-0.6685442477975654	-0.000743173641276254	0.6815329550611268	-2.864020309436021	2.5095653243751537	430
1	MDD	398	4.186250000000001	8.401806056614681e-10	-0.6685442477975654	-0.000743173641276254	0.6815329550611268	-2.864020309436021	2.5095653243751537	430
1	MDD	399	4.207500000000001	5.56857118162196e-10	-0.6685442477975654	-0.000743173641276254	0.6815329550611268	-2.864020309436021	2.5095653243751537	430
1	MDD	400	4.22875	3.6721938082987405e-10	-0.6685442477975654	-0.000743173641276254	0.6815329550611268	-2.864020309436021	2.5095653243751537	430
1	MDD	401	4.25	2.4094474896763844e-10	-0.6685442477975654	-0.000743173641276254	0.6815329550611268	-2.864020309436021	2.5095653243751537	430
2	ANX	1	-4.25	9.553239403188772e-07	-0.6460250519867388	0.015247020556894735	0.6757690680655071	-3.0393549387391787	2.738837931063641	430
2	ANX	2	-4.22875	1.2807949602029523e-06	-0.6460250519867388	0.015247020556894735	0.6757690680655071	-3.0393549387391787	2.738837931063641	430
2	ANX	3	-4.2075	1.7086099578102578e-06	-0.6460250519867388	0.015247020556894735	0.6757690680655071	-3.0393549387391787	2.738837931063641	430
2	ANX	4	-4.18625	2.2679955876022437e-06	-0.6460250519867388	0.015247020556894735	0.6757690680655071	-3.0393549387391787	2.738837931063641	430
2	ANX	5	-4.165	2.9955673391498816e-06	-0.6460250519867388	0.015247020556894735	0.6757690680655071	-3.0393549387391787	2.738837931063641	430
2	ANX	6	-4.14375	3.9369085879976255e-06	-0.6460250519867388	0.015247020556894735	0.6757690680655071	-3.0393549387391787	2.738837931063641	430
2	ANX	7	-4.1225	5.1484060550730474e-06	-0.6460250519867388	0.015247020556894735	0.6757690680655071	-3.0393549387391787	2.738837931063641	430
2	ANX	8	-4.10125	6.69936186368877e-06	-0.6460250519867388	0.015247020556894735	0.6757690680655071	-3.0393549387391787	2.738837931063641	430
2	ANX	9	-4.08	8.6743981067236e-06	-0.6460250519867388	0.015247020556894735	0.6757690680655071	-3.0393549387391787	2.738837931063641	430
2	ANX	10	-4.05875	1.1176163600238934e-05	-0.6460250519867388	0.015247020556894735	0.6757690680655071	-3.0393549387391787	2.738837931063641	430
2	ANX	11	-4.0375	1.4328344036641775e-05	-0.6460250519867388	0.015247020556894735	0.6757690680655071	-3.0393549387391787	2.738837931063641	430
2	ANX	12	-4.01625	1.827896584039076e-05	-0.6460250519867388	0.015247020556894735	0.6757690680655071	-3.0393549387391787	2.738837931063641	430
2	ANX	13	-3.995	2.3203970526428085e-05	-0.6460250519867388	0.015247020556894735	0.6757690680655071	-3.0393549387391787	2.738837931063641	430
2	ANX	14	-3.97375	2.9311020225268926e-05	-0.6460250519867388	0.015247020556894735	0.6757690680655071	-3.0393549387391787	2.738837931063641	430
2	ANX	15	-3.9525	3.6843476365588556e-05	-0.6460250519867388	0.015247020556894735	0.6757690680655071	-3.0393549387391787	2.738837931063641	430
2	ANX	16	-3.93125	4.6084472561121034e-05	-0.6460250519867388	0.015247020556894735	0.6757690680655071	-3.0393549387391787	2.738837931063641	430
2	ANX	17	-3.91	5.7360979998315144e-05	-0.6460250519867388	0.015247020556894735	0.6757690680655071	-3.0393549387391787	2.738837931063641	430
2	ANX	18	-3.88875	7.104773975158986e-05	-0.6460250519867388	0.015247020556894735	0.6757690680655071	-3.0393549387391787	2.738837931063641	430
2	ANX	19	-3.8675	8.757091238872297e-05	-0.6460250519867388	0.015247020556894735	0.6757690680655071	-3.0393549387391787	2.738837931063641	430
2	ANX	20	-3.84625	0.00010741127213486083	-0.6460250519867388	0.015247020556894735	0.6757690680655071	-3.0393549387391787	2.738837931063641	430
2	ANX	21	-3.825	0.0001311067521323956	-0.6460250519867388	0.015247020556894735	0.6757690680655071	-3.0393549387391787	2.738837931063641	430
2	ANX	22	-3.80375	0.00015925413055490405	-0.6460250519867388	0.015247020556894735	0.6757690680655071	-3.0393549387391787	2.738837931063641	430
2	ANX	23	-3.7824999999999998	0.00019250963624073487	-0.6460250519867388	0.015247020556894735	0.6757690680655071	-3.0393549387391787	2.738837931063641	430
2	ANX	24	-3.76125	0.0002315882489118537	-0.6460250519867388	0.015247020556894735	0.6757690680655071	-3.0393549387391787	2.738837931063641	430
2	ANX	25	-3.74	0.0002772614747191316	-0.6460250519867388	0.015247020556894735	0.6757690680655071	-3.0393549387391787	2.738837931063641	430
2	ANX	26	-3.71875	0.0003303533944522735	-0.6460250519867388	0.015247020556894735	0.6757690680655071	-3.0393549387391787	2.738837931063641	430
2	ANX	27	-3.6975	0.00039173481065007823	-0.6460250519867388	0.015247020556894735	0.6757690680655071	-3.0393549387391787	2.738837931063641	430
2	ANX	28	-3.67625	0.0004623153620179937	-0.6460250519867388	0.015247020556894735	0.6757690680655071	-3.0393549387391787	2.738837931063641	430
2	ANX	29	-3.655	0.0005430335294323931	-0.6460250519867388	0.015247020556894735	0.6757690680655071	-3.0393549387391787	2.738837931063641	430
2	ANX	30	-3.63375	0.0006348445271338247	-0.6460250519867388	0.015247020556894735	0.6757690680655071	-3.0393549387391787	2.738837931063641	430
2	ANX	31	-3.6125	0.0007387061544438283	-0.6460250519867388	0.015247020556894735	0.6757690680655071	-3.0393549387391787	2.738837931063641	430
2	ANX	32	-3.59125	0.0008555627755681402	-0.6460250519867388	0.015247020556894735	0.6757690680655071	-3.0393549387391787	2.738837931063641	430
2	ANX	33	-3.57	0.000986327694949557	-0.6460250519867388	0.015247020556894735	0.6757690680655071	-3.0393549387391787	2.738837931063641	430
2	ANX	34	-3.54875	0.00113186429948413	-0.6460250519867388	0.015247020556894735	0.6757690680655071	-3.0393549387391787	2.738837931063641	430
2	ANX	35	-3.5275	0.001292966442170862	-0.6460250519867388	0.015247020556894735	0.6757690680655071	-3.0393549387391787	2.738837931063641	430
2	ANX	36	-3.50625	0.00147033863919938	-0.6460250519867388	0.015247020556894735	0.6757690680655071	-3.0393549387391787	2.738837931063641	430
2	ANX	37	-3.485	0.0016645767383885312	-0.6460250519867388	0.015247020556894735	0.6757690680655071	-3.0393549387391787	2.738837931063641	430
2	ANX	38	-3.46375	0.0018761497853572015	-0.6460250519867388	0.015247020556894735	0.6757690680655071	-3.0393549387391787	2.738837931063641	430
2	ANX	39	-3.4425	0.002105383859035945	-0.6460250519867388	0.015247020556894735	0.6757690680655071	-3.0393549387391787	2.738837931063641	430
2	ANX	40	-3.4212499999999997	0.002352448664780218	-0.6460250519867388	0.015247020556894735	0.6757690680655071	-3.0393549387391787	2.738837931063641	430
2	ANX	41	-3.4	0.002617347656936564	-0.6460250519867388	0.015247020556894735	0.6757690680655071	-3.0393549387391787	2.738837931063641	430
2	ANX	42	-3.37875	0.002899912409967727	-0.6460250519867388	0.015247020556894735	0.6757690680655071	-3.0393549387391787	2.738837931063641	430
2	ANX	43	-3.3575	0.0031998018664431377	-0.6460250519867388	0.015247020556894735	0.6757690680655071	-3.0393549387391787	2.738837931063641	430
2	ANX	44	-3.3362499999999997	0.00351650696146059	-0.6460250519867388	0.015247020556894735	0.6757690680655071	-3.0393549387391787	2.738837931063641	430
2	ANX	45	-3.315	0.003849360958527219	-0.6460250519867388	0.015247020556894735	0.6757690680655071	-3.0393549387391787	2.738837931063641	430
2	ANX	46	-3.29375	0.004197555635855172	-0.6460250519867388	0.015247020556894735	0.6757690680655071	-3.0393549387391787	2.738837931063641	430
2	ANX	47	-3.2725	0.0045601632407694945	-0.6460250519867388	0.015247020556894735	0.6757690680655071	-3.0393549387391787	2.738837931063641	430
2	ANX	48	-3.2512499999999998	0.004936163891753517	-0.6460250519867388	0.015247020556894735	0.6757690680655071	-3.0393549387391787	2.738837931063641	430
2	ANX	49	-3.23	0.00532447786246638	-0.6460250519867388	0.015247020556894735	0.6757690680655071	-3.0393549387391787	2.738837931063641	430
2	ANX	50	-3.20875	0.005724001940958015	-0.6460250519867388	0.015247020556894735	0.6757690680655071	-3.0393549387391787	2.738837931063641	430
2	ANX	51	-3.1875	0.006133648832056387	-0.6460250519867388	0.015247020556894735	0.6757690680655071	-3.0393549387391787	2.738837931063641	430
2	ANX	52	-3.16625	0.006552388373361428	-0.6460250519867388	0.015247020556894735	0.6757690680655071	-3.0393549387391787	2.738837931063641	430
2	ANX	53	-3.145	0.006979289176726099	-0.6460250519867388	0.015247020556894735	0.6757690680655071	-3.0393549387391787	2.738837931063641	430
2	ANX	54	-3.1237500000000002	0.007413559197585781	-0.6460250519867388	0.015247020556894735	0.6757690680655071	-3.0393549387391787	2.738837931063641	430
2	ANX	55	-3.1025	0.007854583682217165	-0.6460250519867388	0.015247020556894735	0.6757690680655071	-3.0393549387391787	2.738837931063641	430
2	ANX	56	-3.08125	0.00830195895378765	-0.6460250519867388	0.015247020556894735	0.6757690680655071	-3.0393549387391787	2.738837931063641	430
2	ANX	57	-3.0599999999999996	0.008755520574906368	-0.6460250519867388	0.015247020556894735	0.6757690680655071	-3.0393549387391787	2.738837931063641	430
2	ANX	58	-3.03875	0.009215364567227637	-0.6460250519867388	0.015247020556894735	0.6757690680655071	-3.0393549387391787	2.738837931063641	430
2	ANX	59	-3.0175	0.00968186057419913	-0.6460250519867388	0.015247020556894735	0.6757690680655071	-3.0393549387391787	2.738837931063641	430
2	ANX	60	-2.99625	0.010155656114847643	-0.6460250519867388	0.015247020556894735	0.6757690680655071	-3.0393549387391787	2.738837931063641	430
2	ANX	61	-2.9749999999999996	0.010637671385198142	-0.6460250519867388	0.015247020556894735	0.6757690680655071	-3.0393549387391787	2.738837931063641	430
2	ANX	62	-2.95375	0.01112908440764142	-0.6460250519867388	0.015247020556894735	0.6757690680655071	-3.0393549387391787	2.738837931063641	430
2	ANX	63	-2.9325	0.011631306693427206	-0.6460250519867388	0.015247020556894735	0.6757690680655071	-3.0393549387391787	2.738837931063641	430
2	ANX	64	-2.91125	0.012145949954241779	-0.6460250519867388	0.015247020556894735	0.6757690680655071	-3.0393549387391787	2.738837931063641	430
2	ANX	65	-2.8899999999999997	0.012674784759679873	-0.6460250519867388	0.015247020556894735	0.6757690680655071	-3.0393549387391787	2.738837931063641	430
2	ANX	66	-2.86875	0.013219692372613202	-0.6460250519867388	0.015247020556894735	0.6757690680655071	-3.0393549387391787	2.738837931063641	430
2	ANX	67	-2.8475	0.013782611289131557	-0.6460250519867388	0.015247020556894735	0.6757690680655071	-3.0393549387391787	2.738837931063641	430
2	ANX	68	-2.82625	0.014365480250607352	-0.6460250519867388	0.015247020556894735	0.6757690680655071	-3.0393549387391787	2.738837931063641	430
2	ANX	69	-2.8049999999999997	0.014970179671429227	-0.6460250519867388	0.015247020556894735	0.6757690680655071	-3.0393549387391787	2.738837931063641	430
2	ANX	70	-2.78375	0.015598473528717433	-0.6460250519867388	0.015247020556894735	0.6757690680655071	-3.0393549387391787	2.738837931063641	430
2	ANX	71	-2.7625	0.016251953784654664	-0.6460250519867388	0.015247020556894735	0.6757690680655071	-3.0393549387391787	2.738837931063641	430
2	ANX	72	-2.74125	0.01693198935611483	-0.6460250519867388	0.015247020556894735	0.6757690680655071	-3.0393549387391787	2.738837931063641	430
2	ANX	73	-2.7199999999999998	0.017639681511726926	-0.6460250519867388	0.015247020556894735	0.6757690680655071	-3.0393549387391787	2.738837931063641	430
2	ANX	74	-2.69875	0.01837582736851419	-0.6460250519867388	0.015247020556894735	0.6757690680655071	-3.0393549387391787	2.738837931063641	430
2	ANX	75	-2.6775	0.01914089288722042	-0.6460250519867388	0.015247020556894735	0.6757690680655071	-3.0393549387391787	2.738837931063641	430
2	ANX	76	-2.65625	0.01993499643873241	-0.6460250519867388	0.015247020556894735	0.6757690680655071	-3.0393549387391787	2.738837931063641	430
2	ANX	77	-2.635	0.02075790364746655	-0.6460250519867388	0.015247020556894735	0.6757690680655071	-3.0393549387391787	2.738837931063641	430
2	ANX	78	-2.6137499999999996	0.021609033826923047	-0.6460250519867388	0.015247020556894735	0.6757690680655071	-3.0393549387391787	2.738837931063641	430
2	ANX	79	-2.5925	0.022487477924727578	-0.6460250519867388	0.015247020556894735	0.6757690680655071	-3.0393549387391787	2.738837931063641	430
2	ANX	80	-2.57125	0.023392027506701107	-0.6460250519867388	0.015247020556894735	0.6757690680655071	-3.0393549387391787	2.738837931063641	430
2	ANX	81	-2.55	0.024321213948727827	-0.6460250519867388	0.015247020556894735	0.6757690680655071	-3.0393549387391787	2.738837931063641	430
2	ANX	82	-2.5287499999999996	0.02527335668707676	-0.6460250519867388	0.015247020556894735	0.6757690680655071	-3.0393549387391787	2.738837931063641	430
2	ANX	83	-2.5075	0.0262466191159276	-0.6460250519867388	0.015247020556894735	0.6757690680655071	-3.0393549387391787	2.738837931063641	430
2	ANX	84	-2.48625	0.027239070525851335	-0.6460250519867388	0.015247020556894735	0.6757690680655071	-3.0393549387391787	2.738837931063641	430
2	ANX	85	-2.465	0.02824875235608546	-0.6460250519867388	0.015247020556894735	0.6757690680655071	-3.0393549387391787	2.738837931063641	430
2	ANX	86	-2.4437499999999996	0.02927374698978843	-0.6460250519867388	0.015247020556894735	0.6757690680655071	-3.0393549387391787	2.738837931063641	430
2	ANX	87	-2.4225	0.030312247353918558	-0.6460250519867388	0.015247020556894735	0.6757690680655071	-3.0393549387391787	2.738837931063641	430
2	ANX	88	-2.40125	0.031362625688444355	-0.6460250519867388	0.015247020556894735	0.6757690680655071	-3.0393549387391787	2.738837931063641	430
2	ANX	89	-2.38	0.032423500013590095	-0.6460250519867388	0.015247020556894735	0.6757690680655071	-3.0393549387391787	2.738837931063641	430
2	ANX	90	-2.3587499999999997	0.03349379703539399	-0.6460250519867388	0.015247020556894735	0.6757690680655071	-3.0393549387391787	2.738837931063641	430
2	ANX	91	-2.3375	0.0345728104727422	-0.6460250519867388	0.015247020556894735	0.6757690680655071	-3.0393549387391787	2.738837931063641	430
2	ANX	92	-2.31625	0.035660254045012815	-0.6460250519867388	0.015247020556894735	0.6757690680655071	-3.0393549387391787	2.738837931063641	430
2	ANX	93	-2.295	0.03675630860956861	-0.6460250519867388	0.015247020556894735	0.6757690680655071	-3.0393549387391787	2.738837931063641	430
2	ANX	94	-2.2737499999999997	0.03786166316412754	-0.6460250519867388	0.015247020556894735	0.6757690680655071	-3.0393549387391787	2.738837931063641	430
2	ANX	95	-2.2525	0.03897754961398157	-0.6460250519867388	0.015247020556894735	0.6757690680655071	-3.0393549387391787	2.738837931063641	430
2	ANX	96	-2.2312499999999997	0.04010577133469946	-0.6460250519867388	0.015247020556894735	0.6757690680655071	-3.0393549387391787	2.738837931063641	430
2	ANX	97	-2.21	0.04124872562819973	-0.6460250519867388	0.015247020556894735	0.6757690680655071	-3.0393549387391787	2.738837931063641	430
2	ANX	98	-2.1887499999999998	0.042409420169870565	-0.6460250519867388	0.015247020556894735	0.6757690680655071	-3.0393549387391787	2.738837931063641	430
2	ANX	99	-2.1675	0.04359148347834953	-0.6460250519867388	0.015247020556894735	0.6757690680655071	-3.0393549387391787	2.738837931063641	430
2	ANX	100	-2.1462499999999998	0.0447991693150314	-0.6460250519867388	0.015247020556894735	0.6757690680655071	-3.0393549387391787	2.738837931063641	430
2	ANX	101	-2.125	0.04603735475019993	-0.6460250519867388	0.015247020556894735	0.6757690680655071	-3.0393549387391787	2.738837931063641	430
2	ANX	102	-2.10375	0.047311531434490336	-0.6460250519867388	0.015247020556894735	0.6757690680655071	-3.0393549387391787	2.738837931063641	430
2	ANX	103	-2.0825	0.04862778940943641	-0.6460250519867388	0.015247020556894735	0.6757690680655071	-3.0393549387391787	2.738837931063641	430
2	ANX	104	-2.06125	0.049992792602604384	-0.6460250519867388	0.015247020556894735	0.6757690680655071	-3.0393549387391787	2.738837931063641	430
2	ANX	105	-2.04	0.05141374500524569	-0.6460250519867388	0.015247020556894735	0.6757690680655071	-3.0393549387391787	2.738837931063641	430
2	ANX	106	-2.01875	0.05289834644624312	-0.6460250519867388	0.015247020556894735	0.6757690680655071	-3.0393549387391787	2.738837931063641	430
2	ANX	107	-1.9975	0.05445473687503485	-0.6460250519867388	0.015247020556894735	0.6757690680655071	-3.0393549387391787	2.738837931063641	430
2	ANX	108	-1.9762499999999998	0.05609142816317221	-0.6460250519867388	0.015247020556894735	0.6757690680655071	-3.0393549387391787	2.738837931063641	430
2	ANX	109	-1.9549999999999996	0.05781722263810332	-0.6460250519867388	0.015247020556894735	0.6757690680655071	-3.0393549387391787	2.738837931063641	430
2	ANX	110	-1.9337499999999999	0.059641117875540654	-0.6460250519867388	0.015247020556894735	0.6757690680655071	-3.0393549387391787	2.738837931063641	430
2	ANX	111	-1.9124999999999996	0.0615721976926534	-0.6460250519867388	0.015247020556894735	0.6757690680655071	-3.0393549387391787	2.738837931063641	430
2	ANX	112	-1.8912499999999999	0.06361950979000311	-0.6460250519867388	0.015247020556894735	0.6757690680655071	-3.0393549387391787	2.738837931063641	430
2	ANX	113	-1.8699999999999997	0.06579193106524123	-0.6460250519867388	0.015247020556894735	0.6757690680655071	-3.0393549387391787	2.738837931063641	430
2	ANX	114	-1.84875	0.06809802223964563	-0.6460250519867388	0.015247020556894735	0.6757690680655071	-3.0393549387391787	2.738837931063641	430
2	ANX	115	-1.8274999999999997	0.07054587406857542	-0.6460250519867388	0.015247020556894735	0.6757690680655071	-3.0393549387391787	2.738837931063641	430
2	ANX	116	-1.80625	0.07314294801501921	-0.6460250519867388	0.015247020556894735	0.6757690680655071	-3.0393549387391787	2.738837931063641	430
2	ANX	117	-1.7849999999999997	0.0758959148170429	-0.6460250519867388	0.015247020556894735	0.6757690680655071	-3.0393549387391787	2.738837931063641	430
2	ANX	118	-1.76375	0.07881049484187398	-0.6460250519867388	0.015247020556894735	0.6757690680655071	-3.0393549387391787	2.738837931063641	430
2	ANX	119	-1.7424999999999997	0.08189130446181422	-0.6460250519867388	0.015247020556894735	0.6757690680655071	-3.0393549387391787	2.738837931063641	430
2	ANX	120	-1.72125	0.08514171288561048	-0.6460250519867388	0.015247020556894735	0.6757690680655071	-3.0393549387391787	2.738837931063641	430
2	ANX	121	-1.6999999999999997	0.08856371391565217	-0.6460250519867388	0.015247020556894735	0.6757690680655071	-3.0393549387391787	2.738837931063641	430
2	ANX	122	-1.67875	0.09215781696656065	-0.6460250519867388	0.015247020556894735	0.6757690680655071	-3.0393549387391787	2.738837931063641	430
2	ANX	123	-1.6574999999999998	0.09592296137309682	-0.6460250519867388	0.015247020556894735	0.6757690680655071	-3.0393549387391787	2.738837931063641	430
2	ANX	124	-1.63625	0.09985645754204144	-0.6460250519867388	0.015247020556894735	0.6757690680655071	-3.0393549387391787	2.738837931063641	430
2	ANX	125	-1.6149999999999998	0.10395395787910826	-0.6460250519867388	0.015247020556894735	0.6757690680655071	-3.0393549387391787	2.738837931063641	430
2	ANX	126	-1.59375	0.10820945967041438	-0.6460250519867388	0.015247020556894735	0.6757690680655071	-3.0393549387391787	2.738837931063641	430
2	ANX	127	-1.5724999999999998	0.11261534124669786	-0.6460250519867388	0.015247020556894735	0.6757690680655071	-3.0393549387391787	2.738837931063641	430
2	ANX	128	-1.55125	0.11716243183953386	-0.6460250519867388	0.015247020556894735	0.6757690680655071	-3.0393549387391787	2.738837931063641	430
2	ANX	129	-1.5299999999999998	0.1218401145867162	-0.6460250519867388	0.015247020556894735	0.6757690680655071	-3.0393549387391787	2.738837931063641	430
2	ANX	130	-1.5087499999999996	0.12663646119355754	-0.6460250519867388	0.015247020556894735	0.6757690680655071	-3.0393549387391787	2.738837931063641	430
2	ANX	131	-1.4874999999999998	0.13153839584162716	-0.6460250519867388	0.015247020556894735	0.6757690680655071	-3.0393549387391787	2.738837931063641	430
2	ANX	132	-1.4662499999999996	0.13653188508697134	-0.6460250519867388	0.015247020556894735	0.6757690680655071	-3.0393549387391787	2.738837931063641	430
2	ANX	133	-1.4449999999999998	0.14160214973275156	-0.6460250519867388	0.015247020556894735	0.6757690680655071	-3.0393549387391787	2.738837931063641	430
2	ANX	134	-1.4237499999999996	0.14673389401819614	-0.6460250519867388	0.015247020556894735	0.6757690680655071	-3.0393549387391787	2.738837931063641	430
2	ANX	135	-1.4024999999999999	0.15191154695332856	-0.6460250519867388	0.015247020556894735	0.6757690680655071	-3.0393549387391787	2.738837931063641	430
2	ANX	136	-1.3812499999999996	0.15711951025846668	-0.6460250519867388	0.015247020556894735	0.6757690680655071	-3.0393549387391787	2.738837931063641	430
2	ANX	137	-1.3599999999999999	0.16234240714548812	-0.6460250519867388	0.015247020556894735	0.6757690680655071	-3.0393549387391787	2.738837931063641	430
2	ANX	138	-1.3387499999999997	0.167565326106724	-0.6460250519867388	0.015247020556894735	0.6757690680655071	-3.0393549387391787	2.738837931063641	430
2	ANX	139	-1.3175	0.1727740539559554	-0.6460250519867388	0.015247020556894735	0.6757690680655071	-3.0393549387391787	2.738837931063641	430
2	ANX	140	-1.2962499999999997	0.1779552925906885	-0.6460250519867388	0.015247020556894735	0.6757690680655071	-3.0393549387391787	2.738837931063641	430
2	ANX	141	-1.275	0.18309685430995282	-0.6460250519867388	0.015247020556894735	0.6757690680655071	-3.0393549387391787	2.738837931063641	430
2	ANX	142	-1.2537499999999997	0.1881878310201812	-0.6460250519867388	0.015247020556894735	0.6757690680655071	-3.0393549387391787	2.738837931063641	430
2	ANX	143	-1.2325	0.1932187332848037	-0.6460250519867388	0.015247020556894735	0.6757690680655071	-3.0393549387391787	2.738837931063641	430
2	ANX	144	-1.2112499999999997	0.19818159591114876	-0.6460250519867388	0.015247020556894735	0.6757690680655071	-3.0393549387391787	2.738837931063641	430
2	ANX	145	-1.19	0.20307004760936678	-0.6460250519867388	0.015247020556894735	0.6757690680655071	-3.0393549387391787	2.738837931063641	430
2	ANX	146	-1.1687499999999997	0.2078793431882008	-0.6460250519867388	0.015247020556894735	0.6757690680655071	-3.0393549387391787	2.738837931063641	430
2	ANX	147	-1.1475	0.21260635775403153	-0.6460250519867388	0.015247020556894735	0.6757690680655071	-3.0393549387391787	2.738837931063641	430
2	ANX	148	-1.1262499999999998	0.21724954343129	-0.6460250519867388	0.015247020556894735	0.6757690680655071	-3.0393549387391787	2.738837931063641	430
2	ANX	149	-1.105	0.22180885019797372	-0.6460250519867388	0.015247020556894735	0.6757690680655071	-3.0393549387391787	2.738837931063641	430
2	ANX	150	-1.0837499999999998	0.2262856134987198	-0.6460250519867388	0.015247020556894735	0.6757690680655071	-3.0393549387391787	2.738837931063641	430
2	ANX	151	-1.0624999999999996	0.23068241232416423	-0.6460250519867388	0.015247020556894735	0.6757690680655071	-3.0393549387391787	2.738837931063641	430
2	ANX	152	-1.0412499999999998	0.23500290238983387	-0.6460250519867388	0.015247020556894735	0.6757690680655071	-3.0393549387391787	2.738837931063641	430
2	ANX	153	-1.0199999999999996	0.2392516298689106	-0.6460250519867388	0.015247020556894735	0.6757690680655071	-3.0393549387391787	2.738837931063641	430
2	ANX	154	-0.9987499999999998	0.24343383178889175	-0.6460250519867388	0.015247020556894735	0.6757690680655071	-3.0393549387391787	2.738837931063641	430
2	ANX	155	-0.9774999999999996	0.24755522965280238	-0.6460250519867388	0.015247020556894735	0.6757690680655071	-3.0393549387391787	2.738837931063641	430
2	ANX	156	-0.9562499999999998	0.25162182305666925	-0.6460250519867388	0.015247020556894735	0.6757690680655071	-3.0393549387391787	2.738837931063641	430
2	ANX	157	-0.9349999999999996	0.2556396900202804	-0.6460250519867388	0.015247020556894735	0.6757690680655071	-3.0393549387391787	2.738837931063641	430
2	ANX	158	-0.9137499999999998	0.2596148004128194	-0.6460250519867388	0.015247020556894735	0.6757690680655071	-3.0393549387391787	2.738837931063641	430
2	ANX	159	-0.8924999999999996	0.26355284823743264	-0.6460250519867388	0.015247020556894735	0.6757690680655071	-3.0393549387391787	2.738837931063641	430
2	ANX	160	-0.8712499999999999	0.2674591076533834	-0.6460250519867388	0.015247020556894735	0.6757690680655071	-3.0393549387391787	2.738837931063641	430
2	ANX	161	-0.8499999999999996	0.2713383164914614	-0.6460250519867388	0.015247020556894735	0.6757690680655071	-3.0393549387391787	2.738837931063641	430
2	ANX	162	-0.8287499999999999	0.27519458970422106	-0.6460250519867388	0.015247020556894735	0.6757690680655071	-3.0393549387391787	2.738837931063641	430
2	ANX	163	-0.8074999999999997	0.2790313637479828	-0.6460250519867388	0.015247020556894735	0.6757690680655071	-3.0393549387391787	2.738837931063641	430
2	ANX	164	-0.7862499999999999	0.2828513713905756	-0.6460250519867388	0.015247020556894735	0.6757690680655071	-3.0393549387391787	2.738837931063641	430
2	ANX	165	-0.7649999999999997	0.2866566449573193	-0.6460250519867388	0.015247020556894735	0.6757690680655071	-3.0393549387391787	2.738837931063641	430
2	ANX	166	-0.7437499999999999	0.29044854465015124	-0.6460250519867388	0.015247020556894735	0.6757690680655071	-3.0393549387391787	2.738837931063641	430
2	ANX	167	-0.7224999999999997	0.29422780738114446	-0.6460250519867388	0.015247020556894735	0.6757690680655071	-3.0393549387391787	2.738837931063641	430
2	ANX	168	-0.7012499999999999	0.29799461062357013	-0.6460250519867388	0.015247020556894735	0.6757690680655071	-3.0393549387391787	2.738837931063641	430
2	ANX	169	-0.6799999999999997	0.3017486451596255	-0.6460250519867388	0.015247020556894735	0.6757690680655071	-3.0393549387391787	2.738837931063641	430
2	ANX	170	-0.65875	0.30548919033446953	-0.6460250519867388	0.015247020556894735	0.6757690680655071	-3.0393549387391787	2.738837931063641	430
2	ANX	171	-0.6374999999999997	0.30921518553054494	-0.6460250519867388	0.015247020556894735	0.6757690680655071	-3.0393549387391787	2.738837931063641	430
2	ANX	172	-0.6162499999999995	0.312925292050385	-0.6460250519867388	0.015247020556894735	0.6757690680655071	-3.0393549387391787	2.738837931063641	430
2	ANX	173	-0.5949999999999998	0.31661794041275093	-0.6460250519867388	0.015247020556894735	0.6757690680655071	-3.0393549387391787	2.738837931063641	430
2	ANX	174	-0.5737499999999995	0.3202913591765838	-0.6460250519867388	0.015247020556894735	0.6757690680655071	-3.0393549387391787	2.738837931063641	430
2	ANX	175	-0.5524999999999998	0.3239435827413493	-0.6460250519867388	0.015247020556894735	0.6757690680655071	-3.0393549387391787	2.738837931063641	430
2	ANX	176	-0.5312499999999996	0.3275724370481559	-0.6460250519867388	0.015247020556894735	0.6757690680655071	-3.0393549387391787	2.738837931063641	430
2	ANX	177	-0.5099999999999998	0.3311755036318749	-0.6460250519867388	0.015247020556894735	0.6757690680655071	-3.0393549387391787	2.738837931063641	430
2	ANX	178	-0.4887499999999996	0.33475006395640555	-0.6460250519867388	0.015247020556894735	0.6757690680655071	-3.0393549387391787	2.738837931063641	430
2	ANX	179	-0.4674999999999998	0.3382930273132629	-0.6460250519867388	0.015247020556894735	0.6757690680655071	-3.0393549387391787	2.738837931063641	430
2	ANX	180	-0.4462499999999996	0.3418008466981459	-0.6460250519867388	0.015247020556894735	0.6757690680655071	-3.0393549387391787	2.738837931063641	430
2	ANX	181	-0.4249999999999998	0.345269427936891	-0.6460250519867388	0.015247020556894735	0.6757690680655071	-3.0393549387391787	2.738837931063641	430
2	ANX	182	-0.4037499999999996	0.3486940378667568	-0.6460250519867388	0.015247020556894735	0.6757690680655071	-3.0393549387391787	2.738837931063641	430
2	ANX	183	-0.38249999999999984	0.3520692175688445	-0.6460250519867388	0.015247020556894735	0.6757690680655071	-3.0393549387391787	2.738837931063641	430
2	ANX	184	-0.3612499999999996	0.35538870649323945	-0.6460250519867388	0.015247020556894735	0.6757690680655071	-3.0393549387391787	2.738837931063641	430
2	ANX	185	-0.33999999999999986	0.35864538284261194	-0.6460250519867388	0.015247020556894735	0.6757690680655071	-3.0393549387391787	2.738837931063641	430
2	ANX	186	-0.31874999999999964	0.36183122482437885	-0.6460250519867388	0.015247020556894735	0.6757690680655071	-3.0393549387391787	2.738837931063641	430
2	ANX	187	-0.2974999999999999	0.3649372964035542	-0.6460250519867388	0.015247020556894735	0.6757690680655071	-3.0393549387391787	2.738837931063641	430
2	ANX	188	-0.27624999999999966	0.3679537600560037	-0.6460250519867388	0.015247020556894735	0.6757690680655071	-3.0393549387391787	2.738837931063641	430
2	ANX	189	-0.2549999999999999	0.3708699178081432	-0.6460250519867388	0.015247020556894735	0.6757690680655071	-3.0393549387391787	2.738837931063641	430
2	ANX	190	-0.23374999999999968	0.3736742806270766	-0.6460250519867388	0.015247020556894735	0.6757690680655071	-3.0393549387391787	2.738837931063641	430
2	ANX	191	-0.21249999999999947	0.3763546650622669	-0.6460250519867388	0.015247020556894735	0.6757690680655071	-3.0393549387391787	2.738837931063641	430
2	ANX	192	-0.19125000000000014	0.378898314993958	-0.6460250519867388	0.015247020556894735	0.6757690680655071	-3.0393549387391787	2.738837931063641	430
2	ANX	193	-0.16999999999999993	0.3812920454598378	-0.6460250519867388	0.015247020556894735	0.6757690680655071	-3.0393549387391787	2.738837931063641	430
2	ANX	194	-0.14874999999999972	0.3835224048401539	-0.6460250519867388	0.015247020556894735	0.6757690680655071	-3.0393549387391787	2.738837931063641	430
2	ANX	195	-0.1274999999999995	0.38557585119783117	-0.6460250519867388	0.015247020556894735	0.6757690680655071	-3.0393549387391787	2.738837931063641	430
2	ANX	196	-0.10624999999999929	0.3874389382945431	-0.6460250519867388	0.015247020556894735	0.6757690680655071	-3.0393549387391787	2.738837931063641	430
2	ANX	197	-0.08499999999999996	0.38909850672400653	-0.6460250519867388	0.015247020556894735	0.6757690680655071	-3.0393549387391787	2.738837931063641	430
2	ANX	198	-0.06374999999999975	0.39054187569764487	-0.6460250519867388	0.015247020556894735	0.6757690680655071	-3.0393549387391787	2.738837931063641	430
2	ANX	199	-0.04249999999999954	0.39175703125592876	-0.6460250519867388	0.015247020556894735	0.6757690680655071	-3.0393549387391787	2.738837931063641	430
2	ANX	200	-0.021249999999999325	0.39273280702822455	-0.6460250519867388	0.015247020556894735	0.6757690680655071	-3.0393549387391787	2.738837931063641	430
2	ANX	201	0.0	0.39345905409145177	-0.6460250519867388	0.015247020556894735	0.6757690680655071	-3.0393549387391787	2.738837931063641	430
2	ANX	202	0.021250000000000213	0.39392679695205657	-0.6460250519867388	0.015247020556894735	0.6757690680655071	-3.0393549387391787	2.738837931063641	430
2	ANX	203	0.042500000000000426	0.3941283731698119	-0.6460250519867388	0.015247020556894735	0.6757690680655071	-3.0393549387391787	2.738837931063641	430
2	ANX	204	0.06375000000000064	0.3940575546343713	-0.6460250519867388	0.015247020556894735	0.6757690680655071	-3.0393549387391787	2.738837931063641	430
2	ANX	205	0.08499999999999996	0.39370964898101934	-0.6460250519867388	0.015247020556894735	0.6757690680655071	-3.0393549387391787	2.738837931063641	430
2	ANX	206	0.10625000000000018	0.3930815800810925	-0.6460250519867388	0.015247020556894735	0.6757690680655071	-3.0393549387391787	2.738837931063641	430
2	ANX	207	0.1275000000000004	0.39217194696052315	-0.6460250519867388	0.015247020556894735	0.6757690680655071	-3.0393549387391787	2.738837931063641	430
2	ANX	208	0.1487500000000006	0.39098106088589124	-0.6460250519867388	0.015247020556894735	0.6757690680655071	-3.0393549387391787	2.738837931063641	430
2	ANX	209	0.16999999999999993	0.3895109607124828	-0.6460250519867388	0.015247020556894735	0.6757690680655071	-3.0393549387391787	2.738837931063641	430
2	ANX	210	0.19125000000000014	0.3877654069150368	-0.6460250519867388	0.015247020556894735	0.6757690680655071	-3.0393549387391787	2.738837931063641	430
2	ANX	211	0.21250000000000036	0.38574985502045245	-0.6460250519867388	0.015247020556894735	0.6757690680655071	-3.0393549387391787	2.738837931063641	430
2	ANX	212	0.23375000000000057	0.383471409432484	-0.6460250519867388	0.015247020556894735	0.6757690680655071	-3.0393549387391787	2.738837931063641	430
2	ANX	213	0.2549999999999999	0.38093875887925693	-0.6460250519867388	0.015247020556894735	0.6757690680655071	-3.0393549387391787	2.738837931063641	430
2	ANX	214	0.2762500000000001	0.3781620949210804	-0.6460250519867388	0.015247020556894735	0.6757690680655071	-3.0393549387391787	2.738837931063641	430
2	ANX	215	0.2975000000000003	0.37515301512287075	-0.6460250519867388	0.015247020556894735	0.6757690680655071	-3.0393549387391787	2.738837931063641	430
2	ANX	216	0.31875000000000053	0.3719244126161653	-0.6460250519867388	0.015247020556894735	0.6757690680655071	-3.0393549387391787	2.738837931063641	430
2	ANX	217	0.34000000000000075	0.3684903538441502	-0.6460250519867388	0.015247020556894735	0.6757690680655071	-3.0393549387391787	2.738837931063641	430
2	ANX	218	0.36125000000000007	0.3648659462949709	-0.6460250519867388	0.015247020556894735	0.6757690680655071	-3.0393549387391787	2.738837931063641	430
2	ANX	219	0.3825000000000003	0.3610671979819515	-0.6460250519867388	0.015247020556894735	0.6757690680655071	-3.0393549387391787	2.738837931063641	430
2	ANX	220	0.4037500000000005	0.35711087032602107	-0.6460250519867388	0.015247020556894735	0.6757690680655071	-3.0393549387391787	2.738837931063641	430
2	ANX	221	0.4250000000000007	0.35301432594156673	-0.6460250519867388	0.015247020556894735	0.6757690680655071	-3.0393549387391787	2.738837931063641	430
2	ANX	222	0.44625000000000004	0.3487953726323453	-0.6460250519867388	0.015247020556894735	0.6757690680655071	-3.0393549387391787	2.738837931063641	430
2	ANX	223	0.46750000000000025	0.3444721046834302	-0.6460250519867388	0.015247020556894735	0.6757690680655071	-3.0393549387391787	2.738837931063641	430
2	ANX	224	0.48875000000000046	0.3400627423062989	-0.6460250519867388	0.015247020556894735	0.6757690680655071	-3.0393549387391787	2.738837931063641	430
2	ANX	225	0.5100000000000007	0.335585469877387	-0.6460250519867388	0.015247020556894735	0.6757690680655071	-3.0393549387391787	2.738837931063641	430
2	ANX	226	0.53125	0.3310582734270022	-0.6460250519867388	0.015247020556894735	0.6757690680655071	-3.0393549387391787	2.738837931063641	430
2	ANX	227	0.5525000000000002	0.3264987777063269	-0.6460250519867388	0.015247020556894735	0.6757690680655071	-3.0393549387391787	2.738837931063641	430
2	ANX	228	0.5737500000000004	0.32192408310393333	-0.6460250519867388	0.015247020556894735	0.6757690680655071	-3.0393549387391787	2.738837931063641	430
2	ANX	229	0.5950000000000006	0.31735060271478294	-0.6460250519867388	0.015247020556894735	0.6757690680655071	-3.0393549387391787	2.738837931063641	430
2	ANX	230	0.61625	0.3127938999937909	-0.6460250519867388	0.015247020556894735	0.6757690680655071	-3.0393549387391787	2.738837931063641	430
2	ANX	231	0.6375000000000002	0.3082685276561783	-0.6460250519867388	0.015247020556894735	0.6757690680655071	-3.0393549387391787	2.738837931063641	430
2	ANX	232	0.6587500000000004	0.30378786881413317	-0.6460250519867388	0.015247020556894735	0.6757690680655071	-3.0393549387391787	2.738837931063641	430
2	ANX	233	0.6800000000000006	0.29936398175239054	-0.6460250519867388	0.015247020556894735	0.6757690680655071	-3.0393549387391787	2.738837931063641	430
2	ANX	234	0.7012499999999999	0.29500745022527763	-0.6460250519867388	0.015247020556894735	0.6757690680655071	-3.0393549387391787	2.738837931063641	430
2	ANX	235	0.7225000000000001	0.29072724167831593	-0.6460250519867388	0.015247020556894735	0.6757690680655071	-3.0393549387391787	2.738837931063641	430
2	ANX	236	0.7437500000000004	0.2865305763265358	-0.6460250519867388	0.015247020556894735	0.6757690680655071	-3.0393549387391787	2.738837931063641	430
2	ANX	237	0.7650000000000006	0.28242281052203827	-0.6460250519867388	0.015247020556894735	0.6757690680655071	-3.0393549387391787	2.738837931063641	430
2	ANX	238	0.7862500000000008	0.27840733827506076	-0.6460250519867388	0.015247020556894735	0.6757690680655071	-3.0393549387391787	2.738837931063641	430
2	ANX	239	0.8075000000000001	0.27448551511474606	-0.6460250519867388	0.015247020556894735	0.6757690680655071	-3.0393549387391787	2.738837931063641	430
2	ANX	240	0.8287500000000003	0.2706566086482994	-0.6460250519867388	0.015247020556894735	0.6757690680655071	-3.0393549387391787	2.738837931063641	430
2	ANX	241	0.8500000000000005	0.2669177801643415	-0.6460250519867388	0.015247020556894735	0.6757690680655071	-3.0393549387391787	2.738837931063641	430
2	ANX	242	0.8712500000000007	0.26326410139827855	-0.6460250519867388	0.015247020556894735	0.6757690680655071	-3.0393549387391787	2.738837931063641	430
2	ANX	243	0.8925000000000001	0.25968861011348715	-0.6460250519867388	0.015247020556894735	0.6757690680655071	-3.0393549387391787	2.738837931063641	430
2	ANX	244	0.9137500000000003	0.25618240744156207	-0.6460250519867388	0.015247020556894735	0.6757690680655071	-3.0393549387391787	2.738837931063641	430
2	ANX	245	0.9350000000000005	0.252734798970099	-0.6460250519867388	0.015247020556894735	0.6757690680655071	-3.0393549387391787	2.738837931063641	430
2	ANX	246	0.9562500000000007	0.24933348038320244	-0.6460250519867388	0.015247020556894735	0.6757690680655071	-3.0393549387391787	2.738837931063641	430
2	ANX	247	0.9775	0.24596476707822965	-0.6460250519867388	0.015247020556894735	0.6757690680655071	-3.0393549387391787	2.738837931063641	430
2	ANX	248	0.9987500000000002	0.24261386564635262	-0.6460250519867388	0.015247020556894735	0.6757690680655071	-3.0393549387391787	2.738837931063641	430
2	ANX	249	1.0200000000000005	0.2392651834714306	-0.6460250519867388	0.015247020556894735	0.6757690680655071	-3.0393549387391787	2.738837931063641	430
2	ANX	250	1.0412500000000007	0.2359026710397019	-0.6460250519867388	0.015247020556894735	0.6757690680655071	-3.0393549387391787	2.738837931063641	430
2	ANX	251	1.0625	0.2325101899386149	-0.6460250519867388	0.015247020556894735	0.6757690680655071	-3.0393549387391787	2.738837931063641	430
2	ANX	252	1.0837500000000002	0.22907189803813183	-0.6460250519867388	0.015247020556894735	0.6757690680655071	-3.0393549387391787	2.738837931063641	430
2	ANX	253	1.1050000000000004	0.22557264207443878	-0.6460250519867388	0.015247020556894735	0.6757690680655071	-3.0393549387391787	2.738837931063641	430
2	ANX	254	1.1262500000000006	0.22199834687255451	-0.6460250519867388	0.015247020556894735	0.6757690680655071	-3.0393549387391787	2.738837931063641	430
2	ANX	255	1.1475	0.21833638982086326	-0.6460250519867388	0.015247020556894735	0.6757690680655071	-3.0393549387391787	2.738837931063641	430
2	ANX	256	1.1687500000000002	0.21457594900394142	-0.6460250519867388	0.015247020556894735	0.6757690680655071	-3.0393549387391787	2.738837931063641	430
2	ANX	257	1.1900000000000004	0.2107083136497513	-0.6460250519867388	0.015247020556894735	0.6757690680655071	-3.0393549387391787	2.738837931063641	430
2	ANX	258	1.2112500000000006	0.2067271462721931	-0.6460250519867388	0.015247020556894735	0.6757690680655071	-3.0393549387391787	2.738837931063641	430
2	ANX	259	1.2325000000000008	0.20262868708582285	-0.6460250519867388	0.015247020556894735	0.6757690680655071	-3.0393549387391787	2.738837931063641	430
2	ANX	260	1.2537500000000001	0.1984118929075822	-0.6460250519867388	0.015247020556894735	0.6757690680655071	-3.0393549387391787	2.738837931063641	430
2	ANX	261	1.2750000000000004	0.19407850478786887	-0.6460250519867388	0.015247020556894735	0.6757690680655071	-3.0393549387391787	2.738837931063641	430
2	ANX	262	1.2962500000000006	0.18963304095497	-0.6460250519867388	0.015247020556894735	0.6757690680655071	-3.0393549387391787	2.738837931063641	430
2	ANX	263	1.3175000000000008	0.1850827142182078	-0.6460250519867388	0.015247020556894735	0.6757690680655071	-3.0393549387391787	2.738837931063641	430
2	ANX	264	1.33875	0.18043727564672205	-0.6460250519867388	0.015247020556894735	0.6757690680655071	-3.0393549387391787	2.738837931063641	430
2	ANX	265	1.3600000000000003	0.17570878900381484	-0.6460250519867388	0.015247020556894735	0.6757690680655071	-3.0393549387391787	2.738837931063641	430
2	ANX	266	1.3812500000000005	0.17091134294934687	-0.6460250519867388	0.015247020556894735	0.6757690680655071	-3.0393549387391787	2.738837931063641	430
2	ANX	267	1.4025000000000007	0.1660607103065673	-0.6460250519867388	0.015247020556894735	0.6757690680655071	-3.0393549387391787	2.738837931063641	430
2	ANX	268	1.42375	0.1611739656168223	-0.6460250519867388	0.015247020556894735	0.6757690680655071	-3.0393549387391787	2.738837931063641	430
2	ANX	269	1.4450000000000003	0.15626907368415843	-0.6460250519867388	0.015247020556894735	0.6757690680655071	-3.0393549387391787	2.738837931063641	430
2	ANX	270	1.4662500000000005	0.15136446277174206	-0.6460250519867388	0.015247020556894735	0.6757690680655071	-3.0393549387391787	2.738837931063641	430
2	ANX	271	1.4875000000000007	0.1464785965087838	-0.6460250519867388	0.015247020556894735	0.6757690680655071	-3.0393549387391787	2.738837931063641	430
2	ANX	272	1.50875	0.14162955838399235	-0.6460250519867388	0.015247020556894735	0.6757690680655071	-3.0393549387391787	2.738837931063641	430
2	ANX	273	1.5300000000000002	0.1368346619522237	-0.6460250519867388	0.015247020556894735	0.6757690680655071	-3.0393549387391787	2.738837931063641	430
2	ANX	274	1.5512500000000005	0.1321100986058694	-0.6460250519867388	0.015247020556894735	0.6757690680655071	-3.0393549387391787	2.738837931063641	430
2	ANX	275	1.5725000000000007	0.12747063302825928	-0.6460250519867388	0.015247020556894735	0.6757690680655071	-3.0393549387391787	2.738837931063641	430
2	ANX	276	1.59375	0.12292935434125932	-0.6460250519867388	0.015247020556894735	0.6757690680655071	-3.0393549387391787	2.738837931063641	430
2	ANX	277	1.6150000000000002	0.11849748858811165	-0.6460250519867388	0.015247020556894735	0.6757690680655071	-3.0393549387391787	2.738837931063641	430
2	ANX	278	1.6362500000000004	0.11418427567068755	-0.6460250519867388	0.015247020556894735	0.6757690680655071	-3.0393549387391787	2.738837931063641	430
2	ANX	279	1.6575000000000006	0.109996911306933	-0.6460250519867388	0.015247020556894735	0.6757690680655071	-3.0393549387391787	2.738837931063641	430
2	ANX	280	1.6787500000000009	0.10594055210612095	-0.6460250519867388	0.015247020556894735	0.6757690680655071	-3.0393549387391787	2.738837931063641	430
2	ANX	281	1.7000000000000002	0.10201837958459821	-0.6460250519867388	0.015247020556894735	0.6757690680655071	-3.0393549387391787	2.738837931063641	430
2	ANX	282	1.7212500000000004	0.09823171695701578	-0.6460250519867388	0.015247020556894735	0.6757690680655071	-3.0393549387391787	2.738837931063641	430
2	ANX	283	1.7425000000000006	0.09458019091314046	-0.6460250519867388	0.015247020556894735	0.6757690680655071	-3.0393549387391787	2.738837931063641	430
2	ANX	284	1.7637500000000008	0.09106192938229339	-0.6460250519867388	0.015247020556894735	0.6757690680655071	-3.0393549387391787	2.738837931063641	430
2	ANX	285	1.7850000000000001	0.08767378552717632	-0.6460250519867388	0.015247020556894735	0.6757690680655071	-3.0393549387391787	2.738837931063641	430
2	ANX	286	1.8062500000000004	0.08441157790364527	-0.6460250519867388	0.015247020556894735	0.6757690680655071	-3.0393549387391787	2.738837931063641	430
2	ANX	287	1.8275000000000006	0.0812703368578577	-0.6460250519867388	0.015247020556894735	0.6757690680655071	-3.0393549387391787	2.738837931063641	430
2	ANX	288	1.8487500000000008	0.0782445477717823	-0.6460250519867388	0.015247020556894735	0.6757690680655071	-3.0393549387391787	2.738837931063641	430
2	ANX	289	1.87	0.0753283826600477	-0.6460250519867388	0.015247020556894735	0.6757690680655071	-3.0393549387391787	2.738837931063641	430
2	ANX	290	1.8912500000000003	0.07251591279998118	-0.6460250519867388	0.015247020556894735	0.6757690680655071	-3.0393549387391787	2.738837931063641	430
2	ANX	291	1.9125000000000005	0.06980129646822583	-0.6460250519867388	0.015247020556894735	0.6757690680655071	-3.0393549387391787	2.738837931063641	430
2	ANX	292	1.9337500000000007	0.0671789373828393	-0.6460250519867388	0.015247020556894735	0.6757690680655071	-3.0393549387391787	2.738837931063641	430
2	ANX	293	1.955	0.0646436110306481	-0.6460250519867388	0.015247020556894735	0.6757690680655071	-3.0393549387391787	2.738837931063641	430
2	ANX	294	1.9762500000000003	0.06219055762106809	-0.6460250519867388	0.015247020556894735	0.6757690680655071	-3.0393549387391787	2.738837931063641	430
2	ANX	295	1.9975000000000005	0.059815541882165535	-0.6460250519867388	0.015247020556894735	0.6757690680655071	-3.0393549387391787	2.738837931063641	430
2	ANX	296	2.0187500000000007	0.05751488124493608	-0.6460250519867388	0.015247020556894735	0.6757690680655071	-3.0393549387391787	2.738837931063641	430
2	ANX	297	2.04	0.05528544510202864	-0.6460250519867388	0.015247020556894735	0.6757690680655071	-3.0393549387391787	2.738837931063641	430
2	ANX	298	2.0612500000000002	0.053124628744823155	-0.6460250519867388	0.015247020556894735	0.6757690680655071	-3.0393549387391787	2.738837931063641	430
2	ANX	299	2.0825000000000005	0.05103030625858305	-0.6460250519867388	0.015247020556894735	0.6757690680655071	-3.0393549387391787	2.738837931063641	430
2	ANX	300	2.1037500000000007	0.04900076708295348	-0.6460250519867388	0.015247020556894735	0.6757690680655071	-3.0393549387391787	2.738837931063641	430
2	ANX	301	2.125000000000001	0.047034641129910446	-0.6460250519867388	0.015247020556894735	0.6757690680655071	-3.0393549387391787	2.738837931063641	430
2	ANX	302	2.14625	0.04513081730934029	-0.6460250519867388	0.015247020556894735	0.6757690680655071	-3.0393549387391787	2.738837931063641	430
2	ANX	303	2.1675000000000004	0.04328836006832837	-0.6460250519867388	0.015247020556894735	0.6757690680655071	-3.0393549387391787	2.738837931063641	430
2	ANX	304	2.1887500000000006	0.04150642813505617	-0.6460250519867388	0.015247020556894735	0.6757690680655071	-3.0393549387391787	2.738837931063641	430
2	ANX	305	2.210000000000001	0.03978419910746187	-0.6460250519867388	0.015247020556894735	0.6757690680655071	-3.0393549387391787	2.738837931063641	430
2	ANX	306	2.23125	0.03812080287830528	-0.6460250519867388	0.015247020556894735	0.6757690680655071	-3.0393549387391787	2.738837931063641	430
2	ANX	307	2.2525000000000004	0.03651526618008842	-0.6460250519867388	0.015247020556894735	0.6757690680655071	-3.0393549387391787	2.738837931063641	430
2	ANX	308	2.2737500000000006	0.03496646980205864	-0.6460250519867388	0.015247020556894735	0.6757690680655071	-3.0393549387391787	2.738837931063641	430
2	ANX	309	2.295000000000001	0.03347311931093823	-0.6460250519867388	0.015247020556894735	0.6757690680655071	-3.0393549387391787	2.738837931063641	430
2	ANX	310	2.31625	0.03203372942662548	-0.6460250519867388	0.015247020556894735	0.6757690680655071	-3.0393549387391787	2.738837931063641	430
2	ANX	311	2.3375000000000004	0.030646621588426445	-0.6460250519867388	0.015247020556894735	0.6757690680655071	-3.0393549387391787	2.738837931063641	430
2	ANX	312	2.3587500000000006	0.029309933715433743	-0.6460250519867388	0.015247020556894735	0.6757690680655071	-3.0393549387391787	2.738837931063641	430
2	ANX	313	2.380000000000001	0.028021640729740484	-0.6460250519867388	0.015247020556894735	0.6757690680655071	-3.0393549387391787	2.738837931063641	430
2	ANX	314	2.40125	0.026779584080902887	-0.6460250519867388	0.015247020556894735	0.6757690680655071	-3.0393549387391787	2.738837931063641	430
2	ANX	315	2.4225000000000003	0.0255815082867368	-0.6460250519867388	0.015247020556894735	0.6757690680655071	-3.0393549387391787	2.738837931063641	430
2	ANX	316	2.4437500000000005	0.024425102386659597	-0.6460250519867388	0.015247020556894735	0.6757690680655071	-3.0393549387391787	2.738837931063641	430
2	ANX	317	2.4650000000000007	0.023308044182751283	-0.6460250519867388	0.015247020556894735	0.6757690680655071	-3.0393549387391787	2.738837931063641	430
2	ANX	318	2.48625	0.022228045210582487	-0.6460250519867388	0.015247020556894735	0.6757690680655071	-3.0393549387391787	2.738837931063641	430
2	ANX	319	2.5075000000000003	0.02118289452422206	-0.6460250519867388	0.015247020556894735	0.6757690680655071	-3.0393549387391787	2.738837931063641	430
2	ANX	320	2.5287500000000005	0.02017049958365796	-0.6460250519867388	0.015247020556894735	0.6757690680655071	-3.0393549387391787	2.738837931063641	430
2	ANX	321	2.5500000000000007	0.01918892278328252	-0.6460250519867388	0.015247020556894735	0.6757690680655071	-3.0393549387391787	2.738837931063641	430
2	ANX	322	2.571250000000001	0.018236412442190247	-0.6460250519867388	0.015247020556894735	0.6757690680655071	-3.0393549387391787	2.738837931063641	430
2	ANX	323	2.5925000000000002	0.017311427376462903	-0.6460250519867388	0.015247020556894735	0.6757690680655071	-3.0393549387391787	2.738837931063641	430
2	ANX	324	2.6137500000000005	0.016412654477141693	-0.6460250519867388	0.015247020556894735	0.6757690680655071	-3.0393549387391787	2.738837931063641	430
2	ANX	325	2.6350000000000007	0.015539019013476872	-0.6460250519867388	0.015247020556894735	0.6757690680655071	-3.0393549387391787	2.738837931063641	430
2	ANX	326	2.656250000000001	0.014689687659360835	-0.6460250519867388	0.015247020556894735	0.6757690680655071	-3.0393549387391787	2.738837931063641	430
2	ANX	327	2.6775	0.013864064493569795	-0.6460250519867388	0.015247020556894735	0.6757690680655071	-3.0393549387391787	2.738837931063641	430
2	ANX	328	2.6987500000000004	0.013061780445511118	-0.6460250519867388	0.015247020556894735	0.6757690680655071	-3.0393549387391787	2.738837931063641	430
2	ANX	329	2.7200000000000006	0.012282676843450732	-0.6460250519867388	0.015247020556894735	0.6757690680655071	-3.0393549387391787	2.738837931063641	430
2	ANX	330	2.741250000000001	0.011526783869297428	-0.6460250519867388	0.015247020556894735	0.6757690680655071	-3.0393549387391787	2.738837931063641	430
2	ANX	331	2.7625	0.010794294832159752	-0.6460250519867388	0.015247020556894735	0.6757690680655071	-3.0393549387391787	2.738837931063641	430
2	ANX	332	2.7837500000000004	0.010085537242624426	-0.6460250519867388	0.015247020556894735	0.6757690680655071	-3.0393549387391787	2.738837931063641	430
2	ANX	333	2.8050000000000006	0.009400941702737814	-0.6460250519867388	0.015247020556894735	0.6757690680655071	-3.0393549387391787	2.738837931063641	430
2	ANX	334	2.826250000000001	0.008741009625587652	-0.6460250519867388	0.015247020556894735	0.6757690680655071	-3.0393549387391787	2.738837931063641	430
2	ANX	335	2.8475	0.008106280766462678	-0.6460250519867388	0.015247020556894735	0.6757690680655071	-3.0393549387391787	2.738837931063641	430
2	ANX	336	2.8687500000000004	0.007497301488574567	-0.6460250519867388	0.015247020556894735	0.6757690680655071	-3.0393549387391787	2.738837931063641	430
2	ANX	337	2.8900000000000006	0.006914594604352884	-0.6460250519867388	0.015247020556894735	0.6757690680655071	-3.0393549387391787	2.738837931063641	430
2	ANX	338	2.911250000000001	0.0063586315326493404	-0.6460250519867388	0.015247020556894735	0.6757690680655071	-3.0393549387391787	2.738837931063641	430
2	ANX	339	2.9325	0.00582980739717252	-0.6460250519867388	0.015247020556894735	0.6757690680655071	-3.0393549387391787	2.738837931063641	430
2	ANX	340	2.9537500000000003	0.005328419566460199	-0.6460250519867388	0.015247020556894735	0.6757690680655071	-3.0393549387391787	2.738837931063641	430
2	ANX	341	2.9750000000000005	0.004854650004937941	-0.6460250519867388	0.015247020556894735	0.6757690680655071	-3.0393549387391787	2.738837931063641	430
2	ANX	342	2.9962500000000007	0.004408551672200258	-0.6460250519867388	0.015247020556894735	0.6757690680655071	-3.0393549387391787	2.738837931063641	430
2	ANX	343	3.017500000000001	0.003990039077455634	-0.6460250519867388	0.015247020556894735	0.6757690680655071	-3.0393549387391787	2.738837931063641	430
2	ANX	344	3.0387500000000003	0.0035988829716779203	-0.6460250519867388	0.015247020556894735	0.6757690680655071	-3.0393549387391787	2.738837931063641	430
2	ANX	345	3.0600000000000005	0.003234709044635102	-0.6460250519867388	0.015247020556894735	0.6757690680655071	-3.0393549387391787	2.738837931063641	430
2	ANX	346	3.0812500000000007	0.002897000390438357	-0.6460250519867388	0.015247020556894735	0.6757690680655071	-3.0393549387391787	2.738837931063641	430
2	ANX	347	3.102500000000001	0.0025851034159077033	-0.6460250519867388	0.015247020556894735	0.6757690680655071	-3.0393549387391787	2.738837931063641	430
2	ANX	348	3.1237500000000002	0.0022982367926960142	-0.6460250519867388	0.015247020556894735	0.6757690680655071	-3.0393549387391787	2.738837931063641	430
2	ANX	349	3.1450000000000005	0.0020355029979850538	-0.6460250519867388	0.015247020556894735	0.6757690680655071	-3.0393549387391787	2.738837931063641	430
2	ANX	350	3.1662500000000007	0.001795901950298311	-0.6460250519867388	0.015247020556894735	0.6757690680655071	-3.0393549387391787	2.738837931063641	430
2	ANX	351	3.187500000000001	0.001578346226586009	-0.6460250519867388	0.015247020556894735	0.6757690680655071	-3.0393549387391787	2.738837931063641	430
2	ANX	352	3.20875	0.0013816773436526155	-0.6460250519867388	0.015247020556894735	0.6757690680655071	-3.0393549387391787	2.738837931063641	430
2	ANX	353	3.2300000000000004	0.0012046826000780373	-0.6460250519867388	0.015247020556894735	0.6757690680655071	-3.0393549387391787	2.738837931063641	430
2	ANX	354	3.2512500000000006	0.001046112002396166	-0.6460250519867388	0.015247020556894735	0.6757690680655071	-3.0393549387391787	2.738837931063641	430
2	ANX	355	3.272500000000001	0.0009046948393849144	-0.6460250519867388	0.015247020556894735	0.6757690680655071	-3.0393549387391787	2.738837931063641	430
2	ANX	356	3.29375	0.0007791555185223526	-0.6460250519867388	0.015247020556894735	0.6757690680655071	-3.0393549387391787	2.738837931063641	430
2	ANX	357	3.3150000000000004	0.0006682283363982049	-0.6460250519867388	0.015247020556894735	0.6757690680655071	-3.0393549387391787	2.738837931063641	430
2	ANX	358	3.3362500000000006	0.0005706709174775248	-0.6460250519867388	0.015247020556894735	0.6757690680655071	-3.0393549387391787	2.738837931063641	430
2	ANX	359	3.357500000000001	0.00048527612045979295	-0.6460250519867388	0.015247020556894735	0.6757690680655071	-3.0393549387391787	2.738837931063641	430
2	ANX	360	3.37875	0.00041088227606800044	-0.6460250519867388	0.015247020556894735	0.6757690680655071	-3.0393549387391787	2.738837931063641	430
2	ANX	361	3.4000000000000004	0.0003463816821775998	-0.6460250519867388	0.015247020556894735	0.6757690680655071	-3.0393549387391787	2.738837931063641	430
2	ANX	362	3.4212500000000006	0.00029072733980862813	-0.6460250519867388	0.015247020556894735	0.6757690680655071	-3.0393549387391787	2.738837931063641	430
2	ANX	363	3.442500000000001	0.00024293796507941166	-0.6460250519867388	0.015247020556894735	0.6757690680655071	-3.0393549387391787	2.738837931063641	430
2	ANX	364	3.463750000000001	0.00020210135658671978	-0.6460250519867388	0.015247020556894735	0.6757690680655071	-3.0393549387391787	2.738837931063641	430
2	ANX	365	3.4850000000000003	0.00016737623408098775	-0.6460250519867388	0.015247020556894735	0.6757690680655071	-3.0393549387391787	2.738837931063641	430
2	ANX	366	3.5062500000000005	0.0001379926923986079	-0.6460250519867388	0.015247020556894735	0.6757690680655071	-3.0393549387391787	2.738837931063641	430
2	ANX	367	3.5275000000000007	0.000113251434425469	-0.6460250519867388	0.015247020556894735	0.6757690680655071	-3.0393549387391787	2.738837931063641	430
2	ANX	368	3.548750000000001	9.252195875732432e-05	-0.6460250519867388	0.015247020556894735	0.6757690680655071	-3.0393549387391787	2.738837931063641	430
2	ANX	369	3.5700000000000003	7.5239882328751e-05	-0.6460250519867388	0.015247020556894735	0.6757690680655071	-3.0393549387391787	2.738837931063641	430
2	ANX	370	3.5912500000000005	6.090357644966226e-05	-0.6460250519867388	0.015247020556894735	0.6757690680655071	-3.0393549387391787	2.738837931063641	430
2	ANX	371	3.6125000000000007	4.907028740793469e-05	-0.6460250519867388	0.015247020556894735	0.6757690680655071	-3.0393549387391787	2.738837931063641	430
2	ANX	372	3.633750000000001	3.935190113966491e-05	-0.6460250519867388	0.015247020556894735	0.6757690680655071	-3.0393549387391787	2.738837931063641	430
2	ANX	373	3.6550000000000002	3.1410496525913103e-05	-0.6460250519867388	0.015247020556894735	0.6757690680655071	-3.0393549387391787	2.738837931063641	430
2	ANX	374	3.6762500000000005	2.4953814704661105e-05	-0.6460250519867388	0.015247020556894735	0.6757690680655071	-3.0393549387391787	2.738837931063641	430
2	ANX	375	3.6975000000000007	1.9730753371645554e-05	-0.6460250519867388	0.015247020556894735	0.6757690680655071	-3.0393549387391787	2.738837931063641	430
2	ANX	376	3.718750000000001	1.552697625770047e-05	-0.6460250519867388	0.015247020556894735	0.6757690680655071	-3.0393549387391787	2.738837931063641	430
2	ANX	377	3.74	1.2160709556680409e-05	-0.6460250519867388	0.015247020556894735	0.6757690680655071	-3.0393549387391787	2.738837931063641	430
2	ANX	378	3.7612500000000004	9.47877963791109e-06	-0.6460250519867388	0.015247020556894735	0.6757690680655071	-3.0393549387391787	2.738837931063641	430
2	ANX	379	3.7825000000000006	7.3529303661529e-06	-0.6460250519867388	0.015247020556894735	0.6757690680655071	-3.0393549387391787	2.738837931063641	430
2	ANX	380	3.803750000000001	5.676444085762922e-06	-0.6460250519867388	0.015247020556894735	0.6757690680655071	-3.0393549387391787	2.738837931063641	430
2	ANX	381	3.825000000000001	4.361077990551813e-06	-0.6460250519867388	0.015247020556894735	0.6757690680655071	-3.0393549387391787	2.738837931063641	430
2	ANX	382	3.8462500000000013	3.3343172696529305e-06	-0.6460250519867388	0.015247020556894735	0.6757690680655071	-3.0393549387391787	2.738837931063641	430
2	ANX	383	3.8674999999999997	2.5369380703125052e-06	-0.6460250519867388	0.015247020556894735	0.6757690680655071	-3.0393549387391787	2.738837931063641	430
2	ANX	384	3.88875	1.920866852990002e-06	-0.6460250519867388	0.015247020556894735	0.6757690680655071	-3.0393549387391787	2.738837931063641	430
2	ANX	385	3.91	1.4473179785246597e-06	-0.6460250519867388	0.015247020556894735	0.6757690680655071	-3.0393549387391787	2.738837931063641	430
2	ANX	386	3.9312500000000004	1.0851881695880566e-06	-0.6460250519867388	0.015247020556894735	0.6757690680655071	-3.0393549387391787	2.738837931063641	430
2	ANX	387	3.9525000000000006	8.096846161162741e-07	-0.6460250519867388	0.015247020556894735	0.6757690680655071	-3.0393549387391787	2.738837931063641	430
2	ANX	388	3.973750000000001	6.011627265380556e-07	-0.6460250519867388	0.015247020556894735	0.6757690680655071	-3.0393549387391787	2.738837931063641	430
2	ANX	389	3.995000000000001	4.4414964719646046e-07	-0.6460250519867388	0.015247020556894735	0.6757690680655071	-3.0393549387391787	2.738837931063641	430
2	ANX	390	4.016250000000001	3.265304780615844e-07	-0.6460250519867388	0.015247020556894735	0.6757690680655071	-3.0393549387391787	2.738837931063641	430
2	ANX	391	4.037500000000001	2.388754193107514e-07	-0.6460250519867388	0.015247020556894735	0.6757690680655071	-3.0393549387391787	2.738837931063641	430
2	ANX	392	4.05875	1.7388772907539488e-07	-0.6460250519867388	0.015247020556894735	0.6757690680655071	-3.0393549387391787	2.738837931063641	430
2	ANX	393	4.08	1.2595422070184824e-07	-0.6460250519867388	0.015247020556894735	0.6757690680655071	-3.0393549387391787	2.738837931063641	430
2	ANX	394	4.10125	9.078196613013405e-08	-0.6460250519867388	0.015247020556894735	0.6757690680655071	-3.0393549387391787	2.738837931063641	430
2	ANX	395	4.1225000000000005	6.510681207650998e-08	-0.6460250519867388	0.015247020556894735	0.6757690680655071	-3.0393549387391787	2.738837931063641	430
2	ANX	396	4.143750000000001	4.646119100338544e-08	-0.6460250519867388	0.015247020556894735	0.6757690680655071	-3.0393549387391787	2.738837931063641	430
2	ANX	397	4.165000000000001	3.299047201086722e-08	-0.6460250519867388	0.015247020556894735	0.6757690680655071	-3.0393549387391787	2.738837931063641	430
2	ANX	398	4.186250000000001	2.3308716851269776e-08	-0.6460250519867388	0.015247020556894735	0.6757690680655071	-3.0393549387391787	2.738837931063641	430
2	ANX	399	4.207500000000001	1.6386165851767416e-08	-0.6460250519867388	0.015247020556894735	0.6757690680655071	-3.0393549387391787	2.738837931063641	430
2	ANX	400	4.22875	1.1462070980533623e-08	-0.6460250519867388	0.015247020556894735	0.6757690680655071	-3.0393549387391787	2.738837931063641	430
2	ANX	401	4.25	7.977620140065381e-09	-0.6460250519867388	0.015247020556894735	0.6757690680655071	-3.0393549387391787	2.738837931063641	430
3	BIP	1	-4.25	1.1942066438486559e-05	-0.6869385114837236	0.016264436734014	0.7094079422320155	-3.2516173839345184	2.7466846035195074	430
3	BIP	2	-4.22875	1.5199209741796486e-05	-0.6869385114837236	0.016264436734014	0.7094079422320155	-3.2516173839345184	2.7466846035195074	430
3	BIP	3	-4.2075	1.9250218701968004e-05	-0.6869385114837236	0.016264436734014	0.7094079422320155	-3.2516173839345184	2.7466846035195074	430
3	BIP	4	-4.18625	2.4262100251142124e-05	-0.6869385114837236	0.016264436734014	0.7094079422320155	-3.2516173839345184	2.7466846035195074	430
3	BIP	5	-4.165	3.0430169323470486e-05	-0.6869385114837236	0.016264436734014	0.7094079422320155	-3.2516173839345184	2.7466846035195074	430
3	BIP	6	-4.14375	3.798123201208877e-05	-0.6869385114837236	0.016264436734014	0.7094079422320155	-3.2516173839345184	2.7466846035195074	430
3	BIP	7	-4.1225	4.71767652540885e-05	-0.6869385114837236	0.016264436734014	0.7094079422320155	-3.2516173839345184	2.7466846035195074	430
3	BIP	8	-4.10125	5.8315999182292575e-05	-0.6869385114837236	0.016264436734014	0.7094079422320155	-3.2516173839345184	2.7466846035195074	430
3	BIP	9	-4.08	7.173879050566793e-05	-0.6869385114837236	0.016264436734014	0.7094079422320155	-3.2516173839345184	2.7466846035195074	430
3	BIP	10	-4.05875	8.782815805010817e-05	-0.6869385114837236	0.016264436734014	0.7094079422320155	-3.2516173839345184	2.7466846035195074	430
3	BIP	11	-4.0375	0.00010701233580225296	-0.6869385114837236	0.016264436734014	0.7094079422320155	-3.2516173839345184	2.7466846035195074	430
3	BIP	12	-4.01625	0.00012976618545638456	-0.6869385114837236	0.016264436734014	0.7094079422320155	-3.2516173839345184	2.7466846035195074	430
3	BIP	13	-3.995	0.0001566118006505735	-0.6869385114837236	0.016264436734014	0.7094079422320155	-3.2516173839345184	2.7466846035195074	430
3	BIP	14	-3.97375	0.00018811812990598642	-0.6869385114837236	0.016264436734014	0.7094079422320155	-3.2516173839345184	2.7466846035195074	430
3	BIP	15	-3.9525	0.00022489944583931827	-0.6869385114837236	0.016264436734014	0.7094079422320155	-3.2516173839345184	2.7466846035195074	430
3	BIP	16	-3.93125	0.00026761249549780866	-0.6869385114837236	0.016264436734014	0.7094079422320155	-3.2516173839345184	2.7466846035195074	430
3	BIP	17	-3.91	0.000316952181501659	-0.6869385114837236	0.016264436734014	0.7094079422320155	-3.2516173839345184	2.7466846035195074	430
3	BIP	18	-3.88875	0.00037364564666710363	-0.6869385114837236	0.016264436734014	0.7094079422320155	-3.2516173839345184	2.7466846035195074	430
3	BIP	19	-3.8675	0.00043844466621694204	-0.6869385114837236	0.016264436734014	0.7094079422320155	-3.2516173839345184	2.7466846035195074	430
3	BIP	20	-3.84625	0.0005121162914903886	-0.6869385114837236	0.016264436734014	0.7094079422320155	-3.2516173839345184	2.7466846035195074	430
3	BIP	21	-3.825	0.0005954317367534229	-0.6869385114837236	0.016264436734014	0.7094079422320155	-3.2516173839345184	2.7466846035195074	430
3	BIP	22	-3.80375	0.0006891535553569318	-0.6869385114837236	0.016264436734014	0.7094079422320155	-3.2516173839345184	2.7466846035195074	430
3	BIP	23	-3.7824999999999998	0.0007940212117197972	-0.6869385114837236	0.016264436734014	0.7094079422320155	-3.2516173839345184	2.7466846035195074	430
3	BIP	24	-3.76125	0.0009107352196342472	-0.6869385114837236	0.016264436734014	0.7094079422320155	-3.2516173839345184	2.7466846035195074	430
3	BIP	25	-3.74	0.001039940083037876	-0.6869385114837236	0.016264436734014	0.7094079422320155	-3.2516173839345184	2.7466846035195074	430
3	BIP	26	-3.71875	0.001182206340220653	-0.6869385114837236	0.016264436734014	0.7094079422320155	-3.2516173839345184	2.7466846035195074	430
3	BIP	27	-3.6975	0.001338012073804382	-0.6869385114837236	0.016264436734014	0.7094079422320155	-3.2516173839345184	2.7466846035195074	430
3	BIP	28	-3.67625	0.0015077243040634587	-0.6869385114837236	0.016264436734014	0.7094079422320155	-3.2516173839345184	2.7466846035195074	430
3	BIP	29	-3.655	0.0016915807296560377	-0.6869385114837236	0.016264436734014	0.7094079422320155	-3.2516173839345184	2.7466846035195074	430
3	BIP	30	-3.63375	0.0018896723152482247	-0.6869385114837236	0.016264436734014	0.7094079422320155	-3.2516173839345184	2.7466846035195074	430
3	BIP	31	-3.6125	0.002101927247864704	-0.6869385114837236	0.016264436734014	0.7094079422320155	-3.2516173839345184	2.7466846035195074	430
3	BIP	32	-3.59125	0.002328096791615442	-0.6869385114837236	0.016264436734014	0.7094079422320155	-3.2516173839345184	2.7466846035195074	430
3	BIP	33	-3.57	0.002567743562863447	-0.6869385114837236	0.016264436734014	0.7094079422320155	-3.2516173839345184	2.7466846035195074	430
3	BIP	34	-3.54875	0.0028202327247117756	-0.6869385114837236	0.016264436734014	0.7094079422320155	-3.2516173839345184	2.7466846035195074	430
3	BIP	35	-3.5275	0.0030847265613862837	-0.6869385114837236	0.016264436734014	0.7094079422320155	-3.2516173839345184	2.7466846035195074	430
3	BIP	36	-3.50625	0.003360182840819144	-0.6869385114837236	0.016264436734014	0.7094079422320155	-3.2516173839345184	2.7466846035195074	430
3	BIP	37	-3.485	0.0036453573092283293	-0.6869385114837236	0.016264436734014	0.7094079422320155	-3.2516173839345184	2.7466846035195074	430
3	BIP	38	-3.46375	0.0039388105869369765	-0.6869385114837236	0.016264436734014	0.7094079422320155	-3.2516173839345184	2.7466846035195074	430
3	BIP	39	-3.4425	0.004238919652593135	-0.6869385114837236	0.016264436734014	0.7094079422320155	-3.2516173839345184	2.7466846035195074	430
3	BIP	40	-3.4212499999999997	0.004543894015975477	-0.6869385114837236	0.016264436734014	0.7094079422320155	-3.2516173839345184	2.7466846035195074	430
3	BIP	41	-3.4	0.004851796590287818	-0.6869385114837236	0.016264436734014	0.7094079422320155	-3.2516173839345184	2.7466846035195074	430
3	BIP	42	-3.37875	0.0051605691855913455	-0.6869385114837236	0.016264436734014	0.7094079422320155	-3.2516173839345184	2.7466846035195074	430
3	BIP	43	-3.3575	0.005468062457728328	-0.6869385114837236	0.016264436734014	0.7094079422320155	-3.2516173839345184	2.7466846035195074	430
3	BIP	44	-3.3362499999999997	0.005772070063147672	-0.6869385114837236	0.016264436734014	0.7094079422320155	-3.2516173839345184	2.7466846035195074	430
3	BIP	45	-3.315	0.006070366690229028	-0.6869385114837236	0.016264436734014	0.7094079422320155	-3.2516173839345184	2.7466846035195074	430
3	BIP	46	-3.29375	0.006360749562168196	-0.6869385114837236	0.016264436734014	0.7094079422320155	-3.2516173839345184	2.7466846035195074	430
3	BIP	47	-3.2725	0.006641082934797046	-0.6869385114837236	0.016264436734014	0.7094079422320155	-3.2516173839345184	2.7466846035195074	430
3	BIP	48	-3.2512499999999998	0.006909345043964327	-0.6869385114837236	0.016264436734014	0.7094079422320155	-3.2516173839345184	2.7466846035195074	430
3	BIP	49	-3.23	0.0071636768900984575	-0.6869385114837236	0.016264436734014	0.7094079422320155	-3.2516173839345184	2.7466846035195074	430
3	BIP	50	-3.20875	0.0074024321810337995	-0.6869385114837236	0.016264436734014	0.7094079422320155	-3.2516173839345184	2.7466846035195074	430
3	BIP	51	-3.1875	0.007624227687006598	-0.6869385114837236	0.016264436734014	0.7094079422320155	-3.2516173839345184	2.7466846035195074	430
3	BIP	52	-3.16625	0.007827993193253134	-0.6869385114837236	0.016264436734014	0.7094079422320155	-3.2516173839345184	2.7466846035195074	430
3	BIP	53	-3.145	0.008013020165902454	-0.6869385114837236	0.016264436734014	0.7094079422320155	-3.2516173839345184	2.7466846035195074	430
3	BIP	54	-3.1237500000000002	0.008179008176791987	-0.6869385114837236	0.016264436734014	0.7094079422320155	-3.2516173839345184	2.7466846035195074	430
3	BIP	55	-3.1025	0.008326108064470745	-0.6869385114837236	0.016264436734014	0.7094079422320155	-3.2516173839345184	2.7466846035195074	430
3	BIP	56	-3.08125	0.008454960745184554	-0.6869385114837236	0.016264436734014	0.7094079422320155	-3.2516173839345184	2.7466846035195074	430
3	BIP	57	-3.0599999999999996	0.008566730533427434	-0.6869385114837236	0.016264436734014	0.7094079422320155	-3.2516173839345184	2.7466846035195074	430
3	BIP	58	-3.03875	0.008663131792134687	-0.6869385114837236	0.016264436734014	0.7094079422320155	-3.2516173839345184	2.7466846035195074	430
3	BIP	59	-3.0175	0.008746447714107587	-0.6869385114837236	0.016264436734014	0.7094079422320155	-3.2516173839345184	2.7466846035195074	430
3	BIP	60	-2.99625	0.00881954004569453	-0.6869385114837236	0.016264436734014	0.7094079422320155	-3.2516173839345184	2.7466846035195074	430
3	BIP	61	-2.9749999999999996	0.008885848608201156	-0.6869385114837236	0.016264436734014	0.7094079422320155	-3.2516173839345184	2.7466846035195074	430
3	BIP	62	-2.95375	0.008949379558785175	-0.6869385114837236	0.016264436734014	0.7094079422320155	-3.2516173839345184	2.7466846035195074	430
3	BIP	63	-2.9325	0.00901468146675287	-0.6869385114837236	0.016264436734014	0.7094079422320155	-3.2516173839345184	2.7466846035195074	430
3	BIP	64	-2.91125	0.00908680846794164	-0.6869385114837236	0.016264436734014	0.7094079422320155	-3.2516173839345184	2.7466846035195074	430
3	BIP	65	-2.8899999999999997	0.00917127000212508	-0.6869385114837236	0.016264436734014	0.7094079422320155	-3.2516173839345184	2.7466846035195074	430
3	BIP	66	-2.86875	0.00927396693665545	-0.6869385114837236	0.016264436734014	0.7094079422320155	-3.2516173839345184	2.7466846035195074	430
3	BIP	67	-2.8475	0.009401114231635949	-0.6869385114837236	0.016264436734014	0.7094079422320155	-3.2516173839345184	2.7466846035195074	430
3	BIP	68	-2.82625	0.009559150702484687	-0.6869385114837236	0.016264436734014	0.7094079422320155	-3.2516173839345184	2.7466846035195074	430
3	BIP	69	-2.8049999999999997	0.009754636876224614	-0.6869385114837236	0.016264436734014	0.7094079422320155	-3.2516173839345184	2.7466846035195074	430
3	BIP	70	-2.78375	0.00999414240631474	-0.6869385114837236	0.016264436734014	0.7094079422320155	-3.2516173839345184	2.7466846035195074	430
3	BIP	71	-2.7625	0.010284124992262647	-0.6869385114837236	0.016264436734014	0.7094079422320155	-3.2516173839345184	2.7466846035195074	430
3	BIP	72	-2.74125	0.010630803226724227	-0.6869385114837236	0.016264436734014	0.7094079422320155	-3.2516173839345184	2.7466846035195074	430
3	BIP	73	-2.7199999999999998	0.011040026244090602	-0.6869385114837236	0.016264436734014	0.7094079422320155	-3.2516173839345184	2.7466846035195074	430
3	BIP	74	-2.69875	0.011517143448861166	-0.6869385114837236	0.016264436734014	0.7094079422320155	-3.2516173839345184	2.7466846035195074	430
3	BIP	75	-2.6775	0.012066877936866933	-0.6869385114837236	0.016264436734014	0.7094079422320155	-3.2516173839345184	2.7466846035195074	430
3	BIP	76	-2.65625	0.012693207465395377	-0.6869385114837236	0.016264436734014	0.7094079422320155	-3.2516173839345184	2.7466846035195074	430
3	BIP	77	-2.635	0.013399256958667793	-0.6869385114837236	0.016264436734014	0.7094079422320155	-3.2516173839345184	2.7466846035195074	430
3	BIP	78	-2.6137499999999996	0.014187206534739186	-0.6869385114837236	0.016264436734014	0.7094079422320155	-3.2516173839345184	2.7466846035195074	430
3	BIP	79	-2.5925	0.015058218894336036	-0.6869385114837236	0.016264436734014	0.7094079422320155	-3.2516173839345184	2.7466846035195074	430
3	BIP	80	-2.57125	0.016012389611955228	-0.6869385114837236	0.016264436734014	0.7094079422320155	-3.2516173839345184	2.7466846035195074	430
3	BIP	81	-2.55	0.017048723411163553	-0.6869385114837236	0.016264436734014	0.7094079422320155	-3.2516173839345184	2.7466846035195074	430
3	BIP	82	-2.5287499999999996	0.018165138892616447	-0.6869385114837236	0.016264436734014	0.7094079422320155	-3.2516173839345184	2.7466846035195074	430
3	BIP	83	-2.5075	0.019358503425243024	-0.6869385114837236	0.016264436734014	0.7094079422320155	-3.2516173839345184	2.7466846035195074	430
3	BIP	84	-2.48625	0.020624699026156577	-0.6869385114837236	0.016264436734014	0.7094079422320155	-3.2516173839345184	2.7466846035195074	430
3	BIP	85	-2.465	0.02195871906827226	-0.6869385114837236	0.016264436734014	0.7094079422320155	-3.2516173839345184	2.7466846035195074	430
3	BIP	86	-2.4437499999999996	0.0233547945982393	-0.6869385114837236	0.016264436734014	0.7094079422320155	-3.2516173839345184	2.7466846035195074	430
3	BIP	87	-2.4225	0.024806547958849883	-0.6869385114837236	0.016264436734014	0.7094079422320155	-3.2516173839345184	2.7466846035195074	430
3	BIP	88	-2.40125	0.026307170331829652	-0.6869385114837236	0.016264436734014	0.7094079422320155	-3.2516173839345184	2.7466846035195074	430
3	BIP	89	-2.38	0.027849618793994665	-0.6869385114837236	0.016264436734014	0.7094079422320155	-3.2516173839345184	2.7466846035195074	430
3	BIP	90	-2.3587499999999997	0.029426827558300048	-0.6869385114837236	0.016264436734014	0.7094079422320155	-3.2516173839345184	2.7466846035195074	430
3	BIP	91	-2.3375	0.03103192729628158	-0.6869385114837236	0.016264436734014	0.7094079422320155	-3.2516173839345184	2.7466846035195074	430
3	BIP	92	-2.31625	0.032658465851414714	-0.6869385114837236	0.016264436734014	0.7094079422320155	-3.2516173839345184	2.7466846035195074	430
3	BIP	93	-2.295	0.03430062329003703	-0.6869385114837236	0.016264436734014	0.7094079422320155	-3.2516173839345184	2.7466846035195074	430
3	BIP	94	-2.2737499999999997	0.03595341412608104	-0.6869385114837236	0.016264436734014	0.7094079422320155	-3.2516173839345184	2.7466846035195074	430
3	BIP	95	-2.2525	0.037612869716855506	-0.6869385114837236	0.016264436734014	0.7094079422320155	-3.2516173839345184	2.7466846035195074	430
3	BIP	96	-2.2312499999999997	0.03927619426739769	-0.6869385114837236	0.016264436734014	0.7094079422320155	-3.2516173839345184	2.7466846035195074	430
3	BIP	97	-2.21	0.040941888596401264	-0.6869385114837236	0.016264436734014	0.7094079422320155	-3.2516173839345184	2.7466846035195074	430
3	BIP	98	-2.1887499999999998	0.042609836790756146	-0.6869385114837236	0.016264436734014	0.7094079422320155	-3.2516173839345184	2.7466846035195074	430
3	BIP	99	-2.1675	0.04428135207921365	-0.6869385114837236	0.016264436734014	0.7094079422320155	-3.2516173839345184	2.7466846035195074	430
3	BIP	100	-2.1462499999999998	0.04595917964773247	-0.6869385114837236	0.016264436734014	0.7094079422320155	-3.2516173839345184	2.7466846035195074	430
3	BIP	101	-2.125	0.04764745564829475	-0.6869385114837236	0.016264436734014	0.7094079422320155	-3.2516173839345184	2.7466846035195074	430
3	BIP	102	-2.10375	0.04935162325944033	-0.6869385114837236	0.016264436734014	0.7094079422320155	-3.2516173839345184	2.7466846035195074	430
3	BIP	103	-2.0825	0.05107830827424384	-0.6869385114837236	0.016264436734014	0.7094079422320155	-3.2516173839345184	2.7466846035195074	430
3	BIP	104	-2.06125	0.052835158250379356	-0.6869385114837236	0.016264436734014	0.7094079422320155	-3.2516173839345184	2.7466846035195074	430
3	BIP	105	-2.04	0.05463065068740779	-0.6869385114837236	0.016264436734014	0.7094079422320155	-3.2516173839345184	2.7466846035195074	430
3	BIP	106	-2.01875	0.05647387693165157	-0.6869385114837236	0.016264436734014	0.7094079422320155	-3.2516173839345184	2.7466846035195074	430
3	BIP	107	-1.9975	0.05837430948852266	-0.6869385114837236	0.016264436734014	0.7094079422320155	-3.2516173839345184	2.7466846035195074	430
3	BIP	108	-1.9762499999999998	0.06034156109497075	-0.6869385114837236	0.016264436734014	0.7094079422320155	-3.2516173839345184	2.7466846035195074	430
3	BIP	109	-1.9549999999999996	0.062385144232276604	-0.6869385114837236	0.016264436734014	0.7094079422320155	-3.2516173839345184	2.7466846035195074	430
3	BIP	110	-1.9337499999999999	0.06451423971796395	-0.6869385114837236	0.016264436734014	0.7094079422320155	-3.2516173839345184	2.7466846035195074	430
3	BIP	111	-1.9124999999999996	0.06673748259796008	-0.6869385114837236	0.016264436734014	0.7094079422320155	-3.2516173839345184	2.7466846035195074	430
3	BIP	112	-1.8912499999999999	0.06906277277677739	-0.6869385114837236	0.016264436734014	0.7094079422320155	-3.2516173839345184	2.7466846035195074	430
3	BIP	113	-1.8699999999999997	0.0714971167027059	-0.6869385114837236	0.016264436734014	0.7094079422320155	-3.2516173839345184	2.7466846035195074	430
3	BIP	114	-1.84875	0.07404650501233076	-0.6869385114837236	0.016264436734014	0.7094079422320155	-3.2516173839345184	2.7466846035195074	430
3	BIP	115	-1.8274999999999997	0.07671582939519468	-0.6869385114837236	0.016264436734014	0.7094079422320155	-3.2516173839345184	2.7466846035195074	430
3	BIP	116	-1.80625	0.07950884013939863	-0.6869385114837236	0.016264436734014	0.7094079422320155	-3.2516173839345184	2.7466846035195074	430
3	BIP	117	-1.7849999999999997	0.08242814394653512	-0.6869385114837236	0.016264436734014	0.7094079422320155	-3.2516173839345184	2.7466846035195074	430
3	BIP	118	-1.76375	0.08547523974972442	-0.6869385114837236	0.016264436734014	0.7094079422320155	-3.2516173839345184	2.7466846035195074	430
3	BIP	119	-1.7424999999999997	0.0886505885234449	-0.6869385114837236	0.016264436734014	0.7094079422320155	-3.2516173839345184	2.7466846035195074	430
3	BIP	120	-1.72125	0.09195371152690879	-0.6869385114837236	0.016264436734014	0.7094079422320155	-3.2516173839345184	2.7466846035195074	430
3	BIP	121	-1.6999999999999997	0.09538331015475836	-0.6869385114837236	0.016264436734014	0.7094079422320155	-3.2516173839345184	2.7466846035195074	430
3	BIP	122	-1.67875	0.09893739964827333	-0.6869385114837236	0.016264436734014	0.7094079422320155	-3.2516173839345184	2.7466846035195074	430
3	BIP	123	-1.6574999999999998	0.10261344839915718	-0.6869385114837236	0.016264436734014	0.7094079422320155	-3.2516173839345184	2.7466846035195074	430
3	BIP	124	-1.63625	0.10640851448872315	-0.6869385114837236	0.016264436734014	0.7094079422320155	-3.2516173839345184	2.7466846035195074	430
3	BIP	125	-1.6149999999999998	0.11031937145831076	-0.6869385114837236	0.016264436734014	0.7094079422320155	-3.2516173839345184	2.7466846035195074	430
3	BIP	126	-1.59375	0.11434261608922479	-0.6869385114837236	0.016264436734014	0.7094079422320155	-3.2516173839345184	2.7466846035195074	430
3	BIP	127	-1.5724999999999998	0.11847475214640275	-0.6869385114837236	0.016264436734014	0.7094079422320155	-3.2516173839345184	2.7466846035195074	430
3	BIP	128	-1.55125	0.12271224555154031	-0.6869385114837236	0.016264436734014	0.7094079422320155	-3.2516173839345184	2.7466846035195074	430
3	BIP	129	-1.5299999999999998	0.12705154822146822	-0.6869385114837236	0.016264436734014	0.7094079422320155	-3.2516173839345184	2.7466846035195074	430
3	BIP	130	-1.5087499999999996	0.13148908974359594	-0.6869385114837236	0.016264436734014	0.7094079422320155	-3.2516173839345184	2.7466846035195074	430
3	BIP	131	-1.4874999999999998	0.13602123805891575	-0.6869385114837236	0.016264436734014	0.7094079422320155	-3.2516173839345184	2.7466846035195074	430
3	BIP	132	-1.4662499999999996	0.1406442322757978	-0.6869385114837236	0.016264436734014	0.7094079422320155	-3.2516173839345184	2.7466846035195074	430
3	BIP	133	-1.4449999999999998	0.14535409253660453	-0.6869385114837236	0.016264436734014	0.7094079422320155	-3.2516173839345184	2.7466846035195074	430
3	BIP	134	-1.4237499999999996	0.15014651340267102	-0.6869385114837236	0.016264436734014	0.7094079422320155	-3.2516173839345184	2.7466846035195074	430
3	BIP	135	-1.4024999999999999	0.15501674842238172	-0.6869385114837236	0.016264436734014	0.7094079422320155	-3.2516173839345184	2.7466846035195074	430
3	BIP	136	-1.3812499999999996	0.1599594943303909	-0.6869385114837236	0.016264436734014	0.7094079422320155	-3.2516173839345184	2.7466846035195074	430
3	BIP	137	-1.3599999999999999	0.16496878364370238	-0.6869385114837236	0.016264436734014	0.7094079422320155	-3.2516173839345184	2.7466846035195074	430
3	BIP	138	-1.3387499999999997	0.17003789424731625	-0.6869385114837236	0.016264436734014	0.7094079422320155	-3.2516173839345184	2.7466846035195074	430
3	BIP	139	-1.3175	0.175159283900001	-0.6869385114837236	0.016264436734014	0.7094079422320155	-3.2516173839345184	2.7466846035195074	430
3	BIP	140	-1.2962499999999997	0.18032455646777762	-0.6869385114837236	0.016264436734014	0.7094079422320155	-3.2516173839345184	2.7466846035195074	430
3	BIP	141	-1.275	0.18552446516266904	-0.6869385114837236	0.016264436734014	0.7094079422320155	-3.2516173839345184	2.7466846035195074	430
3	BIP	142	-1.2537499999999997	0.19074895620391488	-0.6869385114837236	0.016264436734014	0.7094079422320155	-3.2516173839345184	2.7466846035195074	430
3	BIP	143	-1.2325	0.19598725422362118	-0.6869385114837236	0.016264436734014	0.7094079422320155	-3.2516173839345184	2.7466846035195074	430
3	BIP	144	-1.2112499999999997	0.20122798851814602	-0.6869385114837236	0.016264436734014	0.7094079422320155	-3.2516173839345184	2.7466846035195074	430
3	BIP	145	-1.19	0.20645935701773283	-0.6869385114837236	0.016264436734014	0.7094079422320155	-3.2516173839345184	2.7466846035195074	430
3	BIP	146	-1.1687499999999997	0.2116693227291487	-0.6869385114837236	0.016264436734014	0.7094079422320155	-3.2516173839345184	2.7466846035195074	430
3	BIP	147	-1.1475	0.21684583551376196	-0.6869385114837236	0.016264436734014	0.7094079422320155	-3.2516173839345184	2.7466846035195074	430
3	BIP	148	-1.1262499999999998	0.22197707050022822	-0.6869385114837236	0.016264436734014	0.7094079422320155	-3.2516173839345184	2.7466846035195074	430
3	BIP	149	-1.105	0.22705167328388987	-0.6869385114837236	0.016264436734014	0.7094079422320155	-3.2516173839345184	2.7466846035195074	430
3	BIP	150	-1.0837499999999998	0.2320590014001358	-0.6869385114837236	0.016264436734014	0.7094079422320155	-3.2516173839345184	2.7466846035195074	430
3	BIP	151	-1.0624999999999996	0.23698935141752275	-0.6869385114837236	0.016264436734014	0.7094079422320155	-3.2516173839345184	2.7466846035195074	430
3	BIP	152	-1.0412499999999998	0.24183416139253006	-0.6869385114837236	0.016264436734014	0.7094079422320155	-3.2516173839345184	2.7466846035195074	430
3	BIP	153	-1.0199999999999996	0.24658617934752902	-0.6869385114837236	0.016264436734014	0.7094079422320155	-3.2516173839345184	2.7466846035195074	430
3	BIP	154	-0.9987499999999998	0.25123958983559874	-0.6869385114837236	0.016264436734014	0.7094079422320155	-3.2516173839345184	2.7466846035195074	430
3	BIP	155	-0.9774999999999996	0.25579009247351897	-0.6869385114837236	0.016264436734014	0.7094079422320155	-3.2516173839345184	2.7466846035195074	430
3	BIP	156	-0.9562499999999998	0.2602349284688688	-0.6869385114837236	0.016264436734014	0.7094079422320155	-3.2516173839345184	2.7466846035195074	430
3	BIP	157	-0.9349999999999996	0.2645728535323839	-0.6869385114837236	0.016264436734014	0.7094079422320155	-3.2516173839345184	2.7466846035195074	430
3	BIP	158	-0.9137499999999998	0.2688040580341714	-0.6869385114837236	0.016264436734014	0.7094079422320155	-3.2516173839345184	2.7466846035195074	430
3	BIP	159	-0.8924999999999996	0.2729300377077256	-0.6869385114837236	0.016264436734014	0.7094079422320155	-3.2516173839345184	2.7466846035195074	430
3	BIP	160	-0.8712499999999999	0.27695342050498567	-0.6869385114837236	0.016264436734014	0.7094079422320155	-3.2516173839345184	2.7466846035195074	430
3	BIP	161	-0.8499999999999996	0.2808777572419786	-0.6869385114837236	0.016264436734014	0.7094079422320155	-3.2516173839345184	2.7466846035195074	430
3	BIP	162	-0.8287499999999999	0.2847072853439663	-0.6869385114837236	0.016264436734014	0.7094079422320155	-3.2516173839345184	2.7466846035195074	430
3	BIP	163	-0.8074999999999997	0.28844667621607306	-0.6869385114837236	0.016264436734014	0.7094079422320155	-3.2516173839345184	2.7466846035195074	430
3	BIP	164	-0.7862499999999999	0.2921007774678436	-0.6869385114837236	0.016264436734014	0.7094079422320155	-3.2516173839345184	2.7466846035195074	430
3	BIP	165	-0.7649999999999997	0.29567436137212527	-0.6869385114837236	0.016264436734014	0.7094079422320155	-3.2516173839345184	2.7466846035195074	430
3	BIP	166	-0.7437499999999999	0.2991718905325909	-0.6869385114837236	0.016264436734014	0.7094079422320155	-3.2516173839345184	2.7466846035195074	430
3	BIP	167	-0.7224999999999997	0.3025973107913245	-0.6869385114837236	0.016264436734014	0.7094079422320155	-3.2516173839345184	2.7466846035195074	430
3	BIP	168	-0.7012499999999999	0.3059538799770961	-0.6869385114837236	0.016264436734014	0.7094079422320155	-3.2516173839345184	2.7466846035195074	430
3	BIP	169	-0.6799999999999997	0.30924403925020316	-0.6869385114837236	0.016264436734014	0.7094079422320155	-3.2516173839345184	2.7466846035195074	430
3	BIP	170	-0.65875	0.31246933163609636	-0.6869385114837236	0.016264436734014	0.7094079422320155	-3.2516173839345184	2.7466846035195074	430
3	BIP	171	-0.6374999999999997	0.31563036996841637	-0.6869385114837236	0.016264436734014	0.7094079422320155	-3.2516173839345184	2.7466846035195074	430
3	BIP	172	-0.6162499999999995	0.31872685400356726	-0.6869385114837236	0.016264436734014	0.7094079422320155	-3.2516173839345184	2.7466846035195074	430
3	BIP	173	-0.5949999999999998	0.32175763404802554	-0.6869385114837236	0.016264436734014	0.7094079422320155	-3.2516173839345184	2.7466846035195074	430
3	BIP	174	-0.5737499999999995	0.32472081617762305	-0.6869385114837236	0.016264436734014	0.7094079422320155	-3.2516173839345184	2.7466846035195074	430
3	BIP	175	-0.5524999999999998	0.32761390213701325	-0.6869385114837236	0.016264436734014	0.7094079422320155	-3.2516173839345184	2.7466846035195074	430
3	BIP	176	-0.5312499999999996	0.33043395538399506	-0.6869385114837236	0.016264436734014	0.7094079422320155	-3.2516173839345184	2.7466846035195074	430
3	BIP	177	-0.5099999999999998	0.3331777835639082	-0.6869385114837236	0.016264436734014	0.7094079422320155	-3.2516173839345184	2.7466846035195074	430
3	BIP	178	-0.4887499999999996	0.33584212701672556	-0.6869385114837236	0.016264436734014	0.7094079422320155	-3.2516173839345184	2.7466846035195074	430
3	BIP	179	-0.4674999999999998	0.33842384276045384	-0.6869385114837236	0.016264436734014	0.7094079422320155	-3.2516173839345184	2.7466846035195074	430
3	BIP	180	-0.4462499999999996	0.34092007375905575	-0.6869385114837236	0.016264436734014	0.7094079422320155	-3.2516173839345184	2.7466846035195074	430
3	BIP	181	-0.4249999999999998	0.34332839414513094	-0.6869385114837236	0.016264436734014	0.7094079422320155	-3.2516173839345184	2.7466846035195074	430
3	BIP	182	-0.4037499999999996	0.3456469223769075	-0.6869385114837236	0.016264436734014	0.7094079422320155	-3.2516173839345184	2.7466846035195074	430
3	BIP	183	-0.38249999999999984	0.34787439599479913	-0.6869385114837236	0.016264436734014	0.7094079422320155	-3.2516173839345184	2.7466846035195074	430
3	BIP	184	-0.3612499999999996	0.35001020361744517	-0.6869385114837236	0.016264436734014	0.7094079422320155	-3.2516173839345184	2.7466846035195074	430
3	BIP	185	-0.33999999999999986	0.3520543719818702	-0.6869385114837236	0.016264436734014	0.7094079422320155	-3.2516173839345184	2.7466846035195074	430
3	BIP	186	-0.31874999999999964	0.35400750808194603	-0.6869385114837236	0.016264436734014	0.7094079422320155	-3.2516173839345184	2.7466846035195074	430
3	BIP	187	-0.2974999999999999	0.3558706986874389	-0.6869385114837236	0.016264436734014	0.7094079422320155	-3.2516173839345184	2.7466846035195074	430
3	BIP	188	-0.27624999999999966	0.35764537163068477	-0.6869385114837236	0.016264436734014	0.7094079422320155	-3.2516173839345184	2.7466846035195074	430
3	BIP	189	-0.2549999999999999	0.35933312513582805	-0.6869385114837236	0.016264436734014	0.7094079422320155	-3.2516173839345184	2.7466846035195074	430
3	BIP	190	-0.23374999999999968	0.3609355330558545	-0.6869385114837236	0.016264436734014	0.7094079422320155	-3.2516173839345184	2.7466846035195074	430
3	BIP	191	-0.21249999999999947	0.3624539351101097	-0.6869385114837236	0.016264436734014	0.7094079422320155	-3.2516173839345184	2.7466846035195074	430
3	BIP	192	-0.19125000000000014	0.36388922203196394	-0.6869385114837236	0.016264436734014	0.7094079422320155	-3.2516173839345184	2.7466846035195074	430
3	BIP	193	-0.16999999999999993	0.36524162591415354	-0.6869385114837236	0.016264436734014	0.7094079422320155	-3.2516173839345184	2.7466846035195074	430
3	BIP	194	-0.14874999999999972	0.36651052596842026	-0.6869385114837236	0.016264436734014	0.7094079422320155	-3.2516173839345184	2.7466846035195074	430
3	BIP	195	-0.1274999999999995	0.36769427940561755	-0.6869385114837236	0.016264436734014	0.7094079422320155	-3.2516173839345184	2.7466846035195074	430
3	BIP	196	-0.10624999999999929	0.36879008621893095	-0.6869385114837236	0.016264436734014	0.7094079422320155	-3.2516173839345184	2.7466846035195074	430
3	BIP	197	-0.08499999999999996	0.36979389535879875	-0.6869385114837236	0.016264436734014	0.7094079422320155	-3.2516173839345184	2.7466846035195074	430
3	BIP	198	-0.06374999999999975	0.3707003581794283	-0.6869385114837236	0.016264436734014	0.7094079422320155	-3.2516173839345184	2.7466846035195074	430
3	BIP	199	-0.04249999999999954	0.37150283318073074	-0.6869385114837236	0.016264436734014	0.7094079422320155	-3.2516173839345184	2.7466846035195074	430
3	BIP	200	-0.021249999999999325	0.3721934440416916	-0.6869385114837236	0.016264436734014	0.7094079422320155	-3.2516173839345184	2.7466846035195074	430
3	BIP	201	0.0	0.3727631908229569	-0.6869385114837236	0.016264436734014	0.7094079422320155	-3.2516173839345184	2.7466846035195074	430
3	BIP	202	0.021250000000000213	0.3732021120918657	-0.6869385114837236	0.016264436734014	0.7094079422320155	-3.2516173839345184	2.7466846035195074	430
3	BIP	203	0.042500000000000426	0.37349949367614593	-0.6869385114837236	0.016264436734014	0.7094079422320155	-3.2516173839345184	2.7466846035195074	430
3	BIP	204	0.06375000000000064	0.37364411786394375	-0.6869385114837236	0.016264436734014	0.7094079422320155	-3.2516173839345184	2.7466846035195074	430
3	BIP	205	0.08499999999999996	0.3736245452125175	-0.6869385114837236	0.016264436734014	0.7094079422320155	-3.2516173839345184	2.7466846035195074	430
3	BIP	206	0.10625000000000018	0.37342941977215816	-0.6869385114837236	0.016264436734014	0.7094079422320155	-3.2516173839345184	2.7466846035195074	430
3	BIP	207	0.1275000000000004	0.3730477875305696	-0.6869385114837236	0.016264436734014	0.7094079422320155	-3.2516173839345184	2.7466846035195074	430
3	BIP	208	0.1487500000000006	0.37246941727753785	-0.6869385114837236	0.016264436734014	0.7094079422320155	-3.2516173839345184	2.7466846035195074	430
3	BIP	209	0.16999999999999993	0.3716851129063053	-0.6869385114837236	0.016264436734014	0.7094079422320155	-3.2516173839345184	2.7466846035195074	430
3	BIP	210	0.19125000000000014	0.3706870064157742	-0.6869385114837236	0.016264436734014	0.7094079422320155	-3.2516173839345184	2.7466846035195074	430
3	BIP	211	0.21250000000000036	0.3694688215480364	-0.6869385114837236	0.016264436734014	0.7094079422320155	-3.2516173839345184	2.7466846035195074	430
3	BIP	212	0.23375000000000057	0.3680260990624926	-0.6869385114837236	0.016264436734014	0.7094079422320155	-3.2516173839345184	2.7466846035195074	430
3	BIP	213	0.2549999999999999	0.3663563760675173	-0.6869385114837236	0.016264436734014	0.7094079422320155	-3.2516173839345184	2.7466846035195074	430
3	BIP	214	0.2762500000000001	0.36445931354422834	-0.6869385114837236	0.016264436734014	0.7094079422320155	-3.2516173839345184	2.7466846035195074	430
3	BIP	215	0.2975000000000003	0.36233676813195365	-0.6869385114837236	0.016264436734014	0.7094079422320155	-3.2516173839345184	2.7466846035195074	430
3	BIP	216	0.31875000000000053	0.35999280631868236	-0.6869385114837236	0.016264436734014	0.7094079422320155	-3.2516173839345184	2.7466846035195074	430
3	BIP	217	0.34000000000000075	0.35743366130280385	-0.6869385114837236	0.016264436734014	0.7094079422320155	-3.2516173839345184	2.7466846035195074	430
3	BIP	218	0.36125000000000007	0.3546676348728948	-0.6869385114837236	0.016264436734014	0.7094079422320155	-3.2516173839345184	2.7466846035195074	430
3	BIP	219	0.3825000000000003	0.3517049486003328	-0.6869385114837236	0.016264436734014	0.7094079422320155	-3.2516173839345184	2.7466846035195074	430
3	BIP	220	0.4037500000000005	0.34855755037167724	-0.6869385114837236	0.016264436734014	0.7094079422320155	-3.2516173839345184	2.7466846035195074	430
3	BIP	221	0.4250000000000007	0.3452388837311377	-0.6869385114837236	0.016264436734014	0.7094079422320155	-3.2516173839345184	2.7466846035195074	430
3	BIP	222	0.44625000000000004	0.3417636285994884	-0.6869385114837236	0.016264436734014	0.7094079422320155	-3.2516173839345184	2.7466846035195074	430
3	BIP	223	0.46750000000000025	0.3381474226432098	-0.6869385114837236	0.016264436734014	0.7094079422320155	-3.2516173839345184	2.7466846035195074	430
3	BIP	224	0.48875000000000046	0.33440657286425085	-0.6869385114837236	0.016264436734014	0.7094079422320155	-3.2516173839345184	2.7466846035195074	430
3	BIP	225	0.5100000000000007	0.33055776686491867	-0.6869385114837236	0.016264436734014	0.7094079422320155	-3.2516173839345184	2.7466846035195074	430
3	BIP	226	0.53125	0.3266177927321456	-0.6869385114837236	0.016264436734014	0.7094079422320155	-3.2516173839345184	2.7466846035195074	430
3	BIP	227	0.5525000000000002	0.3226032756178311	-0.6869385114837236	0.016264436734014	0.7094079422320155	-3.2516173839345184	2.7466846035195074	430
3	BIP	228	0.5737500000000004	0.31853043792063207	-0.6869385114837236	0.016264436734014	0.7094079422320155	-3.2516173839345184	2.7466846035195074	430
3	BIP	229	0.5950000000000006	0.3144148885662654	-0.6869385114837236	0.016264436734014	0.7094079422320155	-3.2516173839345184	2.7466846035195074	430
3	BIP	230	0.61625	0.31027144531443784	-0.6869385114837236	0.016264436734014	0.7094079422320155	-3.2516173839345184	2.7466846035195074	430
3	BIP	231	0.6375000000000002	0.30611399237231074	-0.6869385114837236	0.016264436734014	0.7094079422320155	-3.2516173839345184	2.7466846035195074	430
3	BIP	232	0.6587500000000004	0.3019553739491934	-0.6869385114837236	0.016264436734014	0.7094079422320155	-3.2516173839345184	2.7466846035195074	430
3	BIP	233	0.6800000000000006	0.29780732282351685	-0.6869385114837236	0.016264436734014	0.7094079422320155	-3.2516173839345184	2.7466846035195074	430
3	BIP	234	0.7012499999999999	0.29368042158215724	-0.6869385114837236	0.016264436734014	0.7094079422320155	-3.2516173839345184	2.7466846035195074	430
3	BIP	235	0.7225000000000001	0.2895840929940055	-0.6869385114837236	0.016264436734014	0.7094079422320155	-3.2516173839345184	2.7466846035195074	430
3	BIP	236	0.7437500000000004	0.2855266150408736	-0.6869385114837236	0.016264436734014	0.7094079422320155	-3.2516173839345184	2.7466846035195074	430
3	BIP	237	0.7650000000000006	0.2815151554807222	-0.6869385114837236	0.016264436734014	0.7094079422320155	-3.2516173839345184	2.7466846035195074	430
3	BIP	238	0.7862500000000008	0.2775558204757878	-0.6869385114837236	0.016264436734014	0.7094079422320155	-3.2516173839345184	2.7466846035195074	430
3	BIP	239	0.8075000000000001	0.2736537117805177	-0.6869385114837236	0.016264436734014	0.7094079422320155	-3.2516173839345184	2.7466846035195074	430
3	BIP	240	0.8287500000000003	0.26981298723499575	-0.6869385114837236	0.016264436734014	0.7094079422320155	-3.2516173839345184	2.7466846035195074	430
3	BIP	241	0.8500000000000005	0.2660369198189342	-0.6869385114837236	0.016264436734014	0.7094079422320155	-3.2516173839345184	2.7466846035195074	430
3	BIP	242	0.8712500000000007	0.26232795124821745	-0.6869385114837236	0.016264436734014	0.7094079422320155	-3.2516173839345184	2.7466846035195074	430
3	BIP	243	0.8925000000000001	0.25868773699070047	-0.6869385114837236	0.016264436734014	0.7094079422320155	-3.2516173839345184	2.7466846035195074	430
3	BIP	244	0.9137500000000003	0.25511718058510796	-0.6869385114837236	0.016264436734014	0.7094079422320155	-3.2516173839345184	2.7466846035195074	430
3	BIP	245	0.9350000000000005	0.25161645620863227	-0.6869385114837236	0.016264436734014	0.7094079422320155	-3.2516173839345184	2.7466846035195074	430
3	BIP	246	0.9562500000000007	0.24818501949769653	-0.6869385114837236	0.016264436734014	0.7094079422320155	-3.2516173839345184	2.7466846035195074	430
3	BIP	247	0.9775	0.2448216076282163	-0.6869385114837236	0.016264436734014	0.7094079422320155	-3.2516173839345184	2.7466846035195074	430
3	BIP	248	0.9987500000000002	0.24152423055808797	-0.6869385114837236	0.016264436734014	0.7094079422320155	-3.2516173839345184	2.7466846035195074	430
3	BIP	249	1.0200000000000005	0.23829015608480497	-0.6869385114837236	0.016264436734014	0.7094079422320155	-3.2516173839345184	2.7466846035195074	430
3	BIP	250	1.0412500000000007	0.2351158919436703	-0.6869385114837236	0.016264436734014	0.7094079422320155	-3.2516173839345184	2.7466846035195074	430
3	BIP	251	1.0625	0.2319971685457839	-0.6869385114837236	0.016264436734014	0.7094079422320155	-3.2516173839345184	2.7466846035195074	430
3	BIP	252	1.0837500000000002	0.22892892611937388	-0.6869385114837236	0.016264436734014	0.7094079422320155	-3.2516173839345184	2.7466846035195074	430
3	BIP	253	1.1050000000000004	0.22590530997321703	-0.6869385114837236	0.016264436734014	0.7094079422320155	-3.2516173839345184	2.7466846035195074	430
3	BIP	254	1.1262500000000006	0.2229196773569452	-0.6869385114837236	0.016264436734014	0.7094079422320155	-3.2516173839345184	2.7466846035195074	430
3	BIP	255	1.1475	0.21996461896903605	-0.6869385114837236	0.016264436734014	0.7094079422320155	-3.2516173839345184	2.7466846035195074	430
3	BIP	256	1.1687500000000002	0.21703199758587827	-0.6869385114837236	0.016264436734014	0.7094079422320155	-3.2516173839345184	2.7466846035195074	430
3	BIP	257	1.1900000000000004	0.2141130055869144	-0.6869385114837236	0.016264436734014	0.7094079422320155	-3.2516173839345184	2.7466846035195074	430
3	BIP	258	1.2112500000000006	0.21119824236798984	-0.6869385114837236	0.016264436734014	0.7094079422320155	-3.2516173839345184	2.7466846035195074	430
3	BIP	259	1.2325000000000008	0.20827781180615254	-0.6869385114837236	0.016264436734014	0.7094079422320155	-3.2516173839345184	2.7466846035195074	430
3	BIP	260	1.2537500000000001	0.20534143910273334	-0.6869385114837236	0.016264436734014	0.7094079422320155	-3.2516173839345184	2.7466846035195074	430
3	BIP	261	1.2750000000000004	0.20237860552446385	-0.6869385114837236	0.016264436734014	0.7094079422320155	-3.2516173839345184	2.7466846035195074	430
3	BIP	262	1.2962500000000006	0.19937869881795714	-0.6869385114837236	0.016264436734014	0.7094079422320155	-3.2516173839345184	2.7466846035195074	430
3	BIP	263	1.3175000000000008	0.19633117641979805	-0.6869385114837236	0.016264436734014	0.7094079422320155	-3.2516173839345184	2.7466846035195074	430
3	BIP	264	1.33875	0.19322573804563023	-0.6869385114837236	0.016264436734014	0.7094079422320155	-3.2516173839345184	2.7466846035195074	430
3	BIP	265	1.3600000000000003	0.1900525038335071	-0.6869385114837236	0.016264436734014	0.7094079422320155	-3.2516173839345184	2.7466846035195074	430
3	BIP	266	1.3812500000000005	0.18680219394921532	-0.6869385114837236	0.016264436734014	0.7094079422320155	-3.2516173839345184	2.7466846035195074	430
3	BIP	267	1.4025000000000007	0.18346630543757184	-0.6869385114837236	0.016264436734014	0.7094079422320155	-3.2516173839345184	2.7466846035195074	430
3	BIP	268	1.42375	0.18003728212100223	-0.6869385114837236	0.016264436734014	0.7094079422320155	-3.2516173839345184	2.7466846035195074	430
3	BIP	269	1.4450000000000003	0.17650867349678806	-0.6869385114837236	0.016264436734014	0.7094079422320155	-3.2516173839345184	2.7466846035195074	430
3	BIP	270	1.4662500000000005	0.17287527885452197	-0.6869385114837236	0.016264436734014	0.7094079422320155	-3.2516173839345184	2.7466846035195074	430
3	BIP	271	1.4875000000000007	0.16913327320942617	-0.6869385114837236	0.016264436734014	0.7094079422320155	-3.2516173839345184	2.7466846035195074	430
3	BIP	272	1.50875	0.16528031210686464	-0.6869385114837236	0.016264436734014	0.7094079422320155	-3.2516173839345184	2.7466846035195074	430
3	BIP	273	1.5300000000000002	0.1613156128790508	-0.6869385114837236	0.016264436734014	0.7094079422320155	-3.2516173839345184	2.7466846035195074	430
3	BIP	274	1.5512500000000005	0.15724001050677225	-0.6869385114837236	0.016264436734014	0.7094079422320155	-3.2516173839345184	2.7466846035195074	430
3	BIP	275	1.5725000000000007	0.15305598683781874	-0.6869385114837236	0.016264436734014	0.7094079422320155	-3.2516173839345184	2.7466846035195074	430
3	BIP	276	1.59375	0.14876767252182957	-0.6869385114837236	0.016264436734014	0.7094079422320155	-3.2516173839345184	2.7466846035195074	430
3	BIP	277	1.6150000000000002	0.14438082162240534	-0.6869385114837236	0.016264436734014	0.7094079422320155	-3.2516173839345184	2.7466846035195074	430
3	BIP	278	1.6362500000000004	0.1399027594474842	-0.6869385114837236	0.016264436734014	0.7094079422320155	-3.2516173839345184	2.7466846035195074	430
3	BIP	279	1.6575000000000006	0.13534230468621614	-0.6869385114837236	0.016264436734014	0.7094079422320155	-3.2516173839345184	2.7466846035195074	430
3	BIP	280	1.6787500000000009	0.13070966744499216	-0.6869385114837236	0.016264436734014	0.7094079422320155	-3.2516173839345184	2.7466846035195074	430
3	BIP	281	1.7000000000000002	0.12601632522881495	-0.6869385114837236	0.016264436734014	0.7094079422320155	-3.2516173839345184	2.7466846035195074	430
3	BIP	282	1.7212500000000004	0.12127487931050303	-0.6869385114837236	0.016264436734014	0.7094079422320155	-3.2516173839345184	2.7466846035195074	430
3	BIP	283	1.7425000000000006	0.11649889426428607	-0.6869385114837236	0.016264436734014	0.7094079422320155	-3.2516173839345184	2.7466846035195074	430
3	BIP	284	1.7637500000000008	0.11170272370843567	-0.6869385114837236	0.016264436734014	0.7094079422320155	-3.2516173839345184	2.7466846035195074	430
3	BIP	285	1.7850000000000001	0.1069013255009665	-0.6869385114837236	0.016264436734014	0.7094079422320155	-3.2516173839345184	2.7466846035195074	430
3	BIP	286	1.8062500000000004	0.10211006976140506	-0.6869385114837236	0.016264436734014	0.7094079422320155	-3.2516173839345184	2.7466846035195074	430
3	BIP	287	1.8275000000000006	0.09734454314941501	-0.6869385114837236	0.016264436734014	0.7094079422320155	-3.2516173839345184	2.7466846035195074	430
3	BIP	288	1.8487500000000008	0.092620352817968	-0.6869385114837236	0.016264436734014	0.7094079422320155	-3.2516173839345184	2.7466846035195074	430
3	BIP	289	1.87	0.08795293337623944	-0.6869385114837236	0.016264436734014	0.7094079422320155	-3.2516173839345184	2.7466846035195074	430
3	BIP	290	1.8912500000000003	0.08335736004823274	-0.6869385114837236	0.016264436734014	0.7094079422320155	-3.2516173839345184	2.7466846035195074	430
3	BIP	291	1.9125000000000005	0.07884817100148499	-0.6869385114837236	0.016264436734014	0.7094079422320155	-3.2516173839345184	2.7466846035195074	430
3	BIP	292	1.9337500000000007	0.07443920155178653	-0.6869385114837236	0.016264436734014	0.7094079422320155	-3.2516173839345184	2.7466846035195074	430
3	BIP	293	1.955	0.07014343263188977	-0.6869385114837236	0.016264436734014	0.7094079422320155	-3.2516173839345184	2.7466846035195074	430
3	BIP	294	1.9762500000000003	0.06597285555334603	-0.6869385114837236	0.016264436734014	0.7094079422320155	-3.2516173839345184	2.7466846035195074	430
3	BIP	295	1.9975000000000005	0.061938354700881604	-0.6869385114837236	0.016264436734014	0.7094079422320155	-3.2516173839345184	2.7466846035195074	430
3	BIP	296	2.0187500000000007	0.0580496093889943	-0.6869385114837236	0.016264436734014	0.7094079422320155	-3.2516173839345184	2.7466846035195074	430
3	BIP	297	2.04	0.054315015692329306	-0.6869385114837236	0.016264436734014	0.7094079422320155	-3.2516173839345184	2.7466846035195074	430
3	BIP	298	2.0612500000000002	0.05074162864654651	-0.6869385114837236	0.016264436734014	0.7094079422320155	-3.2516173839345184	2.7466846035195074	430
3	BIP	299	2.0825000000000005	0.047335124816248304	-0.6869385114837236	0.016264436734014	0.7094079422320155	-3.2516173839345184	2.7466846035195074	430
3	BIP	300	2.1037500000000007	0.044099784851622234	-0.6869385114837236	0.016264436734014	0.7094079422320155	-3.2516173839345184	2.7466846035195074	430
3	BIP	301	2.125000000000001	0.04103849531503102	-0.6869385114837236	0.016264436734014	0.7094079422320155	-3.2516173839345184	2.7466846035195074	430
3	BIP	302	2.14625	0.038152768760346754	-0.6869385114837236	0.016264436734014	0.7094079422320155	-3.2516173839345184	2.7466846035195074	430
3	BIP	303	2.1675000000000004	0.03544278079681607	-0.6869385114837236	0.016264436734014	0.7094079422320155	-3.2516173839345184	2.7466846035195074	430
3	BIP	304	2.1887500000000006	0.03290742266885267	-0.6869385114837236	0.016264436734014	0.7094079422320155	-3.2516173839345184	2.7466846035195074	430
3	BIP	305	2.210000000000001	0.03054436773418405	-0.6869385114837236	0.016264436734014	0.7094079422320155	-3.2516173839345184	2.7466846035195074	430
3	BIP	306	2.23125	0.028350150123806244	-0.6869385114837236	0.016264436734014	0.7094079422320155	-3.2516173839345184	2.7466846035195074	430
3	BIP	307	2.2525000000000004	0.02632025381469131	-0.6869385114837236	0.016264436734014	0.7094079422320155	-3.2516173839345184	2.7466846035195074	430
3	BIP	308	2.2737500000000006	0.02444921033488906	-0.6869385114837236	0.016264436734014	0.7094079422320155	-3.2516173839345184	2.7466846035195074	430
3	BIP	309	2.295000000000001	0.022730703344008056	-0.6869385114837236	0.016264436734014	0.7094079422320155	-3.2516173839345184	2.7466846035195074	430
3	BIP	310	2.31625	0.0211576783826779	-0.6869385114837236	0.016264436734014	0.7094079422320155	-3.2516173839345184	2.7466846035195074	430
3	BIP	311	2.3375000000000004	0.01972245615485952	-0.6869385114837236	0.016264436734014	0.7094079422320155	-3.2516173839345184	2.7466846035195074	430
3	BIP	312	2.3587500000000006	0.018416847789428734	-0.6869385114837236	0.016264436734014	0.7094079422320155	-3.2516173839345184	2.7466846035195074	430
3	BIP	313	2.380000000000001	0.017232270615724195	-0.6869385114837236	0.016264436734014	0.7094079422320155	-3.2516173839345184	2.7466846035195074	430
3	BIP	314	2.40125	0.016159863076345274	-0.6869385114837236	0.016264436734014	0.7094079422320155	-3.2516173839345184	2.7466846035195074	430
3	BIP	315	2.4225000000000003	0.015190597485512112	-0.6869385114837236	0.016264436734014	0.7094079422320155	-3.2516173839345184	2.7466846035195074	430
3	BIP	316	2.4437500000000005	0.014315389420583984	-0.6869385114837236	0.016264436734014	0.7094079422320155	-3.2516173839345184	2.7466846035195074	430
3	BIP	317	2.4650000000000007	0.013525202607417634	-0.6869385114837236	0.016264436734014	0.7094079422320155	-3.2516173839345184	2.7466846035195074	430
3	BIP	318	2.48625	0.012811148228344242	-0.6869385114837236	0.016264436734014	0.7094079422320155	-3.2516173839345184	2.7466846035195074	430
3	BIP	319	2.5075000000000003	0.012164577647271854	-0.6869385114837236	0.016264436734014	0.7094079422320155	-3.2516173839345184	2.7466846035195074	430
3	BIP	320	2.5287500000000005	0.011577167613486336	-0.6869385114837236	0.016264436734014	0.7094079422320155	-3.2516173839345184	2.7466846035195074	430
3	BIP	321	2.5500000000000007	0.011040997078482837	-0.6869385114837236	0.016264436734014	0.7094079422320155	-3.2516173839345184	2.7466846035195074	430
3	BIP	322	2.571250000000001	0.010548614843141233	-0.6869385114837236	0.016264436734014	0.7094079422320155	-3.2516173839345184	2.7466846035195074	430
3	BIP	323	2.5925000000000002	0.010093097349958976	-0.6869385114837236	0.016264436734014	0.7094079422320155	-3.2516173839345184	2.7466846035195074	430
3	BIP	324	2.6137500000000005	0.009668096050277396	-0.6869385114837236	0.016264436734014	0.7094079422320155	-3.2516173839345184	2.7466846035195074	430
3	BIP	325	2.6350000000000007	0.009267873911668612	-0.6869385114837236	0.016264436734014	0.7094079422320155	-3.2516173839345184	2.7466846035195074	430
3	BIP	326	2.656250000000001	0.008887330786546134	-0.6869385114837236	0.016264436734014	0.7094079422320155	-3.2516173839345184	2.7466846035195074	430
3	BIP	327	2.6775	0.008522017538551696	-0.6869385114837236	0.016264436734014	0.7094079422320155	-3.2516173839345184	2.7466846035195074	430
3	BIP	328	2.6987500000000004	0.008168139015482138	-0.6869385114837236	0.016264436734014	0.7094079422320155	-3.2516173839345184	2.7466846035195074	430
3	BIP	329	2.7200000000000006	0.00782254616186767	-0.6869385114837236	0.016264436734014	0.7094079422320155	-3.2516173839345184	2.7466846035195074	430
3	BIP	330	2.741250000000001	0.007482717774702163	-0.6869385114837236	0.016264436734014	0.7094079422320155	-3.2516173839345184	2.7466846035195074	430
3	BIP	331	2.7625	0.007146732614993185	-0.6869385114837236	0.016264436734014	0.7094079422320155	-3.2516173839345184	2.7466846035195074	430
3	BIP	332	2.7837500000000004	0.006813232787735833	-0.6869385114837236	0.016264436734014	0.7094079422320155	-3.2516173839345184	2.7466846035195074	430
3	BIP	333	2.8050000000000006	0.006481379485365921	-0.6869385114837236	0.016264436734014	0.7094079422320155	-3.2516173839345184	2.7466846035195074	430
3	BIP	334	2.826250000000001	0.006150802346736093	-0.6869385114837236	0.016264436734014	0.7094079422320155	-3.2516173839345184	2.7466846035195074	430
3	BIP	335	2.8475	0.005821543807994722	-0.6869385114837236	0.016264436734014	0.7094079422320155	-3.2516173839345184	2.7466846035195074	430
3	BIP	336	2.8687500000000004	0.005493999907500473	-0.6869385114837236	0.016264436734014	0.7094079422320155	-3.2516173839345184	2.7466846035195074	430
3	BIP	337	2.8900000000000006	0.005168859049793596	-0.6869385114837236	0.016264436734014	0.7094079422320155	-3.2516173839345184	2.7466846035195074	430
3	BIP	338	2.911250000000001	0.00484704023131202	-0.6869385114837236	0.016264436734014	0.7094079422320155	-3.2516173839345184	2.7466846035195074	430
3	BIP	339	2.9325	0.004529632182727043	-0.6869385114837236	0.016264436734014	0.7094079422320155	-3.2516173839345184	2.7466846035195074	430
3	BIP	340	2.9537500000000003	0.004217834791330797	-0.6869385114837236	0.016264436734014	0.7094079422320155	-3.2516173839345184	2.7466846035195074	430
3	BIP	341	2.9750000000000005	0.003912904035706913	-0.6869385114837236	0.016264436734014	0.7094079422320155	-3.2516173839345184	2.7466846035195074	430
3	BIP	342	2.9962500000000007	0.0036161014996104164	-0.6869385114837236	0.016264436734014	0.7094079422320155	-3.2516173839345184	2.7466846035195074	430
3	BIP	343	3.017500000000001	0.003328649339689576	-0.6869385114837236	0.016264436734014	0.7094079422320155	-3.2516173839345184	2.7466846035195074	430
3	BIP	344	3.0387500000000003	0.0030516913705663506	-0.6869385114837236	0.016264436734014	0.7094079422320155	-3.2516173839345184	2.7466846035195074	430
3	BIP	345	3.0600000000000005	0.002786260709616167	-0.6869385114837236	0.016264436734014	0.7094079422320155	-3.2516173839345184	2.7466846035195074	430
3	BIP	346	3.0812500000000007	0.0025332542014373845	-0.6869385114837236	0.016264436734014	0.7094079422320155	-3.2516173839345184	2.7466846035195074	430
3	BIP	347	3.102500000000001	0.0022934136270204193	-0.6869385114837236	0.016264436734014	0.7094079422320155	-3.2516173839345184	2.7466846035195074	430
3	BIP	348	3.1237500000000002	0.0020673135028070147	-0.6869385114837236	0.016264436734014	0.7094079422320155	-3.2516173839345184	2.7466846035195074	430
3	BIP	349	3.1450000000000005	0.001855355096847126	-0.6869385114837236	0.016264436734014	0.7094079422320155	-3.2516173839345184	2.7466846035195074	430
3	BIP	350	3.1662500000000007	0.0016577661384120585	-0.6869385114837236	0.016264436734014	0.7094079422320155	-3.2516173839345184	2.7466846035195074	430
3	BIP	351	3.187500000000001	0.0014746055774454516	-0.6869385114837236	0.016264436734014	0.7094079422320155	-3.2516173839345184	2.7466846035195074	430
3	BIP	352	3.20875	0.0013057726632342357	-0.6869385114837236	0.016264436734014	0.7094079422320155	-3.2516173839345184	2.7466846035195074	430
3	BIP	353	3.2300000000000004	0.0011510195581482553	-0.6869385114837236	0.016264436734014	0.7094079422320155	-3.2516173839345184	2.7466846035195074	430
3	BIP	354	3.2512500000000006	0.0010099666812112143	-0.6869385114837236	0.016264436734014	0.7094079422320155	-3.2516173839345184	2.7466846035195074	430
3	BIP	355	3.272500000000001	0.0008821199852780934	-0.6869385114837236	0.016264436734014	0.7094079422320155	-3.2516173839345184	2.7466846035195074	430
3	BIP	356	3.29375	0.0007668894072657968	-0.6869385114837236	0.016264436734014	0.7094079422320155	-3.2516173839345184	2.7466846035195074	430
3	BIP	357	3.3150000000000004	0.0006636077889542632	-0.6869385114837236	0.016264436734014	0.7094079422320155	-3.2516173839345184	2.7466846035195074	430
3	BIP	358	3.3362500000000006	0.0005715496415586174	-0.6869385114837236	0.016264436734014	0.7094079422320155	-3.2516173839345184	2.7466846035195074	430
3	BIP	359	3.357500000000001	0.0004899492155423709	-0.6869385114837236	0.016264436734014	0.7094079422320155	-3.2516173839345184	2.7466846035195074	430
3	BIP	360	3.37875	0.0004180174330042964	-0.6869385114837236	0.016264436734014	0.7094079422320155	-3.2516173839345184	2.7466846035195074	430
3	BIP	361	3.4000000000000004	0.00035495733870316077	-0.6869385114837236	0.016264436734014	0.7094079422320155	-3.2516173839345184	2.7466846035195074	430
3	BIP	362	3.4212500000000006	0.00029997782312866716	-0.6869385114837236	0.016264436734014	0.7094079422320155	-3.2516173839345184	2.7466846035195074	430
3	BIP	363	3.442500000000001	0.0002523054633398258	-0.6869385114837236	0.016264436734014	0.7094079422320155	-3.2516173839345184	2.7466846035195074	430
3	BIP	364	3.463750000000001	0.00021119441164050025	-0.6869385114837236	0.016264436734014	0.7094079422320155	-3.2516173839345184	2.7466846035195074	430
3	BIP	365	3.4850000000000003	0.00017593433636739142	-0.6869385114837236	0.016264436734014	0.7094079422320155	-3.2516173839345184	2.7466846035195074	430
3	BIP	366	3.5062500000000005	0.00014585648170574022	-0.6869385114837236	0.016264436734014	0.7094079422320155	-3.2516173839345184	2.7466846035195074	430
3	BIP	367	3.5275000000000007	0.00012033796381456468	-0.6869385114837236	0.016264436734014	0.7094079422320155	-3.2516173839345184	2.7466846035195074	430
3	BIP	368	3.548750000000001	9.880445857191057e-05	-0.6869385114837236	0.016264436734014	0.7094079422320155	-3.2516173839345184	2.7466846035195074	430
3	BIP	369	3.5700000000000003	8.073146242497858e-05	-0.6869385114837236	0.016264436734014	0.7094079422320155	-3.2516173839345184	2.7466846035195074	430
3	BIP	370	3.5912500000000005	6.564432307295794e-05	-0.6869385114837236	0.016264436734014	0.7094079422320155	-3.2516173839345184	2.7466846035195074	430
3	BIP	371	3.6125000000000007	5.311724226880437e-05	-0.6869385114837236	0.016264436734014	0.7094079422320155	-3.2516173839345184	2.7466846035195074	430
3	BIP	372	3.633750000000001	4.277145035781945e-05	-0.6869385114837236	0.016264436734014	0.7094079422320155	-3.2516173839345184	2.7466846035195074	430
3	BIP	373	3.6550000000000002	3.4272742839066626e-05	-0.6869385114837236	0.016264436734014	0.7094079422320155	-3.2516173839345184	2.7466846035195074	430
3	BIP	374	3.6762500000000005	2.7328554816053814e-05	-0.6869385114837236	0.016264436734014	0.7094079422320155	-3.2516173839345184	2.7466846035195074	430
3	BIP	375	3.6975000000000007	2.168473120675097e-05	-0.6869385114837236	0.016264436734014	0.7094079422320155	-3.2516173839345184	2.7466846035195074	430
3	BIP	376	3.718750000000001	1.7122130395771278e-05	-0.6869385114837236	0.016264436734014	0.7094079422320155	-3.2516173839345184	2.7466846035195074	430
3	BIP	377	3.74	1.3453177851793605e-05	-0.6869385114837236	0.016264436734014	0.7094079422320155	-3.2516173839345184	2.7466846035195074	430
3	BIP	378	3.7612500000000004	1.0518465125658412e-05	-0.6869385114837236	0.016264436734014	0.7094079422320155	-3.2516173839345184	2.7466846035195074	430
3	BIP	379	3.7825000000000006	8.183469409099169e-06	-0.6869385114837236	0.016264436734014	0.7094079422320155	-3.2516173839345184	2.7466846035195074	430
3	BIP	380	3.803750000000001	6.335450087884766e-06	-0.6869385114837236	0.016264436734014	0.7094079422320155	-3.2516173839345184	2.7466846035195074	430
3	BIP	381	3.825000000000001	4.880561892284639e-06	-0.6869385114837236	0.016264436734014	0.7094079422320155	-3.2516173839345184	2.7466846035195074	430
3	BIP	382	3.8462500000000013	3.741209586468198e-06	-0.6869385114837236	0.016264436734014	0.7094079422320155	-3.2516173839345184	2.7466846035195074	430
3	BIP	383	3.8674999999999997	2.8536567532561153e-06	-0.6869385114837236	0.016264436734014	0.7094079422320155	-3.2516173839345184	2.7466846035195074	430
3	BIP	384	3.88875	2.16589110701327e-06	-0.6869385114837236	0.016264436734014	0.7094079422320155	-3.2516173839345184	2.7466846035195074	430
3	BIP	385	3.91	1.6357407968675685e-06	-0.6869385114837236	0.016264436734014	0.7094079422320155	-3.2516173839345184	2.7466846035195074	430
3	BIP	386	3.9312500000000004	1.229230168258631e-06	-0.6869385114837236	0.016264436734014	0.7094079422320155	-3.2516173839345184	2.7466846035195074	430
3	BIP	387	3.9525000000000006	9.191592120930883e-07	-0.6869385114837236	0.016264436734014	0.7094079422320155	-3.2516173839345184	2.7466846035195074	430
3	BIP	388	3.973750000000001	6.838882026637588e-07	-0.6869385114837236	0.016264436734014	0.7094079422320155	-3.2516173839345184	2.7466846035195074	430
3	BIP	389	3.995000000000001	5.06307556324588e-07	-0.6869385114837236	0.016264436734014	0.7094079422320155	-3.2516173839345184	2.7466846035195074	430
3	BIP	390	4.016250000000001	3.7297248758108483e-07	-0.6869385114837236	0.016264436734014	0.7094079422320155	-3.2516173839345184	2.7466846035195074	430
3	BIP	391	4.037500000000001	2.7338236903792875e-07	-0.6869385114837236	0.016264436734014	0.7094079422320155	-3.2516173839345184	2.7466846035195074	430
3	BIP	392	4.05875	1.9938561085403537e-07	-0.6869385114837236	0.016264436734014	0.7094079422320155	-3.2516173839345184	2.7466846035195074	430
3	BIP	393	4.08	1.4469218517152088e-07	-0.6869385114837236	0.016264436734014	0.7094079422320155	-3.2516173839345184	2.7466846035195074	430
3	BIP	394	4.10125	1.04477480981874e-07	-0.6869385114837236	0.016264436734014	0.7094079422320155	-3.2516173839345184	2.7466846035195074	430
3	BIP	395	4.1225000000000005	7.506286273742864e-08	-0.6869385114837236	0.016264436734014	0.7094079422320155	-3.2516173839345184	2.7466846035195074	430
3	BIP	396	4.143750000000001	5.366002584009251e-08	-0.6869385114837236	0.016264436734014	0.7094079422320155	-3.2516173839345184	2.7466846035195074	430
3	BIP	397	4.165000000000001	3.816792199729309e-08	-0.6869385114837236	0.016264436734014	0.7094079422320155	-3.2516173839345184	2.7466846035195074	430
3	BIP	398	4.186250000000001	2.7012616244855323e-08	-0.6869385114837236	0.016264436734014	0.7094079422320155	-3.2516173839345184	2.7466846035195074	430
3	BIP	399	4.207500000000001	1.9021901689004394e-08	-0.6869385114837236	0.016264436734014	0.7094079422320155	-3.2516173839345184	2.7466846035195074	430
3	BIP	400	4.22875	1.3327818509733896e-08	-0.6869385114837236	0.016264436734014	0.7094079422320155	-3.2516173839345184	2.7466846035195074	430
3	BIP	401	4.25	9.29139251078283e-09	-0.6869385114837236	0.016264436734014	0.7094079422320155	-3.2516173839345184	2.7466846035195074	430
4	SCZ	1	-4.25	0.0019239080425151672	-0.6194262388895952	0.04316298002583106	0.6692576568407654	-3.903461072841662	2.3006110842419796	430
4	SCZ	2	-4.22875	0.002118178396763544	-0.6194262388895952	0.04316298002583106	0.6692576568407654	-3.903461072841662	2.3006110842419796	430
4	SCZ	3	-4.2075	0.0023229083900653813	-0.6194262388895952	0.04316298002583106	0.6692576568407654	-3.903461072841662	2.3006110842419796	430
4	SCZ	4	-4.18625	0.0025376203606325334	-0.6194262388895952	0.04316298002583106	0.6692576568407654	-3.903461072841662	2.3006110842419796	430
4	SCZ	5	-4.165	0.002761730646268356	-0.6194262388895952	0.04316298002583106	0.6692576568407654	-3.903461072841662	2.3006110842419796	430
4	SCZ	6	-4.14375	0.0029945562900917143	-0.6194262388895952	0.04316298002583106	0.6692576568407654	-3.903461072841662	2.3006110842419796	430
4	SCZ	7	-4.1225	0.0032353236851666266	-0.6194262388895952	0.04316298002583106	0.6692576568407654	-3.903461072841662	2.3006110842419796	430
4	SCZ	8	-4.10125	0.0034831788519743404	-0.6194262388895952	0.04316298002583106	0.6692576568407654	-3.903461072841662	2.3006110842419796	430
4	SCZ	9	-4.08	0.0037371989795655126	-0.6194262388895952	0.04316298002583106	0.6692576568407654	-3.903461072841662	2.3006110842419796	430
4	SCZ	10	-4.05875	0.003996404817333898	-0.6194262388895952	0.04316298002583106	0.6692576568407654	-3.903461072841662	2.3006110842419796	430
4	SCZ	11	-4.0375	0.0042597734831010935	-0.6194262388895952	0.04316298002583106	0.6692576568407654	-3.903461072841662	2.3006110842419796	430
4	SCZ	12	-4.01625	0.004526251256777145	-0.6194262388895952	0.04316298002583106	0.6692576568407654	-3.903461072841662	2.3006110842419796	430
4	SCZ	13	-3.995	0.004794765957974637	-0.6194262388895952	0.04316298002583106	0.6692576568407654	-3.903461072841662	2.3006110842419796	430
4	SCZ	14	-3.97375	0.005064238559705817	-0.6194262388895952	0.04316298002583106	0.6692576568407654	-3.903461072841662	2.3006110842419796	430
4	SCZ	15	-3.9525	0.005333593766160401	-0.6194262388895952	0.04316298002583106	0.6692576568407654	-3.903461072841662	2.3006110842419796	430
4	SCZ	16	-3.93125	0.005601769376484281	-0.6194262388895952	0.04316298002583106	0.6692576568407654	-3.903461072841662	2.3006110842419796	430
4	SCZ	17	-3.91	0.005867724363058966	-0.6194262388895952	0.04316298002583106	0.6692576568407654	-3.903461072841662	2.3006110842419796	430
4	SCZ	18	-3.88875	0.006130445705588405	-0.6194262388895952	0.04316298002583106	0.6692576568407654	-3.903461072841662	2.3006110842419796	430
4	SCZ	19	-3.8675	0.0063889541342496275	-0.6194262388895952	0.04316298002583106	0.6692576568407654	-3.903461072841662	2.3006110842419796	430
4	SCZ	20	-3.84625	0.00664230903896212	-0.6194262388895952	0.04316298002583106	0.6692576568407654	-3.903461072841662	2.3006110842419796	430
4	SCZ	21	-3.825	0.006889612890427192	-0.6194262388895952	0.04316298002583106	0.6692576568407654	-3.903461072841662	2.3006110842419796	430
4	SCZ	22	-3.80375	0.007130015585635726	-0.6194262388895952	0.04316298002583106	0.6692576568407654	-3.903461072841662	2.3006110842419796	430
4	SCZ	23	-3.7824999999999998	0.007362719170799638	-0.6194262388895952	0.04316298002583106	0.6692576568407654	-3.903461072841662	2.3006110842419796	430
4	SCZ	24	-3.76125	0.007586983404339963	-0.6194262388895952	0.04316298002583106	0.6692576568407654	-3.903461072841662	2.3006110842419796	430
4	SCZ	25	-3.74	0.007802132599563294	-0.6194262388895952	0.04316298002583106	0.6692576568407654	-3.903461072841662	2.3006110842419796	430
4	SCZ	26	-3.71875	0.008007564130707582	-0.6194262388895952	0.04316298002583106	0.6692576568407654	-3.903461072841662	2.3006110842419796	430
4	SCZ	27	-3.6975	0.00820275889870984	-0.6194262388895952	0.04316298002583106	0.6692576568407654	-3.903461072841662	2.3006110842419796	430
4	SCZ	28	-3.67625	0.00838729393766188	-0.6194262388895952	0.04316298002583106	0.6692576568407654	-3.903461072841662	2.3006110842419796	430
4	SCZ	29	-3.655	0.00856085720434751	-0.6194262388895952	0.04316298002583106	0.6692576568407654	-3.903461072841662	2.3006110842419796	430
4	SCZ	30	-3.63375	0.008723264437637464	-0.6194262388895952	0.04316298002583106	0.6692576568407654	-3.903461072841662	2.3006110842419796	430
4	SCZ	31	-3.6125	0.008874477808938326	-0.6194262388895952	0.04316298002583106	0.6692576568407654	-3.903461072841662	2.3006110842419796	430
4	SCZ	32	-3.59125	0.009014625916997457	-0.6194262388895952	0.04316298002583106	0.6692576568407654	-3.903461072841662	2.3006110842419796	430
4	SCZ	33	-3.57	0.009144024518015888	-0.6194262388895952	0.04316298002583106	0.6692576568407654	-3.903461072841662	2.3006110842419796	430
4	SCZ	34	-3.54875	0.009263197232928377	-0.6194262388895952	0.04316298002583106	0.6692576568407654	-3.903461072841662	2.3006110842419796	430
4	SCZ	35	-3.5275	0.009372895345146208	-0.6194262388895952	0.04316298002583106	0.6692576568407654	-3.903461072841662	2.3006110842419796	430
4	SCZ	36	-3.50625	0.009474115700599228	-0.6194262388895952	0.04316298002583106	0.6692576568407654	-3.903461072841662	2.3006110842419796	430
4	SCZ	37	-3.485	0.009568115653248041	-0.6194262388895952	0.04316298002583106	0.6692576568407654	-3.903461072841662	2.3006110842419796	430
4	SCZ	38	-3.46375	0.009656423968029789	-0.6194262388895952	0.04316298002583106	0.6692576568407654	-3.903461072841662	2.3006110842419796	430
4	SCZ	39	-3.4425	0.00974084660300205	-0.6194262388895952	0.04316298002583106	0.6692576568407654	-3.903461072841662	2.3006110842419796	430
4	SCZ	40	-3.4212499999999997	0.00982346634563765	-0.6194262388895952	0.04316298002583106	0.6692576568407654	-3.903461072841662	2.3006110842419796	430
4	SCZ	41	-3.4	0.0099066353759665	-0.6194262388895952	0.04316298002583106	0.6692576568407654	-3.903461072841662	2.3006110842419796	430
4	SCZ	42	-3.37875	0.009992959971479497	-0.6194262388895952	0.04316298002583106	0.6692576568407654	-3.903461072841662	2.3006110842419796	430
4	SCZ	43	-3.3575	0.010085276754033668	-0.6194262388895952	0.04316298002583106	0.6692576568407654	-3.903461072841662	2.3006110842419796	430
4	SCZ	44	-3.3362499999999997	0.010186620104708567	-0.6194262388895952	0.04316298002583106	0.6692576568407654	-3.903461072841662	2.3006110842419796	430
4	SCZ	45	-3.315	0.010300180634525275	-0.6194262388895952	0.04316298002583106	0.6692576568407654	-3.903461072841662	2.3006110842419796	430
4	SCZ	46	-3.29375	0.010429254891525044	-0.6194262388895952	0.04316298002583106	0.6692576568407654	-3.903461072841662	2.3006110842419796	430
4	SCZ	47	-3.2725	0.01057718680074094	-0.6194262388895952	0.04316298002583106	0.6692576568407654	-3.903461072841662	2.3006110842419796	430
4	SCZ	48	-3.2512499999999998	0.010747301664336172	-0.6194262388895952	0.04316298002583106	0.6692576568407654	-3.903461072841662	2.3006110842419796	430
4	SCZ	49	-3.23	0.010942833884348772	-0.6194262388895952	0.04316298002583106	0.6692576568407654	-3.903461072841662	2.3006110842419796	430
4	SCZ	50	-3.20875	0.011166849898383529	-0.6194262388895952	0.04316298002583106	0.6692576568407654	-3.903461072841662	2.3006110842419796	430
4	SCZ	51	-3.1875	0.011422168126362785	-0.6194262388895952	0.04316298002583106	0.6692576568407654	-3.903461072841662	2.3006110842419796	430
4	SCZ	52	-3.16625	0.011711278000400012	-0.6194262388895952	0.04316298002583106	0.6692576568407654	-3.903461072841662	2.3006110842419796	430
4	SCZ	53	-3.145	0.01203626037597299	-0.6194262388895952	0.04316298002583106	0.6692576568407654	-3.903461072841662	2.3006110842419796	430
4	SCZ	54	-3.1237500000000002	0.01239871178709759	-0.6194262388895952	0.04316298002583106	0.6692576568407654	-3.903461072841662	2.3006110842419796	430
4	SCZ	55	-3.1025	0.01279967509837927	-0.6194262388895952	0.04316298002583106	0.6692576568407654	-3.903461072841662	2.3006110842419796	430
4	SCZ	56	-3.08125	0.013239579111651526	-0.6194262388895952	0.04316298002583106	0.6692576568407654	-3.903461072841662	2.3006110842419796	430
4	SCZ	57	-3.0599999999999996	0.013718189595977339	-0.6194262388895952	0.04316298002583106	0.6692576568407654	-3.903461072841662	2.3006110842419796	430
4	SCZ	58	-3.03875	0.01423457402201378	-0.6194262388895952	0.04316298002583106	0.6692576568407654	-3.903461072841662	2.3006110842419796	430
4	SCZ	59	-3.0175	0.014787081994069301	-0.6194262388895952	0.04316298002583106	0.6692576568407654	-3.903461072841662	2.3006110842419796	430
4	SCZ	60	-2.99625	0.015373342989118589	-0.6194262388895952	0.04316298002583106	0.6692576568407654	-3.903461072841662	2.3006110842419796	430
4	SCZ	61	-2.9749999999999996	0.015990282539949052	-0.6194262388895952	0.04316298002583106	0.6692576568407654	-3.903461072841662	2.3006110842419796	430
4	SCZ	62	-2.95375	0.016634157452786683	-0.6194262388895952	0.04316298002583106	0.6692576568407654	-3.903461072841662	2.3006110842419796	430
4	SCZ	63	-2.9325	0.017300610046164518	-0.6194262388895952	0.04316298002583106	0.6692576568407654	-3.903461072841662	2.3006110842419796	430
4	SCZ	64	-2.91125	0.017984740759574423	-0.6194262388895952	0.04316298002583106	0.6692576568407654	-3.903461072841662	2.3006110842419796	430
4	SCZ	65	-2.8899999999999997	0.01868119783300058	-0.6194262388895952	0.04316298002583106	0.6692576568407654	-3.903461072841662	2.3006110842419796	430
4	SCZ	66	-2.86875	0.019384282129366718	-0.6194262388895952	0.04316298002583106	0.6692576568407654	-3.903461072841662	2.3006110842419796	430
4	SCZ	67	-2.8475	0.020088064589680387	-0.6194262388895952	0.04316298002583106	0.6692576568407654	-3.903461072841662	2.3006110842419796	430
4	SCZ	68	-2.82625	0.02078651330301654	-0.6194262388895952	0.04316298002583106	0.6692576568407654	-3.903461072841662	2.3006110842419796	430
4	SCZ	69	-2.8049999999999997	0.021473626766042028	-0.6194262388895952	0.04316298002583106	0.6692576568407654	-3.903461072841662	2.3006110842419796	430
4	SCZ	70	-2.78375	0.02214356962141079	-0.6194262388895952	0.04316298002583106	0.6692576568407654	-3.903461072841662	2.3006110842419796	430
4	SCZ	71	-2.7625	0.022790807017819832	-0.6194262388895952	0.04316298002583106	0.6692576568407654	-3.903461072841662	2.3006110842419796	430
4	SCZ	72	-2.74125	0.023410233737303558	-0.6194262388895952	0.04316298002583106	0.6692576568407654	-3.903461072841662	2.3006110842419796	430
4	SCZ	73	-2.7199999999999998	0.023997294390860235	-0.6194262388895952	0.04316298002583106	0.6692576568407654	-3.903461072841662	2.3006110842419796	430
4	SCZ	74	-2.69875	0.024548091287593776	-0.6194262388895952	0.04316298002583106	0.6692576568407654	-3.903461072841662	2.3006110842419796	430
4	SCZ	75	-2.6775	0.025059477023503487	-0.6194262388895952	0.04316298002583106	0.6692576568407654	-3.903461072841662	2.3006110842419796	430
4	SCZ	76	-2.65625	0.025529129395029028	-0.6194262388895952	0.04316298002583106	0.6692576568407654	-3.903461072841662	2.3006110842419796	430
4	SCZ	77	-2.635	0.025955606894377942	-0.6194262388895952	0.04316298002583106	0.6692576568407654	-3.903461072841662	2.3006110842419796	430
4	SCZ	78	-2.6137499999999996	0.026338383758497858	-0.6194262388895952	0.04316298002583106	0.6692576568407654	-3.903461072841662	2.3006110842419796	430
4	SCZ	79	-2.5925	0.026677864287916946	-0.6194262388895952	0.04316298002583106	0.6692576568407654	-3.903461072841662	2.3006110842419796	430
4	SCZ	80	-2.57125	0.026975376890679522	-0.6194262388895952	0.04316298002583106	0.6692576568407654	-3.903461072841662	2.3006110842419796	430
4	SCZ	81	-2.55	0.027233149005802825	-0.6194262388895952	0.04316298002583106	0.6692576568407654	-3.903461072841662	2.3006110842419796	430
4	SCZ	82	-2.5287499999999996	0.02745426468803513	-0.6194262388895952	0.04316298002583106	0.6692576568407654	-3.903461072841662	2.3006110842419796	430
4	SCZ	83	-2.5075	0.027642607163359773	-0.6194262388895952	0.04316298002583106	0.6692576568407654	-3.903461072841662	2.3006110842419796	430
4	SCZ	84	-2.48625	0.027802789070578066	-0.6194262388895952	0.04316298002583106	0.6692576568407654	-3.903461072841662	2.3006110842419796	430
4	SCZ	85	-2.465	0.02794007337325373	-0.6194262388895952	0.04316298002583106	0.6692576568407654	-3.903461072841662	2.3006110842419796	430
4	SCZ	86	-2.4437499999999996	0.02806028805082997	-0.6194262388895952	0.04316298002583106	0.6692576568407654	-3.903461072841662	2.3006110842419796	430
4	SCZ	87	-2.4225	0.028169737658266497	-0.6194262388895952	0.04316298002583106	0.6692576568407654	-3.903461072841662	2.3006110842419796	430
4	SCZ	88	-2.40125	0.0282751146881655	-0.6194262388895952	0.04316298002583106	0.6692576568407654	-3.903461072841662	2.3006110842419796	430
4	SCZ	89	-2.38	0.028383413393065014	-0.6194262388895952	0.04316298002583106	0.6692576568407654	-3.903461072841662	2.3006110842419796	430
4	SCZ	90	-2.3587499999999997	0.028501848349097376	-0.6194262388895952	0.04316298002583106	0.6692576568407654	-3.903461072841662	2.3006110842419796	430
4	SCZ	91	-2.3375	0.028637779590532923	-0.6194262388895952	0.04316298002583106	0.6692576568407654	-3.903461072841662	2.3006110842419796	430
4	SCZ	92	-2.31625	0.028798645645342416	-0.6194262388895952	0.04316298002583106	0.6692576568407654	-3.903461072841662	2.3006110842419796	430
4	SCZ	93	-2.295	0.028991905283055737	-0.6194262388895952	0.04316298002583106	0.6692576568407654	-3.903461072841662	2.3006110842419796	430
4	SCZ	94	-2.2737499999999997	0.029224988275043468	-0.6194262388895952	0.04316298002583106	0.6692576568407654	-3.903461072841662	2.3006110842419796	430
4	SCZ	95	-2.2525	0.0295052549884778	-0.6194262388895952	0.04316298002583106	0.6692576568407654	-3.903461072841662	2.3006110842419796	430
4	SCZ	96	-2.2312499999999997	0.029839964209281908	-0.6194262388895952	0.04316298002583106	0.6692576568407654	-3.903461072841662	2.3006110842419796	430
4	SCZ	97	-2.21	0.030236248232159573	-0.6194262388895952	0.04316298002583106	0.6692576568407654	-3.903461072841662	2.3006110842419796	430
4	SCZ	98	-2.1887499999999998	0.030701093977767414	-0.6194262388895952	0.04316298002583106	0.6692576568407654	-3.903461072841662	2.3006110842419796	430
4	SCZ	99	-2.1675	0.03124132870329765	-0.6194262388895952	0.04316298002583106	0.6692576568407654	-3.903461072841662	2.3006110842419796	430
4	SCZ	100	-2.1462499999999998	0.031863608763173554	-0.6194262388895952	0.04316298002583106	0.6692576568407654	-3.903461072841662	2.3006110842419796	430
4	SCZ	101	-2.125	0.032574409846867124	-0.6194262388895952	0.04316298002583106	0.6692576568407654	-3.903461072841662	2.3006110842419796	430
4	SCZ	102	-2.10375	0.03338001716331341	-0.6194262388895952	0.04316298002583106	0.6692576568407654	-3.903461072841662	2.3006110842419796	430
4	SCZ	103	-2.0825	0.03428651414607496	-0.6194262388895952	0.04316298002583106	0.6692576568407654	-3.903461072841662	2.3006110842419796	430
4	SCZ	104	-2.06125	0.035299768409338385	-0.6194262388895952	0.04316298002583106	0.6692576568407654	-3.903461072841662	2.3006110842419796	430
4	SCZ	105	-2.04	0.03642541388109399	-0.6194262388895952	0.04316298002583106	0.6692576568407654	-3.903461072841662	2.3006110842419796	430
4	SCZ	106	-2.01875	0.03766882826656927	-0.6194262388895952	0.04316298002583106	0.6692576568407654	-3.903461072841662	2.3006110842419796	430
4	SCZ	107	-1.9975	0.03903510524389781	-0.6194262388895952	0.04316298002583106	0.6692576568407654	-3.903461072841662	2.3006110842419796	430
4	SCZ	108	-1.9762499999999998	0.04052902105884838	-0.6194262388895952	0.04316298002583106	0.6692576568407654	-3.903461072841662	2.3006110842419796	430
4	SCZ	109	-1.9549999999999996	0.04215499546188257	-0.6194262388895952	0.04316298002583106	0.6692576568407654	-3.903461072841662	2.3006110842419796	430
4	SCZ	110	-1.9337499999999999	0.04391704721614422	-0.6194262388895952	0.04316298002583106	0.6692576568407654	-3.903461072841662	2.3006110842419796	430
4	SCZ	111	-1.9124999999999996	0.04581874469744485	-0.6194262388895952	0.04316298002583106	0.6692576568407654	-3.903461072841662	2.3006110842419796	430
4	SCZ	112	-1.8912499999999999	0.0478631524052509	-0.6194262388895952	0.04316298002583106	0.6692576568407654	-3.903461072841662	2.3006110842419796	430
4	SCZ	113	-1.8699999999999997	0.05005277450465363	-0.6194262388895952	0.04316298002583106	0.6692576568407654	-3.903461072841662	2.3006110842419796	430
4	SCZ	114	-1.84875	0.05238949681912634	-0.6194262388895952	0.04316298002583106	0.6692576568407654	-3.903461072841662	2.3006110842419796	430
4	SCZ	115	-1.8274999999999997	0.054874528985880716	-0.6194262388895952	0.04316298002583106	0.6692576568407654	-3.903461072841662	2.3006110842419796	430
4	SCZ	116	-1.80625	0.05750834876015967	-0.6194262388895952	0.04316298002583106	0.6692576568407654	-3.903461072841662	2.3006110842419796	430
4	SCZ	117	-1.7849999999999997	0.060290650699011857	-0.6194262388895952	0.04316298002583106	0.6692576568407654	-3.903461072841662	2.3006110842419796	430
4	SCZ	118	-1.76375	0.0632203016532382	-0.6194262388895952	0.04316298002583106	0.6692576568407654	-3.903461072841662	2.3006110842419796	430
4	SCZ	119	-1.7424999999999997	0.06629530563027208	-0.6194262388895952	0.04316298002583106	0.6692576568407654	-3.903461072841662	2.3006110842419796	430
4	SCZ	120	-1.72125	0.06951278064159572	-0.6194262388895952	0.04316298002583106	0.6692576568407654	-3.903461072841662	2.3006110842419796	430
4	SCZ	121	-1.6999999999999997	0.07286895009702281	-0.6194262388895952	0.04316298002583106	0.6692576568407654	-3.903461072841662	2.3006110842419796	430
4	SCZ	122	-1.67875	0.07635915113788938	-0.6194262388895952	0.04316298002583106	0.6692576568407654	-3.903461072841662	2.3006110842419796	430
4	SCZ	123	-1.6574999999999998	0.07997786199882191	-0.6194262388895952	0.04316298002583106	0.6692576568407654	-3.903461072841662	2.3006110842419796	430
4	SCZ	124	-1.63625	0.08371875004584757	-0.6194262388895952	0.04316298002583106	0.6692576568407654	-3.903461072841662	2.3006110842419796	430
4	SCZ	125	-1.6149999999999998	0.0875747415570258	-0.6194262388895952	0.04316298002583106	0.6692576568407654	-3.903461072841662	2.3006110842419796	430
4	SCZ	126	-1.59375	0.09153811359889256	-0.6194262388895952	0.04316298002583106	0.6692576568407654	-3.903461072841662	2.3006110842419796	430
4	SCZ	127	-1.5724999999999998	0.09560060752562276	-0.6194262388895952	0.04316298002583106	0.6692576568407654	-3.903461072841662	2.3006110842419796	430
4	SCZ	128	-1.55125	0.0997535627152322	-0.6194262388895952	0.04316298002583106	0.6692576568407654	-3.903461072841662	2.3006110842419796	430
4	SCZ	129	-1.5299999999999998	0.10398806819478947	-0.6194262388895952	0.04316298002583106	0.6692576568407654	-3.903461072841662	2.3006110842419796	430
4	SCZ	130	-1.5087499999999996	0.10829512883869315	-0.6194262388895952	0.04316298002583106	0.6692576568407654	-3.903461072841662	2.3006110842419796	430
4	SCZ	131	-1.4874999999999998	0.11266584190074216	-0.6194262388895952	0.04316298002583106	0.6692576568407654	-3.903461072841662	2.3006110842419796	430
4	SCZ	132	-1.4662499999999996	0.11709157881543732	-0.6194262388895952	0.04316298002583106	0.6692576568407654	-3.903461072841662	2.3006110842419796	430
4	SCZ	133	-1.4449999999999998	0.12156416653040218	-0.6194262388895952	0.04316298002583106	0.6692576568407654	-3.903461072841662	2.3006110842419796	430
4	SCZ	134	-1.4237499999999996	0.12607606216055897	-0.6194262388895952	0.04316298002583106	0.6692576568407654	-3.903461072841662	2.3006110842419796	430
4	SCZ	135	-1.4024999999999999	0.13062051452957493	-0.6194262388895952	0.04316298002583106	0.6692576568407654	-3.903461072841662	2.3006110842419796	430
4	SCZ	136	-1.3812499999999996	0.13519170621888146	-0.6194262388895952	0.04316298002583106	0.6692576568407654	-3.903461072841662	2.3006110842419796	430
4	SCZ	137	-1.3599999999999999	0.13978487009986754	-0.6194262388895952	0.04316298002583106	0.6692576568407654	-3.903461072841662	2.3006110842419796	430
4	SCZ	138	-1.3387499999999997	0.14439637498575345	-0.6194262388895952	0.04316298002583106	0.6692576568407654	-3.903461072841662	2.3006110842419796	430
4	SCZ	139	-1.3175	0.14902377599407413	-0.6194262388895952	0.04316298002583106	0.6692576568407654	-3.903461072841662	2.3006110842419796	430
4	SCZ	140	-1.2962499999999997	0.15366582642887866	-0.6194262388895952	0.04316298002583106	0.6692576568407654	-3.903461072841662	2.3006110842419796	430
4	SCZ	141	-1.275	0.15832244942668647	-0.6194262388895952	0.04316298002583106	0.6692576568407654	-3.903461072841662	2.3006110842419796	430
4	SCZ	142	-1.2537499999999997	0.16299466919947142	-0.6194262388895952	0.04316298002583106	0.6692576568407654	-3.903461072841662	2.3006110842419796	430
4	SCZ	143	-1.2325	0.16768450337636032	-0.6194262388895952	0.04316298002583106	0.6692576568407654	-3.903461072841662	2.3006110842419796	430
4	SCZ	144	-1.2112499999999997	0.17239481960933212	-0.6194262388895952	0.04316298002583106	0.6692576568407654	-3.903461072841662	2.3006110842419796	430
4	SCZ	145	-1.19	0.17712916117889563	-0.6194262388895952	0.04316298002583106	0.6692576568407654	-3.903461072841662	2.3006110842419796	430
4	SCZ	146	-1.1687499999999997	0.18189154772637006	-0.6194262388895952	0.04316298002583106	0.6692576568407654	-3.903461072841662	2.3006110842419796	430
4	SCZ	147	-1.1475	0.18668625836931377	-0.6194262388895952	0.04316298002583106	0.6692576568407654	-3.903461072841662	2.3006110842419796	430
4	SCZ	148	-1.1262499999999998	0.19151760525698103	-0.6194262388895952	0.04316298002583106	0.6692576568407654	-3.903461072841662	2.3006110842419796	430
4	SCZ	149	-1.105	0.19638970604102235	-0.6194262388895952	0.04316298002583106	0.6692576568407654	-3.903461072841662	2.3006110842419796	430
4	SCZ	150	-1.0837499999999998	0.20130626374121197	-0.6194262388895952	0.04316298002583106	0.6692576568407654	-3.903461072841662	2.3006110842419796	430
4	SCZ	151	-1.0624999999999996	0.20627036206826213	-0.6194262388895952	0.04316298002583106	0.6692576568407654	-3.903461072841662	2.3006110842419796	430
4	SCZ	152	-1.0412499999999998	0.21128428344203926	-0.6194262388895952	0.04316298002583106	0.6692576568407654	-3.903461072841662	2.3006110842419796	430
4	SCZ	153	-1.0199999999999996	0.2163493557545605	-0.6194262388895952	0.04316298002583106	0.6692576568407654	-3.903461072841662	2.3006110842419796	430
4	SCZ	154	-0.9987499999999998	0.22146583243665222	-0.6194262388895952	0.04316298002583106	0.6692576568407654	-3.903461072841662	2.3006110842419796	430
4	SCZ	155	-0.9774999999999996	0.22663280867825675	-0.6194262388895952	0.04316298002583106	0.6692576568407654	-3.903461072841662	2.3006110842419796	430
4	SCZ	156	-0.9562499999999998	0.23184817482290052	-0.6194262388895952	0.04316298002583106	0.6692576568407654	-3.903461072841662	2.3006110842419796	430
4	SCZ	157	-0.9349999999999996	0.23710860611362916	-0.6194262388895952	0.04316298002583106	0.6692576568407654	-3.903461072841662	2.3006110842419796	430
4	SCZ	158	-0.9137499999999998	0.24240958621980738	-0.6194262388895952	0.04316298002583106	0.6692576568407654	-3.903461072841662	2.3006110842419796	430
4	SCZ	159	-0.8924999999999996	0.24774546042605564	-0.6194262388895952	0.04316298002583106	0.6692576568407654	-3.903461072841662	2.3006110842419796	430
4	SCZ	160	-0.8712499999999999	0.25310951310927493	-0.6194262388895952	0.04316298002583106	0.6692576568407654	-3.903461072841662	2.3006110842419796	430
4	SCZ	161	-0.8499999999999996	0.25849406324260904	-0.6194262388895952	0.04316298002583106	0.6692576568407654	-3.903461072841662	2.3006110842419796	430
4	SCZ	162	-0.8287499999999999	0.26389057119898185	-0.6194262388895952	0.04316298002583106	0.6692576568407654	-3.903461072841662	2.3006110842419796	430
4	SCZ	163	-0.8074999999999997	0.269289750107672	-0.6194262388895952	0.04316298002583106	0.6692576568407654	-3.903461072841662	2.3006110842419796	430
4	SCZ	164	-0.7862499999999999	0.2746816754429517	-0.6194262388895952	0.04316298002583106	0.6692576568407654	-3.903461072841662	2.3006110842419796	430
4	SCZ	165	-0.7649999999999997	0.28005588736312237	-0.6194262388895952	0.04316298002583106	0.6692576568407654	-3.903461072841662	2.3006110842419796	430
4	SCZ	166	-0.7437499999999999	0.28540148151341843	-0.6194262388895952	0.04316298002583106	0.6692576568407654	-3.903461072841662	2.3006110842419796	430
4	SCZ	167	-0.7224999999999997	0.29070718547601154	-0.6194262388895952	0.04316298002583106	0.6692576568407654	-3.903461072841662	2.3006110842419796	430
4	SCZ	168	-0.7012499999999999	0.2959614196952753	-0.6194262388895952	0.04316298002583106	0.6692576568407654	-3.903461072841662	2.3006110842419796	430
4	SCZ	169	-0.6799999999999997	0.30115234341530955	-0.6194262388895952	0.04316298002583106	0.6692576568407654	-3.903461072841662	2.3006110842419796	430
4	SCZ	170	-0.65875	0.3062678878235198	-0.6194262388895952	0.04316298002583106	0.6692576568407654	-3.903461072841662	2.3006110842419796	430
4	SCZ	171	-0.6374999999999997	0.31129578008579006	-0.6194262388895952	0.04316298002583106	0.6692576568407654	-3.903461072841662	2.3006110842419796	430
4	SCZ	172	-0.6162499999999995	0.3162235631824637	-0.6194262388895952	0.04316298002583106	0.6692576568407654	-3.903461072841662	2.3006110842419796	430
4	SCZ	173	-0.5949999999999998	0.32103861732390265	-0.6194262388895952	0.04316298002583106	0.6692576568407654	-3.903461072841662	2.3006110842419796	430
4	SCZ	174	-0.5737499999999995	0.3257281891757216	-0.6194262388895952	0.04316298002583106	0.6692576568407654	-3.903461072841662	2.3006110842419796	430
4	SCZ	175	-0.5524999999999998	0.33027943511930014	-0.6194262388895952	0.04316298002583106	0.6692576568407654	-3.903461072841662	2.3006110842419796	430
4	SCZ	176	-0.5312499999999996	0.33467948430342426	-0.6194262388895952	0.04316298002583106	0.6692576568407654	-3.903461072841662	2.3006110842419796	430
4	SCZ	177	-0.5099999999999998	0.3389155263274878	-0.6194262388895952	0.04316298002583106	0.6692576568407654	-3.903461072841662	2.3006110842419796	430
4	SCZ	178	-0.4887499999999996	0.34297492708246446	-0.6194262388895952	0.04316298002583106	0.6692576568407654	-3.903461072841662	2.3006110842419796	430
4	SCZ	179	-0.4674999999999998	0.3468453746339179	-0.6194262388895952	0.04316298002583106	0.6692576568407654	-3.903461072841662	2.3006110842419796	430
4	SCZ	180	-0.4462499999999996	0.3505150551523914	-0.6194262388895952	0.04316298002583106	0.6692576568407654	-3.903461072841662	2.3006110842419796	430
4	SCZ	181	-0.4249999999999998	0.35397285688525415	-0.6194262388895952	0.04316298002583106	0.6692576568407654	-3.903461072841662	2.3006110842419796	430
4	SCZ	182	-0.4037499999999996	0.3572085981327106	-0.6194262388895952	0.04316298002583106	0.6692576568407654	-3.903461072841662	2.3006110842419796	430
4	SCZ	183	-0.38249999999999984	0.36021327325241376	-0.6194262388895952	0.04316298002583106	0.6692576568407654	-3.903461072841662	2.3006110842419796	430
4	SCZ	184	-0.3612499999999996	0.3629793089798053	-0.6194262388895952	0.04316298002583106	0.6692576568407654	-3.903461072841662	2.3006110842419796	430
4	SCZ	185	-0.33999999999999986	0.36550082191150557	-0.6194262388895952	0.04316298002583106	0.6692576568407654	-3.903461072841662	2.3006110842419796	430
4	SCZ	186	-0.31874999999999964	0.3677738669373744	-0.6194262388895952	0.04316298002583106	0.6692576568407654	-3.903461072841662	2.3006110842419796	430
4	SCZ	187	-0.2974999999999999	0.36979666578399917	-0.6194262388895952	0.04316298002583106	0.6692576568407654	-3.903461072841662	2.3006110842419796	430
4	SCZ	188	-0.27624999999999966	0.3715698046869104	-0.6194262388895952	0.04316298002583106	0.6692576568407654	-3.903461072841662	2.3006110842419796	430
4	SCZ	189	-0.2549999999999999	0.37309639055617644	-0.6194262388895952	0.04316298002583106	0.6692576568407654	-3.903461072841662	2.3006110842419796	430
4	SCZ	190	-0.23374999999999968	0.37438215583251666	-0.6194262388895952	0.04316298002583106	0.6692576568407654	-3.903461072841662	2.3006110842419796	430
4	SCZ	191	-0.21249999999999947	0.375435503519583	-0.6194262388895952	0.04316298002583106	0.6692576568407654	-3.903461072841662	2.3006110842419796	430
4	SCZ	192	-0.19125000000000014	0.37626748557415146	-0.6194262388895952	0.04316298002583106	0.6692576568407654	-3.903461072841662	2.3006110842419796	430
4	SCZ	193	-0.16999999999999993	0.37689170987515214	-0.6194262388895952	0.04316298002583106	0.6692576568407654	-3.903461072841662	2.3006110842419796	430
4	SCZ	194	-0.14874999999999972	0.3773241732975651	-0.6194262388895952	0.04316298002583106	0.6692576568407654	-3.903461072841662	2.3006110842419796	430
4	SCZ	195	-0.1274999999999995	0.3775830209022557	-0.6194262388895952	0.04316298002583106	0.6692576568407654	-3.903461072841662	2.3006110842419796	430
4	SCZ	196	-0.10624999999999929	0.37768823382650524	-0.6194262388895952	0.04316298002583106	0.6692576568407654	-3.903461072841662	2.3006110842419796	430
4	SCZ	197	-0.08499999999999996	0.37766125102950887	-0.6194262388895952	0.04316298002583106	0.6692576568407654	-3.903461072841662	2.3006110842419796	430
4	SCZ	198	-0.06374999999999975	0.37752453252099377	-0.6194262388895952	0.04316298002583106	0.6692576568407654	-3.903461072841662	2.3006110842419796	430
4	SCZ	199	-0.04249999999999954	0.3773010739922745	-0.6194262388895952	0.04316298002583106	0.6692576568407654	-3.903461072841662	2.3006110842419796	430
4	SCZ	200	-0.021249999999999325	0.37701388479699066	-0.6194262388895952	0.04316298002583106	0.6692576568407654	-3.903461072841662	2.3006110842419796	430
4	SCZ	201	0.0	0.376685442921618	-0.6194262388895952	0.04316298002583106	0.6692576568407654	-3.903461072841662	2.3006110842419796	430
4	SCZ	202	0.021250000000000213	0.3763371418818969	-0.6194262388895952	0.04316298002583106	0.6692576568407654	-3.903461072841662	2.3006110842419796	430
4	SCZ	203	0.042500000000000426	0.3759887453304235	-0.6194262388895952	0.04316298002583106	0.6692576568407654	-3.903461072841662	2.3006110842419796	430
4	SCZ	204	0.06375000000000064	0.3756578655253141	-0.6194262388895952	0.04316298002583106	0.6692576568407654	-3.903461072841662	2.3006110842419796	430
4	SCZ	205	0.08499999999999996	0.375359481666105	-0.6194262388895952	0.04316298002583106	0.6692576568407654	-3.903461072841662	2.3006110842419796	430
4	SCZ	206	0.10625000000000018	0.3751055134412872	-0.6194262388895952	0.04316298002583106	0.6692576568407654	-3.903461072841662	2.3006110842419796	430
4	SCZ	207	0.1275000000000004	0.3749044639575435	-0.6194262388895952	0.04316298002583106	0.6692576568407654	-3.903461072841662	2.3006110842419796	430
4	SCZ	208	0.1487500000000006	0.3747611445546778	-0.6194262388895952	0.04316298002583106	0.6692576568407654	-3.903461072841662	2.3006110842419796	430
4	SCZ	209	0.16999999999999993	0.37467649188899016	-0.6194262388895952	0.04316298002583106	0.6692576568407654	-3.903461072841662	2.3006110842419796	430
4	SCZ	210	0.19125000000000014	0.37464748514358986	-0.6194262388895952	0.04316298002583106	0.6692576568407654	-3.903461072841662	2.3006110842419796	430
4	SCZ	211	0.21250000000000036	0.3746671683639965	-0.6194262388895952	0.04316298002583106	0.6692576568407654	-3.903461072841662	2.3006110842419796	430
4	SCZ	212	0.23375000000000057	0.37472477980256746	-0.6194262388895952	0.04316298002583106	0.6692576568407654	-3.903461072841662	2.3006110842419796	430
4	SCZ	213	0.2549999999999999	0.3748059868792836	-0.6194262388895952	0.04316298002583106	0.6692576568407654	-3.903461072841662	2.3006110842419796	430
4	SCZ	214	0.2762500000000001	0.3748932220329005	-0.6194262388895952	0.04316298002583106	0.6692576568407654	-3.903461072841662	2.3006110842419796	430
4	SCZ	215	0.2975000000000003	0.37496611145612707	-0.6194262388895952	0.04316298002583106	0.6692576568407654	-3.903461072841662	2.3006110842419796	430
4	SCZ	216	0.31875000000000053	0.37500198559576575	-0.6194262388895952	0.04316298002583106	0.6692576568407654	-3.903461072841662	2.3006110842419796	430
4	SCZ	217	0.34000000000000075	0.37497645746761943	-0.6194262388895952	0.04316298002583106	0.6692576568407654	-3.903461072841662	2.3006110842419796	430
4	SCZ	218	0.36125000000000007	0.3748640523955812	-0.6194262388895952	0.04316298002583106	0.6692576568407654	-3.903461072841662	2.3006110842419796	430
4	SCZ	219	0.3825000000000003	0.3746388708343983	-0.6194262388895952	0.04316298002583106	0.6692576568407654	-3.903461072841662	2.3006110842419796	430
4	SCZ	220	0.4037500000000005	0.37427526456189864	-0.6194262388895952	0.04316298002583106	0.6692576568407654	-3.903461072841662	2.3006110842419796	430
4	SCZ	221	0.4250000000000007	0.37374850579636265	-0.6194262388895952	0.04316298002583106	0.6692576568407654	-3.903461072841662	2.3006110842419796	430
4	SCZ	222	0.44625000000000004	0.37303542875371054	-0.6194262388895952	0.04316298002583106	0.6692576568407654	-3.903461072841662	2.3006110842419796	430
4	SCZ	223	0.46750000000000025	0.37211502382747924	-0.6194262388895952	0.04316298002583106	0.6692576568407654	-3.903461072841662	2.3006110842419796	430
4	SCZ	224	0.48875000000000046	0.3709689659457119	-0.6194262388895952	0.04316298002583106	0.6692576568407654	-3.903461072841662	2.3006110842419796	430
4	SCZ	225	0.5100000000000007	0.36958206069814153	-0.6194262388895952	0.04316298002583106	0.6692576568407654	-3.903461072841662	2.3006110842419796	430
4	SCZ	226	0.53125	0.3679425944725698	-0.6194262388895952	0.04316298002583106	0.6692576568407654	-3.903461072841662	2.3006110842419796	430
4	SCZ	227	0.5525000000000002	0.3660425780032895	-0.6194262388895952	0.04316298002583106	0.6692576568407654	-3.903461072841662	2.3006110842419796	430
4	SCZ	228	0.5737500000000004	0.3638778763062927	-0.6194262388895952	0.04316298002583106	0.6692576568407654	-3.903461072841662	2.3006110842419796	430
4	SCZ	229	0.5950000000000006	0.36144822182674613	-0.6194262388895952	0.04316298002583106	0.6692576568407654	-3.903461072841662	2.3006110842419796	430
4	SCZ	230	0.61625	0.3587571116112449	-0.6194262388895952	0.04316298002583106	0.6692576568407654	-3.903461072841662	2.3006110842419796	430
4	SCZ	231	0.6375000000000002	0.3558115932905364	-0.6194262388895952	0.04316298002583106	0.6692576568407654	-3.903461072841662	2.3006110842419796	430
4	SCZ	232	0.6587500000000004	0.35262194846644185	-0.6194262388895952	0.04316298002583106	0.6692576568407654	-3.903461072841662	2.3006110842419796	430
4	SCZ	233	0.6800000000000006	0.34920128559358027	-0.6194262388895952	0.04316298002583106	0.6692576568407654	-3.903461072841662	2.3006110842419796	430
4	SCZ	234	0.7012499999999999	0.3455650574977816	-0.6194262388895952	0.04316298002583106	0.6692576568407654	-3.903461072841662	2.3006110842419796	430
4	SCZ	235	0.7225000000000001	0.3417305211618809	-0.6194262388895952	0.04316298002583106	0.6692576568407654	-3.903461072841662	2.3006110842419796	430
4	SCZ	236	0.7437500000000004	0.337716159241456	-0.6194262388895952	0.04316298002583106	0.6692576568407654	-3.903461072841662	2.3006110842419796	430
4	SCZ	237	0.7650000000000006	0.33354108387999337	-0.6194262388895952	0.04316298002583106	0.6692576568407654	-3.903461072841662	2.3006110842419796	430
4	SCZ	238	0.7862500000000008	0.3292244437363643	-0.6194262388895952	0.04316298002583106	0.6692576568407654	-3.903461072841662	2.3006110842419796	430
4	SCZ	239	0.8075000000000001	0.32478485470930524	-0.6194262388895952	0.04316298002583106	0.6692576568407654	-3.903461072841662	2.3006110842419796	430
4	SCZ	240	0.8287500000000003	0.32023987366673806	-0.6194262388895952	0.04316298002583106	0.6692576568407654	-3.903461072841662	2.3006110842419796	430
4	SCZ	241	0.8500000000000005	0.3156055326145253	-0.6194262388895952	0.04316298002583106	0.6692576568407654	-3.903461072841662	2.3006110842419796	430
4	SCZ	242	0.8712500000000007	0.3108959482489276	-0.6194262388895952	0.04316298002583106	0.6692576568407654	-3.903461072841662	2.3006110842419796	430
4	SCZ	243	0.8925000000000001	0.3061230188322464	-0.6194262388895952	0.04316298002583106	0.6692576568407654	-3.903461072841662	2.3006110842419796	430
4	SCZ	244	0.9137500000000003	0.30129621693320846	-0.6194262388895952	0.04316298002583106	0.6692576568407654	-3.903461072841662	2.3006110842419796	430
4	SCZ	245	0.9350000000000005	0.2964224829175195	-0.6194262388895952	0.04316298002583106	0.6692576568407654	-3.903461072841662	2.3006110842419796	430
4	SCZ	246	0.9562500000000007	0.2915062203024014	-0.6194262388895952	0.04316298002583106	0.6692576568407654	-3.903461072841662	2.3006110842419796	430
4	SCZ	247	0.9775	0.2865493903467374	-0.6194262388895952	0.04316298002583106	0.6692576568407654	-3.903461072841662	2.3006110842419796	430
4	SCZ	248	0.9987500000000002	0.2815516996767802	-0.6194262388895952	0.04316298002583106	0.6692576568407654	-3.903461072841662	2.3006110842419796	430
4	SCZ	249	1.0200000000000005	0.27651087147834086	-0.6194262388895952	0.04316298002583106	0.6692576568407654	-3.903461072841662	2.3006110842419796	430
4	SCZ	250	1.0412500000000007	0.2714229879378526	-0.6194262388895952	0.04316298002583106	0.6692576568407654	-3.903461072841662	2.3006110842419796	430
4	SCZ	251	1.0625	0.26628288928639027	-0.6194262388895952	0.04316298002583106	0.6692576568407654	-3.903461072841662	2.3006110842419796	430
4	SCZ	252	1.0837500000000002	0.2610846130703326	-0.6194262388895952	0.04316298002583106	0.6692576568407654	-3.903461072841662	2.3006110842419796	430
4	SCZ	253	1.1050000000000004	0.25582185619325104	-0.6194262388895952	0.04316298002583106	0.6692576568407654	-3.903461072841662	2.3006110842419796	430
4	SCZ	254	1.1262500000000006	0.25048844187311825	-0.6194262388895952	0.04316298002583106	0.6692576568407654	-3.903461072841662	2.3006110842419796	430
4	SCZ	255	1.1475	0.24507877393770605	-0.6194262388895952	0.04316298002583106	0.6692576568407654	-3.903461072841662	2.3006110842419796	430
4	SCZ	256	1.1687500000000002	0.23958826181353443	-0.6194262388895952	0.04316298002583106	0.6692576568407654	-3.903461072841662	2.3006110842419796	430
4	SCZ	257	1.1900000000000004	0.23401370109949013	-0.6194262388895952	0.04316298002583106	0.6692576568407654	-3.903461072841662	2.3006110842419796	430
4	SCZ	258	1.2112500000000006	0.22835359668228186	-0.6194262388895952	0.04316298002583106	0.6692576568407654	-3.903461072841662	2.3006110842419796	430
4	SCZ	259	1.2325000000000008	0.2226084178548736	-0.6194262388895952	0.04316298002583106	0.6692576568407654	-3.903461072841662	2.3006110842419796	430
4	SCZ	260	1.2537500000000001	0.2167807777331275	-0.6194262388895952	0.04316298002583106	0.6692576568407654	-3.903461072841662	2.3006110842419796	430
4	SCZ	261	1.2750000000000004	0.21087553231118816	-0.6194262388895952	0.04316298002583106	0.6692576568407654	-3.903461072841662	2.3006110842419796	430
4	SCZ	262	1.2962500000000006	0.2048997976278738	-0.6194262388895952	0.04316298002583106	0.6692576568407654	-3.903461072841662	2.3006110842419796	430
4	SCZ	263	1.3175000000000008	0.198862886608663	-0.6194262388895952	0.04316298002583106	0.6692576568407654	-3.903461072841662	2.3006110842419796	430
4	SCZ	264	1.33875	0.1927761700793869	-0.6194262388895952	0.04316298002583106	0.6692576568407654	-3.903461072841662	2.3006110842419796	430
4	SCZ	265	1.3600000000000003	0.18665286910638104	-0.6194262388895952	0.04316298002583106	0.6692576568407654	-3.903461072841662	2.3006110842419796	430
4	SCZ	266	1.3812500000000005	0.18050778810550056	-0.6194262388895952	0.04316298002583106	0.6692576568407654	-3.903461072841662	2.3006110842419796	430
4	SCZ	267	1.4025000000000007	0.17435699999886858	-0.6194262388895952	0.04316298002583106	0.6692576568407654	-3.903461072841662	2.3006110842419796	430
4	SCZ	268	1.42375	0.16821749602458194	-0.6194262388895952	0.04316298002583106	0.6692576568407654	-3.903461072841662	2.3006110842419796	430
4	SCZ	269	1.4450000000000003	0.16210681358505066	-0.6194262388895952	0.04316298002583106	0.6692576568407654	-3.903461072841662	2.3006110842419796	430
4	SCZ	270	1.4662500000000005	0.15604265574309284	-0.6194262388895952	0.04316298002583106	0.6692576568407654	-3.903461072841662	2.3006110842419796	430
4	SCZ	271	1.4875000000000007	0.15004251565441984	-0.6194262388895952	0.04316298002583106	0.6692576568407654	-3.903461072841662	2.3006110842419796	430
4	SCZ	272	1.50875	0.14412331839721793	-0.6194262388895952	0.04316298002583106	0.6692576568407654	-3.903461072841662	2.3006110842419796	430
4	SCZ	273	1.5300000000000002	0.13830109138136668	-0.6194262388895952	0.04316298002583106	0.6692576568407654	-3.903461072841662	2.3006110842419796	430
4	SCZ	274	1.5512500000000005	0.13259067286641427	-0.6194262388895952	0.04316298002583106	0.6692576568407654	-3.903461072841662	2.3006110842419796	430
4	SCZ	275	1.5725000000000007	0.12700546617715042	-0.6194262388895952	0.04316298002583106	0.6692576568407654	-3.903461072841662	2.3006110842419796	430
4	SCZ	276	1.59375	0.12155724507586889	-0.6194262388895952	0.04316298002583106	0.6692576568407654	-3.903461072841662	2.3006110842419796	430
4	SCZ	277	1.6150000000000002	0.11625601353238359	-0.6194262388895952	0.04316298002583106	0.6692576568407654	-3.903461072841662	2.3006110842419796	430
4	SCZ	278	1.6362500000000004	0.11110992092669453	-0.6194262388895952	0.04316298002583106	0.6692576568407654	-3.903461072841662	2.3006110842419796	430
4	SCZ	279	1.6575000000000006	0.10612523161906819	-0.6194262388895952	0.04316298002583106	0.6692576568407654	-3.903461072841662	2.3006110842419796	430
4	SCZ	280	1.6787500000000009	0.10130634591215153	-0.6194262388895952	0.04316298002583106	0.6692576568407654	-3.903461072841662	2.3006110842419796	430
4	SCZ	281	1.7000000000000002	0.09665586777968166	-0.6194262388895952	0.04316298002583106	0.6692576568407654	-3.903461072841662	2.3006110842419796	430
4	SCZ	282	1.7212500000000004	0.0921747133999099	-0.6194262388895952	0.04316298002583106	0.6692576568407654	-3.903461072841662	2.3006110842419796	430
4	SCZ	283	1.7425000000000006	0.08786225354429443	-0.6194262388895952	0.04316298002583106	0.6692576568407654	-3.903461072841662	2.3006110842419796	430
4	SCZ	284	1.7637500000000008	0.08371648224960722	-0.6194262388895952	0.04316298002583106	0.6692576568407654	-3.903461072841662	2.3006110842419796	430
4	SCZ	285	1.7850000000000001	0.0797342039421311	-0.6194262388895952	0.04316298002583106	0.6692576568407654	-3.903461072841662	2.3006110842419796	430
4	SCZ	286	1.8062500000000004	0.07591123126662105	-0.6194262388895952	0.04316298002583106	0.6692576568407654	-3.903461072841662	2.3006110842419796	430
4	SCZ	287	1.8275000000000006	0.07224258626578986	-0.6194262388895952	0.04316298002583106	0.6692576568407654	-3.903461072841662	2.3006110842419796	430
4	SCZ	288	1.8487500000000008	0.06872269821173005	-0.6194262388895952	0.04316298002583106	0.6692576568407654	-3.903461072841662	2.3006110842419796	430
4	SCZ	289	1.87	0.06534559225369962	-0.6194262388895952	0.04316298002583106	0.6692576568407654	-3.903461072841662	2.3006110842419796	430
4	SCZ	290	1.8912500000000003	0.06210506405668353	-0.6194262388895952	0.04316298002583106	0.6692576568407654	-3.903461072841662	2.3006110842419796	430
4	SCZ	291	1.9125000000000005	0.05899483670024309	-0.6194262388895952	0.04316298002583106	0.6692576568407654	-3.903461072841662	2.3006110842419796	430
4	SCZ	292	1.9337500000000007	0.05600869722735138	-0.6194262388895952	0.04316298002583106	0.6692576568407654	-3.903461072841662	2.3006110842419796	430
4	SCZ	293	1.955	0.05314061132316595	-0.6194262388895952	0.04316298002583106	0.6692576568407654	-3.903461072841662	2.3006110842419796	430
4	SCZ	294	1.9762500000000003	0.05038481561634114	-0.6194262388895952	0.04316298002583106	0.6692576568407654	-3.903461072841662	2.3006110842419796	430
4	SCZ	295	1.9975000000000005	0.047735887992226195	-0.6194262388895952	0.04316298002583106	0.6692576568407654	-3.903461072841662	2.3006110842419796	430
4	SCZ	296	2.0187500000000007	0.04518879706019744	-0.6194262388895952	0.04316298002583106	0.6692576568407654	-3.903461072841662	2.3006110842419796	430
4	SCZ	297	2.04	0.0427389325094698	-0.6194262388895952	0.04316298002583106	0.6692576568407654	-3.903461072841662	2.3006110842419796	430
4	SCZ	298	2.0612500000000002	0.04038211851261485	-0.6194262388895952	0.04316298002583106	0.6692576568407654	-3.903461072841662	2.3006110842419796	430
4	SCZ	299	2.0825000000000005	0.03811461259717128	-0.6194262388895952	0.04316298002583106	0.6692576568407654	-3.903461072841662	2.3006110842419796	430
4	SCZ	300	2.1037500000000007	0.03593309251505002	-0.6194262388895952	0.04316298002583106	0.6692576568407654	-3.903461072841662	2.3006110842419796	430
4	SCZ	301	2.125000000000001	0.033834633615608976	-0.6194262388895952	0.04316298002583106	0.6692576568407654	-3.903461072841662	2.3006110842419796	430
4	SCZ	302	2.14625	0.03181667909478369	-0.6194262388895952	0.04316298002583106	0.6692576568407654	-3.903461072841662	2.3006110842419796	430
4	SCZ	303	2.1675000000000004	0.02987700527581983	-0.6194262388895952	0.04316298002583106	0.6692576568407654	-3.903461072841662	2.3006110842419796	430
4	SCZ	304	2.1887500000000006	0.02801368380411164	-0.6194262388895952	0.04316298002583106	0.6692576568407654	-3.903461072841662	2.3006110842419796	430
4	SCZ	305	2.210000000000001	0.02622504233559815	-0.6194262388895952	0.04316298002583106	0.6692576568407654	-3.903461072841662	2.3006110842419796	430
4	SCZ	306	2.23125	0.024509624988854624	-0.6194262388895952	0.04316298002583106	0.6692576568407654	-3.903461072841662	2.3006110842419796	430
4	SCZ	307	2.2525000000000004	0.022866153535530433	-0.6194262388895952	0.04316298002583106	0.6692576568407654	-3.903461072841662	2.3006110842419796	430
4	SCZ	308	2.2737500000000006	0.021293490037799644	-0.6194262388895952	0.04316298002583106	0.6692576568407654	-3.903461072841662	2.3006110842419796	430
4	SCZ	309	2.295000000000001	0.01979060141583681	-0.6194262388895952	0.04316298002583106	0.6692576568407654	-3.903461072841662	2.3006110842419796	430
4	SCZ	310	2.31625	0.018356526249004638	-0.6194262388895952	0.04316298002583106	0.6692576568407654	-3.903461072841662	2.3006110842419796	430
4	SCZ	311	2.3375000000000004	0.016990343982872413	-0.6194262388895952	0.04316298002583106	0.6692576568407654	-3.903461072841662	2.3006110842419796	430
4	SCZ	312	2.3587500000000006	0.015691146627874127	-0.6194262388895952	0.04316298002583106	0.6692576568407654	-3.903461072841662	2.3006110842419796	430
4	SCZ	313	2.380000000000001	0.014458012988686712	-0.6194262388895952	0.04316298002583106	0.6692576568407654	-3.903461072841662	2.3006110842419796	430
4	SCZ	314	2.40125	0.013289985448345216	-0.6194262388895952	0.04316298002583106	0.6692576568407654	-3.903461072841662	2.3006110842419796	430
4	SCZ	315	2.4225000000000003	0.01218604933849879	-0.6194262388895952	0.04316298002583106	0.6692576568407654	-3.903461072841662	2.3006110842419796	430
4	SCZ	316	2.4437500000000005	0.011145114947481138	-0.6194262388895952	0.04316298002583106	0.6692576568407654	-3.903461072841662	2.3006110842419796	430
4	SCZ	317	2.4650000000000007	0.010166002241916106	-0.6194262388895952	0.04316298002583106	0.6692576568407654	-3.903461072841662	2.3006110842419796	430
4	SCZ	318	2.48625	0.009247428397474871	-0.6194262388895952	0.04316298002583106	0.6692576568407654	-3.903461072841662	2.3006110842419796	430
4	SCZ	319	2.5075000000000003	0.008387998243876987	-0.6194262388895952	0.04316298002583106	0.6692576568407654	-3.903461072841662	2.3006110842419796	430
4	SCZ	320	2.5287500000000005	0.007586197724026891	-0.6194262388895952	0.04316298002583106	0.6692576568407654	-3.903461072841662	2.3006110842419796	430
4	SCZ	321	2.5500000000000007	0.006840390445145722	-0.6194262388895952	0.04316298002583106	0.6692576568407654	-3.903461072841662	2.3006110842419796	430
4	SCZ	322	2.571250000000001	0.0061488173608138805	-0.6194262388895952	0.04316298002583106	0.6692576568407654	-3.903461072841662	2.3006110842419796	430
4	SCZ	323	2.5925000000000002	0.005509599568729258	-0.6194262388895952	0.04316298002583106	0.6692576568407654	-3.903461072841662	2.3006110842419796	430
4	SCZ	324	2.6137500000000005	0.004920744142973558	-0.6194262388895952	0.04316298002583106	0.6692576568407654	-3.903461072841662	2.3006110842419796	430
4	SCZ	325	2.6350000000000007	0.004380152846006856	-0.6194262388895952	0.04316298002583106	0.6692576568407654	-3.903461072841662	2.3006110842419796	430
4	SCZ	326	2.656250000000001	0.0038856334894471797	-0.6194262388895952	0.04316298002583106	0.6692576568407654	-3.903461072841662	2.3006110842419796	430
4	SCZ	327	2.6775	0.0034349136390764497	-0.6194262388895952	0.04316298002583106	0.6692576568407654	-3.903461072841662	2.3006110842419796	430
4	SCZ	328	2.6987500000000004	0.003025656293315194	-0.6194262388895952	0.04316298002583106	0.6692576568407654	-3.903461072841662	2.3006110842419796	430
4	SCZ	329	2.7200000000000006	0.0026554771098775956	-0.6194262388895952	0.04316298002583106	0.6692576568407654	-3.903461072841662	2.3006110842419796	430
4	SCZ	330	2.741250000000001	0.0023219627157954155	-0.6194262388895952	0.04316298002583106	0.6692576568407654	-3.903461072841662	2.3006110842419796	430
4	SCZ	331	2.7625	0.0020226896137391665	-0.6194262388895952	0.04316298002583106	0.6692576568407654	-3.903461072841662	2.3006110842419796	430
4	SCZ	332	2.7837500000000004	0.0017552431936409196	-0.6194262388895952	0.04316298002583106	0.6692576568407654	-3.903461072841662	2.3006110842419796	430
4	SCZ	333	2.8050000000000006	0.001517236372944828	-0.6194262388895952	0.04316298002583106	0.6692576568407654	-3.903461072841662	2.3006110842419796	430
4	SCZ	334	2.826250000000001	0.0013063274202058676	-0.6194262388895952	0.04316298002583106	0.6692576568407654	-3.903461072841662	2.3006110842419796	430
4	SCZ	335	2.8475	0.0011202365631360854	-0.6194262388895952	0.04316298002583106	0.6692576568407654	-3.903461072841662	2.3006110842419796	430
4	SCZ	336	2.8687500000000004	0.0009567610407529184	-0.6194262388895952	0.04316298002583106	0.6692576568407654	-3.903461072841662	2.3006110842419796	430
4	SCZ	337	2.8900000000000006	0.0008137883267324695	-0.6194262388895952	0.04316298002583106	0.6692576568407654	-3.903461072841662	2.3006110842419796	430
4	SCZ	338	2.911250000000001	0.0006893073238858615	-0.6194262388895952	0.04316298002583106	0.6692576568407654	-3.903461072841662	2.3006110842419796	430
4	SCZ	339	2.9325	0.0005814174043293916	-0.6194262388895952	0.04316298002583106	0.6692576568407654	-3.903461072841662	2.3006110842419796	430
4	SCZ	340	2.9537500000000003	0.000488335243078158	-0.6194262388895952	0.04316298002583106	0.6692576568407654	-3.903461072841662	2.3006110842419796	430
4	SCZ	341	2.9750000000000005	0.00040839946150154004	-0.6194262388895952	0.04316298002583106	0.6692576568407654	-3.903461072841662	2.3006110842419796	430
4	SCZ	342	2.9962500000000007	0.00034007315888050097	-0.6194262388895952	0.04316298002583106	0.6692576568407654	-3.903461072841662	2.3006110842419796	430
4	SCZ	343	3.017500000000001	0.00028194446332919625	-0.6194262388895952	0.04316298002583106	0.6692576568407654	-3.903461072841662	2.3006110842419796	430
4	SCZ	344	3.0387500000000003	0.00023272527633387866	-0.6194262388895952	0.04316298002583106	0.6692576568407654	-3.903461072841662	2.3006110842419796	430
4	SCZ	345	3.0600000000000005	0.00019124841748373726	-0.6194262388895952	0.04316298002583106	0.6692576568407654	-3.903461072841662	2.3006110842419796	430
4	SCZ	346	3.0812500000000007	0.00015646339755763037	-0.6194262388895952	0.04316298002583106	0.6692576568407654	-3.903461072841662	2.3006110842419796	430
4	SCZ	347	3.102500000000001	0.00012743105942835726	-0.6194262388895952	0.04316298002583106	0.6692576568407654	-3.903461072841662	2.3006110842419796	430
4	SCZ	348	3.1237500000000002	0.00010331732810826567	-0.6194262388895952	0.04316298002583106	0.6692576568407654	-3.903461072841662	2.3006110842419796	430
4	SCZ	349	3.1450000000000005	8.338630485609473e-05	-0.6194262388895952	0.04316298002583106	0.6692576568407654	-3.903461072841662	2.3006110842419796	430
4	SCZ	350	3.1662500000000007	6.699292697529168e-05	-0.6194262388895952	0.04316298002583106	0.6692576568407654	-3.903461072841662	2.3006110842419796	430
4	SCZ	351	3.187500000000001	5.357539624787128e-05	-0.6194262388895952	0.04316298002583106	0.6692576568407654	-3.903461072841662	2.3006110842419796	430
4	SCZ	352	3.20875	4.264755637338234e-05	-0.6194262388895952	0.04316298002583106	0.6692576568407654	-3.903461072841662	2.3006110842419796	430
4	SCZ	353	3.2300000000000004	3.3791374767933946e-05	-0.6194262388895952	0.04316298002583106	0.6692576568407654	-3.903461072841662	2.3006110842419796	430
4	SCZ	354	3.2512500000000006	2.664965795051017e-05	-0.6194262388895952	0.04316298002583106	0.6692576568407654	-3.903461072841662	2.3006110842419796	430
4	SCZ	355	3.272500000000001	2.091910366299633e-05	-0.6194262388895952	0.04316298002583106	0.6692576568407654	-3.903461072841662	2.3006110842419796	430
4	SCZ	356	3.29375	1.634376780149301e-05	-0.6194262388895952	0.04316298002583106	0.6692576568407654	-3.903461072841662	2.3006110842419796	430
4	SCZ	357	3.3150000000000004	1.2709000936308683e-05	-0.6194262388895952	0.04316298002583106	0.6692576568407654	-3.903461072841662	2.3006110842419796	430
4	SCZ	358	3.3362500000000006	9.835888215579137e-06	-0.6194262388895952	0.04316298002583106	0.6692576568407654	-3.903461072841662	2.3006110842419796	430
4	SCZ	359	3.357500000000001	7.576208135391531e-06	-0.6194262388895952	0.04316298002583106	0.6692576568407654	-3.903461072841662	2.3006110842419796	430
4	SCZ	360	3.37875	5.807910193567379e-06	-0.6194262388895952	0.04316298002583106	0.6692576568407654	-3.903461072841662	2.3006110842419796	430
4	SCZ	361	3.4000000000000004	4.431098849222197e-06	-0.6194262388895952	0.04316298002583106	0.6692576568407654	-3.903461072841662	2.3006110842419796	430
4	SCZ	362	3.4212500000000006	3.3645013868657137e-06	-0.6194262388895952	0.04316298002583106	0.6692576568407654	-3.903461072841662	2.3006110842419796	430
4	SCZ	363	3.442500000000001	2.5423900386930217e-06	-0.6194262388895952	0.04316298002583106	0.6692576568407654	-3.903461072841662	2.3006110842419796	430
4	SCZ	364	3.463750000000001	1.9119237919814273e-06	-0.6194262388895952	0.04316298002583106	0.6692576568407654	-3.903461072841662	2.3006110842419796	430
4	SCZ	365	3.4850000000000003	1.4308723994646643e-06	-0.6194262388895952	0.04316298002583106	0.6692576568407654	-3.903461072841662	2.3006110842419796	430
4	SCZ	366	3.5062500000000005	1.0656839000203788e-06	-0.6194262388895952	0.04316298002583106	0.6692576568407654	-3.903461072841662	2.3006110842419796	430
4	SCZ	367	3.5275000000000007	7.898571257398268e-07	-0.6194262388895952	0.04316298002583106	0.6692576568407654	-3.903461072841662	2.3006110842419796	430
4	SCZ	368	3.548750000000001	5.82581914613574e-07	-0.6194262388895952	0.04316298002583106	0.6692576568407654	-3.903461072841662	2.3006110842419796	430
4	SCZ	369	3.5700000000000003	4.2761178573395285e-07	-0.6194262388895952	0.04316298002583106	0.6692576568407654	-3.903461072841662	2.3006110842419796	430
4	SCZ	370	3.5912500000000005	3.1233641794888234e-07	-0.6194262388895952	0.04316298002583106	0.6692576568407654	-3.903461072841662	2.3006110842419796	430
4	SCZ	371	3.6125000000000007	2.270241907016562e-07	-0.6194262388895952	0.04316298002583106	0.6692576568407654	-3.903461072841662	2.3006110842419796	430
4	SCZ	372	3.633750000000001	1.642081213849235e-07	-0.6194262388895952	0.04316298002583106	0.6692576568407654	-3.903461072841662	2.3006110842419796	430
4	SCZ	373	3.6550000000000002	1.1819162662816506e-07	-0.6194262388895952	0.04316298002583106	0.6692576568407654	-3.903461072841662	2.3006110842419796	430
4	SCZ	374	3.6762500000000005	8.465353842958072e-08	-0.6194262388895952	0.04316298002583106	0.6692576568407654	-3.903461072841662	2.3006110842419796	430
4	SCZ	375	3.6975000000000007	6.033464256074497e-08	-0.6194262388895952	0.04316298002583106	0.6692576568407654	-3.903461072841662	2.3006110842419796	430
4	SCZ	376	3.718750000000001	4.2790624506461535e-08	-0.6194262388895952	0.04316298002583106	0.6692576568407654	-3.903461072841662	2.3006110842419796	430
4	SCZ	377	3.74	3.019867704596798e-08	-0.6194262388895952	0.04316298002583106	0.6692576568407654	-3.903461072841662	2.3006110842419796	430
4	SCZ	378	3.7612500000000004	2.1207130330868557e-08	-0.6194262388895952	0.04316298002583106	0.6692576568407654	-3.903461072841662	2.3006110842419796	430
4	SCZ	379	3.7825000000000006	1.4819310144146493e-08	-0.6194262388895952	0.04316298002583106	0.6692576568407654	-3.903461072841662	2.3006110842419796	430
4	SCZ	380	3.803750000000001	1.0304422864718704e-08	-0.6194262388895952	0.04316298002583106	0.6692576568407654	-3.903461072841662	2.3006110842419796	430
4	SCZ	381	3.825000000000001	7.129623163961847e-09	-0.6194262388895952	0.04316298002583106	0.6692576568407654	-3.903461072841662	2.3006110842419796	430
4	SCZ	382	3.8462500000000013	4.908563464043942e-09	-0.6194262388895952	0.04316298002583106	0.6692576568407654	-3.903461072841662	2.3006110842419796	430
4	SCZ	383	3.8674999999999997	3.362675691871973e-09	-0.6194262388895952	0.04316298002583106	0.6692576568407654	-3.903461072841662	2.3006110842419796	430
4	SCZ	384	3.88875	2.292219461230212e-09	-0.6194262388895952	0.04316298002583106	0.6692576568407654	-3.903461072841662	2.3006110842419796	430
4	SCZ	385	3.91	1.5547695490253704e-09	-0.6194262388895952	0.04316298002583106	0.6692576568407654	-3.903461072841662	2.3006110842419796	430
4	SCZ	386	3.9312500000000004	1.0493310900557588e-09	-0.6194262388895952	0.04316298002583106	0.6692576568407654	-3.903461072841662	2.3006110842419796	430
4	SCZ	387	3.9525000000000006	7.046831378266733e-10	-0.6194262388895952	0.04316298002583106	0.6692576568407654	-3.903461072841662	2.3006110842419796	430
4	SCZ	388	3.973750000000001	4.708778453326578e-10	-0.6194262388895952	0.04316298002583106	0.6692576568407654	-3.903461072841662	2.3006110842419796	430
4	SCZ	389	3.995000000000001	3.1307901502379274e-10	-0.6194262388895952	0.04316298002583106	0.6692576568407654	-3.903461072841662	2.3006110842419796	430
4	SCZ	390	4.016250000000001	2.071234800682859e-10	-0.6194262388895952	0.04316298002583106	0.6692576568407654	-3.903461072841662	2.3006110842419796	430
4	SCZ	391	4.037500000000001	1.3634298532449215e-10	-0.6194262388895952	0.04316298002583106	0.6692576568407654	-3.903461072841662	2.3006110842419796	430
4	SCZ	392	4.05875	8.930233763751627e-11	-0.6194262388895952	0.04316298002583106	0.6692576568407654	-3.903461072841662	2.3006110842419796	430
4	SCZ	393	4.08	5.8199325694290255e-11	-0.6194262388895952	0.04316298002583106	0.6692576568407654	-3.903461072841662	2.3006110842419796	430
4	SCZ	394	4.10125	3.773955401218287e-11	-0.6194262388895952	0.04316298002583106	0.6692576568407654	-3.903461072841662	2.3006110842419796	430
4	SCZ	395	4.1225000000000005	2.4349940286301937e-11	-0.6194262388895952	0.04316298002583106	0.6692576568407654	-3.903461072841662	2.3006110842419796	430
4	SCZ	396	4.143750000000001	1.56321982853884e-11	-0.6194262388895952	0.04316298002583106	0.6692576568407654	-3.903461072841662	2.3006110842419796	430
4	SCZ	397	4.165000000000001	9.985319539008828e-12	-0.6194262388895952	0.04316298002583106	0.6692576568407654	-3.903461072841662	2.3006110842419796	430
4	SCZ	398	4.186250000000001	6.3463266602781935e-12	-0.6194262388895952	0.04316298002583106	0.6692576568407654	-3.903461072841662	2.3006110842419796	430
4	SCZ	399	4.207500000000001	4.0132873013620735e-12	-0.6194262388895952	0.04316298002583106	0.6692576568407654	-3.903461072841662	2.3006110842419796	430
4	SCZ	400	4.22875	2.525191534637682e-12	-0.6194262388895952	0.04316298002583106	0.6692576568407654	-3.903461072841662	2.3006110842419796	430
4	SCZ	401	4.25	1.5808969321416887e-12	-0.6194262388895952	0.04316298002583106	0.6692576568407654	-3.903461072841662	2.3006110842419796	430
5	NEUR	1	-4.25	1.9605865200128387e-07	-0.6573702247290405	0.014328742056761752	0.7292101396318408	-2.8971156089612977	2.556351141813956	430
5	NEUR	2	-4.22875	2.724138987422317e-07	-0.6573702247290405	0.014328742056761752	0.7292101396318408	-2.8971156089612977	2.556351141813956	430
5	NEUR	3	-4.2075	3.7660272169264525e-07	-0.6573702247290405	0.014328742056761752	0.7292101396318408	-2.8971156089612977	2.556351141813956	430
5	NEUR	4	-4.18625	5.180232000274009e-07	-0.6573702247290405	0.014328742056761752	0.7292101396318408	-2.8971156089612977	2.556351141813956	430
5	NEUR	5	-4.165	7.089688880295357e-07	-0.6573702247290405	0.014328742056761752	0.7292101396318408	-2.8971156089612977	2.556351141813956	430
5	NEUR	6	-4.14375	9.65423865956755e-07	-0.6573702247290405	0.014328742056761752	0.7292101396318408	-2.8971156089612977	2.556351141813956	430
5	NEUR	7	-4.1225	1.30804436996072e-06	-0.6573702247290405	0.014328742056761752	0.7292101396318408	-2.8971156089612977	2.556351141813956	430
5	NEUR	8	-4.10125	1.7633610735047415e-06	-0.6573702247290405	0.014328742056761752	0.7292101396318408	-2.8971156089612977	2.556351141813956	430
5	NEUR	9	-4.08	2.36523948764038e-06	-0.6573702247290405	0.014328742056761752	0.7292101396318408	-2.8971156089612977	2.556351141813956	430
5	NEUR	10	-4.05875	3.156638831176321e-06	-0.6573702247290405	0.014328742056761752	0.7292101396318408	-2.8971156089612977	2.556351141813956	430
5	NEUR	11	-4.0375	4.1917117658051305e-06	-0.6573702247290405	0.014328742056761752	0.7292101396318408	-2.8971156089612977	2.556351141813956	430
5	NEUR	12	-4.01625	5.538288201253744e-06	-0.6573702247290405	0.014328742056761752	0.7292101396318408	-2.8971156089612977	2.556351141813956	430
5	NEUR	13	-3.995	7.280785493334716e-06	-0.6573702247290405	0.014328742056761752	0.7292101396318408	-2.8971156089612977	2.556351141813956	430
5	NEUR	14	-3.97375	9.523584268830017e-06	-0.6573702247290405	0.014328742056761752	0.7292101396318408	-2.8971156089612977	2.556351141813956	430
5	NEUR	15	-3.9525	1.2394903258206939e-05	-0.6573702247290405	0.014328742056761752	0.7292101396318408	-2.8971156089612977	2.556351141813956	430
5	NEUR	16	-3.93125	1.6051197321510405e-05	-0.6573702247290405	0.014328742056761752	0.7292101396318408	-2.8971156089612977	2.556351141813956	430
5	NEUR	17	-3.91	2.0682089743620873e-05	-0.6573702247290405	0.014328742056761752	0.7292101396318408	-2.8971156089612977	2.556351141813956	430
5	NEUR	18	-3.88875	2.6515832327827387e-05	-0.6573702247290405	0.014328742056761752	0.7292101396318408	-2.8971156089612977	2.556351141813956	430
5	NEUR	19	-3.8675	3.3825264399786335e-05	-0.6573702247290405	0.014328742056761752	0.7292101396318408	-2.8971156089612977	2.556351141813956	430
5	NEUR	20	-3.84625	4.2934214263696506e-05	-0.6573702247290405	0.014328742056761752	0.7292101396318408	-2.8971156089612977	2.556351141813956	430
5	NEUR	21	-3.825	5.4224253853883086e-05	-0.6573702247290405	0.014328742056761752	0.7292101396318408	-2.8971156089612977	2.556351141813956	430
5	NEUR	22	-3.80375	6.814167949619573e-05	-0.6573702247290405	0.014328742056761752	0.7292101396318408	-2.8971156089612977	2.556351141813956	430
5	NEUR	23	-3.7824999999999998	8.520454937045294e-05	-0.6573702247290405	0.014328742056761752	0.7292101396318408	-2.8971156089612977	2.556351141813956	430
5	NEUR	24	-3.76125	0.00010600956238057602	-0.6573702247290405	0.014328742056761752	0.7292101396318408	-2.8971156089612977	2.556351141813956	430
5	NEUR	25	-3.74	0.0001312385150721176	-0.6573702247290405	0.014328742056761752	0.7292101396318408	-2.8971156089612977	2.556351141813956	430
5	NEUR	26	-3.71875	0.00016166402484517773	-0.6573702247290405	0.014328742056761752	0.7292101396318408	-2.8971156089612977	2.556351141813956	430
5	NEUR	27	-3.6975	0.0001981541613390228	-0.6573702247290405	0.014328742056761752	0.7292101396318408	-2.8971156089612977	2.556351141813956	430
5	NEUR	28	-3.67625	0.00024167558632378833	-0.6573702247290405	0.014328742056761752	0.7292101396318408	-2.8971156089612977	2.556351141813956	430
5	NEUR	29	-3.655	0.0002932947689438993	-0.6573702247290405	0.014328742056761752	0.7292101396318408	-2.8971156089612977	2.556351141813956	430
5	NEUR	30	-3.63375	0.00035417682124737213	-0.6573702247290405	0.014328742056761752	0.7292101396318408	-2.8971156089612977	2.556351141813956	430
5	NEUR	31	-3.6125	0.0004255814923049279	-0.6573702247290405	0.014328742056761752	0.7292101396318408	-2.8971156089612977	2.556351141813956	430
5	NEUR	32	-3.59125	0.000508855871557921	-0.6573702247290405	0.014328742056761752	0.7292101396318408	-2.8971156089612977	2.556351141813956	430
5	NEUR	33	-3.57	0.0006054233867815647	-0.6573702247290405	0.014328742056761752	0.7292101396318408	-2.8971156089612977	2.556351141813956	430
5	NEUR	34	-3.54875	0.0007167687421612279	-0.6573702247290405	0.014328742056761752	0.7292101396318408	-2.8971156089612977	2.556351141813956	430
5	NEUR	35	-3.5275	0.0008444185296338857	-0.6573702247290405	0.014328742056761752	0.7292101396318408	-2.8971156089612977	2.556351141813956	430
5	NEUR	36	-3.50625	0.000989917362964735	-0.6573702247290405	0.014328742056761752	0.7292101396318408	-2.8971156089612977	2.556351141813956	430
5	NEUR	37	-3.485	0.0011547995288021945	-0.6573702247290405	0.014328742056761752	0.7292101396318408	-2.8971156089612977	2.556351141813956	430
5	NEUR	38	-3.46375	0.0013405563204039335	-0.6573702247290405	0.014328742056761752	0.7292101396318408	-2.8971156089612977	2.556351141813956	430
5	NEUR	39	-3.4425	0.0015485994143217773	-0.6573702247290405	0.014328742056761752	0.7292101396318408	-2.8971156089612977	2.556351141813956	430
5	NEUR	40	-3.4212499999999997	0.0017802208626847657	-0.6573702247290405	0.014328742056761752	0.7292101396318408	-2.8971156089612977	2.556351141813956	430
5	NEUR	41	-3.4	0.0020365504965768654	-0.6573702247290405	0.014328742056761752	0.7292101396318408	-2.8971156089612977	2.556351141813956	430
5	NEUR	42	-3.37875	0.0023185117603664912	-0.6573702247290405	0.014328742056761752	0.7292101396318408	-2.8971156089612977	2.556351141813956	430
5	NEUR	43	-3.3575	0.0026267772121967006	-0.6573702247290405	0.014328742056761752	0.7292101396318408	-2.8971156089612977	2.556351141813956	430
5	NEUR	44	-3.3362499999999997	0.0029617251205384253	-0.6573702247290405	0.014328742056761752	0.7292101396318408	-2.8971156089612977	2.556351141813956	430
5	NEUR	45	-3.315	0.003323398748456899	-0.6573702247290405	0.014328742056761752	0.7292101396318408	-2.8971156089612977	2.556351141813956	430
5	NEUR	46	-3.29375	0.0037114700337322775	-0.6573702247290405	0.014328742056761752	0.7292101396318408	-2.8971156089612977	2.556351141813956	430
5	NEUR	47	-3.2725	0.004125209432574661	-0.6573702247290405	0.014328742056761752	0.7292101396318408	-2.8971156089612977	2.556351141813956	430
5	NEUR	48	-3.2512499999999998	0.00456346368717565	-0.6573702247290405	0.014328742056761752	0.7292101396318408	-2.8971156089612977	2.556351141813956	430
5	NEUR	49	-3.23	0.005024643194730949	-0.6573702247290405	0.014328742056761752	0.7292101396318408	-2.8971156089612977	2.556351141813956	430
5	NEUR	50	-3.20875	0.005506720492754189	-0.6573702247290405	0.014328742056761752	0.7292101396318408	-2.8971156089612977	2.556351141813956	430
5	NEUR	51	-3.1875	0.006007241130932777	-0.6573702247290405	0.014328742056761752	0.7292101396318408	-2.8971156089612977	2.556351141813956	430
5	NEUR	52	-3.16625	0.006523347875939289	-0.6573702247290405	0.014328742056761752	0.7292101396318408	-2.8971156089612977	2.556351141813956	430
5	NEUR	53	-3.145	0.007051818799325197	-0.6573702247290405	0.014328742056761752	0.7292101396318408	-2.8971156089612977	2.556351141813956	430
5	NEUR	54	-3.1237500000000002	0.0075891193411056455	-0.6573702247290405	0.014328742056761752	0.7292101396318408	-2.8971156089612977	2.556351141813956	430
5	NEUR	55	-3.1025	0.008131467938319977	-0.6573702247290405	0.014328742056761752	0.7292101396318408	-2.8971156089612977	2.556351141813956	430
5	NEUR	56	-3.08125	0.008674914277891814	-0.6573702247290405	0.014328742056761752	0.7292101396318408	-2.8971156089612977	2.556351141813956	430
5	NEUR	57	-3.0599999999999996	0.009215428698708464	-0.6573702247290405	0.014328742056761752	0.7292101396318408	-2.8971156089612977	2.556351141813956	430
5	NEUR	58	-3.03875	0.009749000753235721	-0.6573702247290405	0.014328742056761752	0.7292101396318408	-2.8971156089612977	2.556351141813956	430
5	NEUR	59	-3.0175	0.010271744469320361	-0.6573702247290405	0.014328742056761752	0.7292101396318408	-2.8971156089612977	2.556351141813956	430
5	NEUR	60	-2.99625	0.010780007452826675	-0.6573702247290405	0.014328742056761752	0.7292101396318408	-2.8971156089612977	2.556351141813956	430
5	NEUR	61	-2.9749999999999996	0.011270480664343012	-0.6573702247290405	0.014328742056761752	0.7292101396318408	-2.8971156089612977	2.556351141813956	430
5	NEUR	62	-2.95375	0.011740305508158584	-0.6573702247290405	0.014328742056761752	0.7292101396318408	-2.8971156089612977	2.556351141813956	430
5	NEUR	63	-2.9325	0.012187174804420078	-0.6573702247290405	0.014328742056761752	0.7292101396318408	-2.8971156089612977	2.556351141813956	430
5	NEUR	64	-2.91125	0.012609424285700267	-0.6573702247290405	0.014328742056761752	0.7292101396318408	-2.8971156089612977	2.556351141813956	430
5	NEUR	65	-2.8899999999999997	0.013006111470684657	-0.6573702247290405	0.014328742056761752	0.7292101396318408	-2.8971156089612977	2.556351141813956	430
5	NEUR	66	-2.86875	0.013377079117007125	-0.6573702247290405	0.014328742056761752	0.7292101396318408	-2.8971156089612977	2.556351141813956	430
5	NEUR	67	-2.8475	0.013723000932153989	-0.6573702247290405	0.014328742056761752	0.7292101396318408	-2.8971156089612977	2.556351141813956	430
5	NEUR	68	-2.82625	0.014045407808770723	-0.6573702247290405	0.014328742056761752	0.7292101396318408	-2.8971156089612977	2.556351141813956	430
5	NEUR	69	-2.8049999999999997	0.014346693525491661	-0.6573702247290405	0.014328742056761752	0.7292101396318408	-2.8971156089612977	2.556351141813956	430
5	NEUR	70	-2.78375	0.014630099588281808	-0.6573702247290405	0.014328742056761752	0.7292101396318408	-2.8971156089612977	2.556351141813956	430
5	NEUR	71	-2.7625	0.01489967964812208	-0.6573702247290405	0.014328742056761752	0.7292101396318408	-2.8971156089612977	2.556351141813956	430
5	NEUR	72	-2.74125	0.015160244684302578	-0.6573702247290405	0.014328742056761752	0.7292101396318408	-2.8971156089612977	2.556351141813956	430
5	NEUR	73	-2.7199999999999998	0.015417290853687735	-0.6573702247290405	0.014328742056761752	0.7292101396318408	-2.8971156089612977	2.556351141813956	430
5	NEUR	74	-2.69875	0.015676912541395912	-0.6573702247290405	0.014328742056761752	0.7292101396318408	-2.8971156089612977	2.556351141813956	430
5	NEUR	75	-2.6775	0.0159457036767156	-0.6573702247290405	0.014328742056761752	0.7292101396318408	-2.8971156089612977	2.556351141813956	430
5	NEUR	76	-2.65625	0.016230650773719622	-0.6573702247290405	0.014328742056761752	0.7292101396318408	-2.8971156089612977	2.556351141813956	430
5	NEUR	77	-2.635	0.016539021398950127	-0.6573702247290405	0.014328742056761752	0.7292101396318408	-2.8971156089612977	2.556351141813956	430
5	NEUR	78	-2.6137499999999996	0.016878251845905055	-0.6573702247290405	0.014328742056761752	0.7292101396318408	-2.8971156089612977	2.556351141813956	430
5	NEUR	79	-2.5925	0.01725583770296076	-0.6573702247290405	0.014328742056761752	0.7292101396318408	-2.8971156089612977	2.556351141813956	430
5	NEUR	80	-2.57125	0.017679230741180354	-0.6573702247290405	0.014328742056761752	0.7292101396318408	-2.8971156089612977	2.556351141813956	430
5	NEUR	81	-2.55	0.01815574513274701	-0.6573702247290405	0.014328742056761752	0.7292101396318408	-2.8971156089612977	2.556351141813956	430
5	NEUR	82	-2.5287499999999996	0.018692475458808446	-0.6573702247290405	0.014328742056761752	0.7292101396318408	-2.8971156089612977	2.556351141813956	430
5	NEUR	83	-2.5075	0.019296228303437343	-0.6573702247290405	0.014328742056761752	0.7292101396318408	-2.8971156089612977	2.556351141813956	430
5	NEUR	84	-2.48625	0.019973468489942497	-0.6573702247290405	0.014328742056761752	0.7292101396318408	-2.8971156089612977	2.556351141813956	430
5	NEUR	85	-2.465	0.020730280232774526	-0.6573702247290405	0.014328742056761752	0.7292101396318408	-2.8971156089612977	2.556351141813956	430
5	NEUR	86	-2.4437499999999996	0.021572342691054833	-0.6573702247290405	0.014328742056761752	0.7292101396318408	-2.8971156089612977	2.556351141813956	430
5	NEUR	87	-2.4225	0.02250491865724048	-0.6573702247290405	0.014328742056761752	0.7292101396318408	-2.8971156089612977	2.556351141813956	430
5	NEUR	88	-2.40125	0.023532854434318885	-0.6573702247290405	0.014328742056761752	0.7292101396318408	-2.8971156089612977	2.556351141813956	430
5	NEUR	89	-2.38	0.024660588381904918	-0.6573702247290405	0.014328742056761752	0.7292101396318408	-2.8971156089612977	2.556351141813956	430
5	NEUR	90	-2.3587499999999997	0.02589216517573878	-0.6573702247290405	0.014328742056761752	0.7292101396318408	-2.8971156089612977	2.556351141813956	430
5	NEUR	91	-2.3375	0.027231252550314004	-0.6573702247290405	0.014328742056761752	0.7292101396318408	-2.8971156089612977	2.556351141813956	430
5	NEUR	92	-2.31625	0.02868115719739901	-0.6573702247290405	0.014328742056761752	0.7292101396318408	-2.8971156089612977	2.556351141813956	430
5	NEUR	93	-2.295	0.03024483658262092	-0.6573702247290405	0.014328742056761752	0.7292101396318408	-2.8971156089612977	2.556351141813956	430
5	NEUR	94	-2.2737499999999997	0.03192490371797632	-0.6573702247290405	0.014328742056761752	0.7292101396318408	-2.8971156089612977	2.556351141813956	430
5	NEUR	95	-2.2525	0.03372362238122294	-0.6573702247290405	0.014328742056761752	0.7292101396318408	-2.8971156089612977	2.556351141813956	430
5	NEUR	96	-2.2312499999999997	0.03564289088607155	-0.6573702247290405	0.014328742056761752	0.7292101396318408	-2.8971156089612977	2.556351141813956	430
5	NEUR	97	-2.21	0.03768421325435921	-0.6573702247290405	0.014328742056761752	0.7292101396318408	-2.8971156089612977	2.556351141813956	430
5	NEUR	98	-2.1887499999999998	0.03984865749017226	-0.6573702247290405	0.014328742056761752	0.7292101396318408	-2.8971156089612977	2.556351141813956	430
5	NEUR	99	-2.1675	0.04213680156746103	-0.6573702247290405	0.014328742056761752	0.7292101396318408	-2.8971156089612977	2.556351141813956	430
5	NEUR	100	-2.1462499999999998	0.044548668673784	-0.6573702247290405	0.014328742056761752	0.7292101396318408	-2.8971156089612977	2.556351141813956	430
5	NEUR	101	-2.125	0.04708365415739631	-0.6573702247290405	0.014328742056761752	0.7292101396318408	-2.8971156089612977	2.556351141813956	430
5	NEUR	102	-2.10375	0.04974044745600938	-0.6573702247290405	0.014328742056761752	0.7292101396318408	-2.8971156089612977	2.556351141813956	430
5	NEUR	103	-2.0825	0.052516952997398184	-0.6573702247290405	0.014328742056761752	0.7292101396318408	-2.8971156089612977	2.556351141813956	430
5	NEUR	104	-2.06125	0.055410214612095846	-0.6573702247290405	0.014328742056761752	0.7292101396318408	-2.8971156089612977	2.556351141813956	430
5	NEUR	105	-2.04	0.0584163483495168	-0.6573702247290405	0.014328742056761752	0.7292101396318408	-2.8971156089612977	2.556351141813956	430
5	NEUR	106	-2.01875	0.06153048871125996	-0.6573702247290405	0.014328742056761752	0.7292101396318408	-2.8971156089612977	2.556351141813956	430
5	NEUR	107	-1.9975	0.06474675318858615	-0.6573702247290405	0.014328742056761752	0.7292101396318408	-2.8971156089612977	2.556351141813956	430
5	NEUR	108	-1.9762499999999998	0.06805822960556927	-0.6573702247290405	0.014328742056761752	0.7292101396318408	-2.8971156089612977	2.556351141813956	430
5	NEUR	109	-1.9549999999999996	0.07145699012772033	-0.6573702247290405	0.014328742056761752	0.7292101396318408	-2.8971156089612977	2.556351141813956	430
5	NEUR	110	-1.9337499999999999	0.07493413491341959	-0.6573702247290405	0.014328742056761752	0.7292101396318408	-2.8971156089612977	2.556351141813956	430
5	NEUR	111	-1.9124999999999996	0.07847986729075836	-0.6573702247290405	0.014328742056761752	0.7292101396318408	-2.8971156089612977	2.556351141813956	430
5	NEUR	112	-1.8912499999999999	0.08208360107655333	-0.6573702247290405	0.014328742056761752	0.7292101396318408	-2.8971156089612977	2.556351141813956	430
5	NEUR	113	-1.8699999999999997	0.08573409926999175	-0.6573702247290405	0.014328742056761752	0.7292101396318408	-2.8971156089612977	2.556351141813956	430
5	NEUR	114	-1.84875	0.08941964191286926	-0.6573702247290405	0.014328742056761752	0.7292101396318408	-2.8971156089612977	2.556351141813956	430
5	NEUR	115	-1.8274999999999997	0.09312821948100657	-0.6573702247290405	0.014328742056761752	0.7292101396318408	-2.8971156089612977	2.556351141813956	430
5	NEUR	116	-1.80625	0.096847746830356	-0.6573702247290405	0.014328742056761752	0.7292101396318408	-2.8971156089612977	2.556351141813956	430
5	NEUR	117	-1.7849999999999997	0.10056629153982137	-0.6573702247290405	0.014328742056761752	0.7292101396318408	-2.8971156089612977	2.556351141813956	430
5	NEUR	118	-1.76375	0.10427230954024005	-0.6573702247290405	0.014328742056761752	0.7292101396318408	-2.8971156089612977	2.556351141813956	430
5	NEUR	119	-1.7424999999999997	0.10795488025654798	-0.6573702247290405	0.014328742056761752	0.7292101396318408	-2.8971156089612977	2.556351141813956	430
5	NEUR	120	-1.72125	0.1116039331668198	-0.6573702247290405	0.014328742056761752	0.7292101396318408	-2.8971156089612977	2.556351141813956	430
5	NEUR	121	-1.6999999999999997	0.11521045773082353	-0.6573702247290405	0.014328742056761752	0.7292101396318408	-2.8971156089612977	2.556351141813956	430
5	NEUR	122	-1.67875	0.1187666890761743	-0.6573702247290405	0.014328742056761752	0.7292101396318408	-2.8971156089612977	2.556351141813956	430
5	NEUR	123	-1.6574999999999998	0.12226626264556965	-0.6573702247290405	0.014328742056761752	0.7292101396318408	-2.8971156089612977	2.556351141813956	430
5	NEUR	124	-1.63625	0.1257043321755564	-0.6573702247290405	0.014328742056761752	0.7292101396318408	-2.8971156089612977	2.556351141813956	430
5	NEUR	125	-1.6149999999999998	0.12907764684621278	-0.6573702247290405	0.014328742056761752	0.7292101396318408	-2.8971156089612977	2.556351141813956	430
5	NEUR	126	-1.59375	0.13238458514292886	-0.6573702247290405	0.014328742056761752	0.7292101396318408	-2.8971156089612977	2.556351141813956	430
5	NEUR	127	-1.5724999999999998	0.13562514482088484	-0.6573702247290405	0.014328742056761752	0.7292101396318408	-2.8971156089612977	2.556351141813956	430
5	NEUR	128	-1.55125	0.13880089026278739	-0.6573702247290405	0.014328742056761752	0.7292101396318408	-2.8971156089612977	2.556351141813956	430
5	NEUR	129	-1.5299999999999998	0.14191486036770265	-0.6573702247290405	0.014328742056761752	0.7292101396318408	-2.8971156089612977	2.556351141813956	430
5	NEUR	130	-1.5087499999999996	0.14497144180003005	-0.6573702247290405	0.014328742056761752	0.7292101396318408	-2.8971156089612977	2.556351141813956	430
5	NEUR	131	-1.4874999999999998	0.14797621386592805	-0.6573702247290405	0.014328742056761752	0.7292101396318408	-2.8971156089612977	2.556351141813956	430
5	NEUR	132	-1.4662499999999996	0.15093577238568	-0.6573702247290405	0.014328742056761752	0.7292101396318408	-2.8971156089612977	2.556351141813956	430
5	NEUR	133	-1.4449999999999998	0.15385754062901097	-0.6573702247290405	0.014328742056761752	0.7292101396318408	-2.8971156089612977	2.556351141813956	430
5	NEUR	134	-1.4237499999999996	0.1567495756339329	-0.6573702247290405	0.014328742056761752	0.7292101396318408	-2.8971156089612977	2.556351141813956	430
5	NEUR	135	-1.4024999999999999	0.1596203780225899	-0.6573702247290405	0.014328742056761752	0.7292101396318408	-2.8971156089612977	2.556351141813956	430
5	NEUR	136	-1.3812499999999996	0.16247871277229525	-0.6573702247290405	0.014328742056761752	0.7292101396318408	-2.8971156089612977	2.556351141813956	430
5	NEUR	137	-1.3599999999999999	0.1653334473369552	-0.6573702247290405	0.014328742056761752	0.7292101396318408	-2.8971156089612977	2.556351141813956	430
5	NEUR	138	-1.3387499999999997	0.16819341210961744	-0.6573702247290405	0.014328742056761752	0.7292101396318408	-2.8971156089612977	2.556351141813956	430
5	NEUR	139	-1.3175	0.17106728655897804	-0.6573702247290405	0.014328742056761752	0.7292101396318408	-2.8971156089612977	2.556351141813956	430
5	NEUR	140	-1.2962499999999997	0.1739635125657671	-0.6573702247290405	0.014328742056761752	0.7292101396318408	-2.8971156089612977	2.556351141813956	430
5	NEUR	141	-1.275	0.17689023464284662	-0.6573702247290405	0.014328742056761752	0.7292101396318408	-2.8971156089612977	2.556351141813956	430
5	NEUR	142	-1.2537499999999997	0.17985526496170515	-0.6573702247290405	0.014328742056761752	0.7292101396318408	-2.8971156089612977	2.556351141813956	430
5	NEUR	143	-1.2325	0.18286606953829915	-0.6573702247290405	0.014328742056761752	0.7292101396318408	-2.8971156089612977	2.556351141813956	430
5	NEUR	144	-1.2112499999999997	0.18592977065056798	-0.6573702247290405	0.014328742056761752	0.7292101396318408	-2.8971156089612977	2.556351141813956	430
5	NEUR	145	-1.19	0.18905315964683708	-0.6573702247290405	0.014328742056761752	0.7292101396318408	-2.8971156089612977	2.556351141813956	430
5	NEUR	146	-1.1687499999999997	0.1922427138127216	-0.6573702247290405	0.014328742056761752	0.7292101396318408	-2.8971156089612977	2.556351141813956	430
5	NEUR	147	-1.1475	0.19550461092030072	-0.6573702247290405	0.014328742056761752	0.7292101396318408	-2.8971156089612977	2.556351141813956	430
5	NEUR	148	-1.1262499999999998	0.19884473548411077	-0.6573702247290405	0.014328742056761752	0.7292101396318408	-2.8971156089612977	2.556351141813956	430
5	NEUR	149	-1.105	0.20226867156203238	-0.6573702247290405	0.014328742056761752	0.7292101396318408	-2.8971156089612977	2.556351141813956	430
5	NEUR	150	-1.0837499999999998	0.2057816781072143	-0.6573702247290405	0.014328742056761752	0.7292101396318408	-2.8971156089612977	2.556351141813956	430
5	NEUR	151	-1.0624999999999996	0.20938864431938212	-0.6573702247290405	0.014328742056761752	0.7292101396318408	-2.8971156089612977	2.556351141813956	430
5	NEUR	152	-1.0412499999999998	0.2130940240633969	-0.6573702247290405	0.014328742056761752	0.7292101396318408	-2.8971156089612977	2.556351141813956	430
5	NEUR	153	-1.0199999999999996	0.21690175011295698	-0.6573702247290405	0.014328742056761752	0.7292101396318408	-2.8971156089612977	2.556351141813956	430
5	NEUR	154	-0.9987499999999998	0.22081513062836142	-0.6573702247290405	0.014328742056761752	0.7292101396318408	-2.8971156089612977	2.556351141813956	430
5	NEUR	155	-0.9774999999999996	0.22483673178404845	-0.6573702247290405	0.014328742056761752	0.7292101396318408	-2.8971156089612977	2.556351141813956	430
5	NEUR	156	-0.9562499999999998	0.22896825173001548	-0.6573702247290405	0.014328742056761752	0.7292101396318408	-2.8971156089612977	2.556351141813956	430
5	NEUR	157	-0.9349999999999996	0.23321039202369315	-0.6573702247290405	0.014328742056761752	0.7292101396318408	-2.8971156089612977	2.556351141813956	430
5	NEUR	158	-0.9137499999999998	0.23756273324903426	-0.6573702247290405	0.014328742056761752	0.7292101396318408	-2.8971156089612977	2.556351141813956	430
5	NEUR	159	-0.8924999999999996	0.2420236217152111	-0.6573702247290405	0.014328742056761752	0.7292101396318408	-2.8971156089612977	2.556351141813956	430
5	NEUR	160	-0.8712499999999999	0.2465900738914093	-0.6573702247290405	0.014328742056761752	0.7292101396318408	-2.8971156089612977	2.556351141813956	430
5	NEUR	161	-0.8499999999999996	0.25125770460478125	-0.6573702247290405	0.014328742056761752	0.7292101396318408	-2.8971156089612977	2.556351141813956	430
5	NEUR	162	-0.8287499999999999	0.2560206840466721	-0.6573702247290405	0.014328742056761752	0.7292101396318408	-2.8971156089612977	2.556351141813956	430
5	NEUR	163	-0.8074999999999997	0.2608717273584372	-0.6573702247290405	0.014328742056761752	0.7292101396318408	-2.8971156089612977	2.556351141813956	430
5	NEUR	164	-0.7862499999999999	0.2658021190787118	-0.6573702247290405	0.014328742056761752	0.7292101396318408	-2.8971156089612977	2.556351141813956	430
5	NEUR	165	-0.7649999999999997	0.2708017731151634	-0.6573702247290405	0.014328742056761752	0.7292101396318408	-2.8971156089612977	2.556351141813956	430
5	NEUR	166	-0.7437499999999999	0.27585932724690787	-0.6573702247290405	0.014328742056761752	0.7292101396318408	-2.8971156089612977	2.556351141813956	430
5	NEUR	167	-0.7224999999999997	0.2809622695595316	-0.6573702247290405	0.014328742056761752	0.7292101396318408	-2.8971156089612977	2.556351141813956	430
5	NEUR	168	-0.7012499999999999	0.28609709274806494	-0.6573702247290405	0.014328742056761752	0.7292101396318408	-2.8971156089612977	2.556351141813956	430
5	NEUR	169	-0.6799999999999997	0.2912494709690823	-0.6573702247290405	0.014328742056761752	0.7292101396318408	-2.8971156089612977	2.556351141813956	430
5	NEUR	170	-0.65875	0.2964044529423741	-0.6573702247290405	0.014328742056761752	0.7292101396318408	-2.8971156089612977	2.556351141813956	430
5	NEUR	171	-0.6374999999999997	0.3015466643397874	-0.6573702247290405	0.014328742056761752	0.7292101396318408	-2.8971156089612977	2.556351141813956	430
5	NEUR	172	-0.6162499999999995	0.3066605121802852	-0.6573702247290405	0.014328742056761752	0.7292101396318408	-2.8971156089612977	2.556351141813956	430
5	NEUR	173	-0.5949999999999998	0.31173038398386144	-0.6573702247290405	0.014328742056761752	0.7292101396318408	-2.8971156089612977	2.556351141813956	430
5	NEUR	174	-0.5737499999999995	0.3167408348124492	-0.6573702247290405	0.014328742056761752	0.7292101396318408	-2.8971156089612977	2.556351141813956	430
5	NEUR	175	-0.5524999999999998	0.3216767560165912	-0.6573702247290405	0.014328742056761752	0.7292101396318408	-2.8971156089612977	2.556351141813956	430
5	NEUR	176	-0.5312499999999996	0.3265235204712763	-0.6573702247290405	0.014328742056761752	0.7292101396318408	-2.8971156089612977	2.556351141813956	430
5	NEUR	177	-0.5099999999999998	0.3312671002701928	-0.6573702247290405	0.014328742056761752	0.7292101396318408	-2.8971156089612977	2.556351141813956	430
5	NEUR	178	-0.4887499999999996	0.3358941541937884	-0.6573702247290405	0.014328742056761752	0.7292101396318408	-2.8971156089612977	2.556351141813956	430
5	NEUR	179	-0.4674999999999998	0.34039208370661855	-0.6573702247290405	0.014328742056761752	0.7292101396318408	-2.8971156089612977	2.556351141813956	430
5	NEUR	180	-0.4462499999999996	0.34474905770601943	-0.6573702247290405	0.014328742056761752	0.7292101396318408	-2.8971156089612977	2.556351141813956	430
5	NEUR	181	-0.4249999999999998	0.34895400767074597	-0.6573702247290405	0.014328742056761752	0.7292101396318408	-2.8971156089612977	2.556351141813956	430
5	NEUR	182	-0.4037499999999996	0.35299659618319135	-0.6573702247290405	0.014328742056761752	0.7292101396318408	-2.8971156089612977	2.556351141813956	430
5	NEUR	183	-0.38249999999999984	0.35686716296716386	-0.6573702247290405	0.014328742056761752	0.7292101396318408	-2.8971156089612977	2.556351141813956	430
5	NEUR	184	-0.3612499999999996	0.3605566535487139	-0.6573702247290405	0.014328742056761752	0.7292101396318408	-2.8971156089612977	2.556351141813956	430
5	NEUR	185	-0.33999999999999986	0.36405653637429164	-0.6573702247290405	0.014328742056761752	0.7292101396318408	-2.8971156089612977	2.556351141813956	430
5	NEUR	186	-0.31874999999999964	0.36735871468347114	-0.6573702247290405	0.014328742056761752	0.7292101396318408	-2.8971156089612977	2.556351141813956	430
5	NEUR	187	-0.2974999999999999	0.3704554396191	-0.6573702247290405	0.014328742056761752	0.7292101396318408	-2.8971156089612977	2.556351141813956	430
5	NEUR	188	-0.27624999999999966	0.3733392309634209	-0.6573702247290405	0.014328742056761752	0.7292101396318408	-2.8971156089612977	2.556351141813956	430
5	NEUR	189	-0.2549999999999999	0.37600281152280246	-0.6573702247290405	0.014328742056761752	0.7292101396318408	-2.8971156089612977	2.556351141813956	430
5	NEUR	190	-0.23374999999999968	0.3784390605639038	-0.6573702247290405	0.014328742056761752	0.7292101396318408	-2.8971156089612977	2.556351141813956	430
5	NEUR	191	-0.21249999999999947	0.3806409908569745	-0.6573702247290405	0.014328742056761752	0.7292101396318408	-2.8971156089612977	2.556351141813956	430
5	NEUR	192	-0.19125000000000014	0.3826017528411177	-0.6573702247290405	0.014328742056761752	0.7292101396318408	-2.8971156089612977	2.556351141813956	430
5	NEUR	193	-0.16999999999999993	0.3843146682313674	-0.6573702247290405	0.014328742056761752	0.7292101396318408	-2.8971156089612977	2.556351141813956	430
5	NEUR	194	-0.14874999999999972	0.38577329408217154	-0.6573702247290405	0.014328742056761752	0.7292101396318408	-2.8971156089612977	2.556351141813956	430
5	NEUR	195	-0.1274999999999995	0.38697151695340254	-0.6573702247290405	0.014328742056761752	0.7292101396318408	-2.8971156089612977	2.556351141813956	430
5	NEUR	196	-0.10624999999999929	0.38790367544187626	-0.6573702247290405	0.014328742056761752	0.7292101396318408	-2.8971156089612977	2.556351141813956	430
5	NEUR	197	-0.08499999999999996	0.38856470799249526	-0.6573702247290405	0.014328742056761752	0.7292101396318408	-2.8971156089612977	2.556351141813956	430
5	NEUR	198	-0.06374999999999975	0.3889503216367407	-0.6573702247290405	0.014328742056761752	0.7292101396318408	-2.8971156089612977	2.556351141813956	430
5	NEUR	199	-0.04249999999999954	0.38905717616831076	-0.6573702247290405	0.014328742056761752	0.7292101396318408	-2.8971156089612977	2.556351141813956	430
5	NEUR	200	-0.021249999999999325	0.3888830772991822	-0.6573702247290405	0.014328742056761752	0.7292101396318408	-2.8971156089612977	2.556351141813956	430
5	NEUR	201	0.0	0.3884271715829424	-0.6573702247290405	0.014328742056761752	0.7292101396318408	-2.8971156089612977	2.556351141813956	430
5	NEUR	202	0.021250000000000213	0.387690135378957	-0.6573702247290405	0.014328742056761752	0.7292101396318408	-2.8971156089612977	2.556351141813956	430
5	NEUR	203	0.042500000000000426	0.38667434988761984	-0.6573702247290405	0.014328742056761752	0.7292101396318408	-2.8971156089612977	2.556351141813956	430
5	NEUR	204	0.06375000000000064	0.3853840543323434	-0.6573702247290405	0.014328742056761752	0.7292101396318408	-2.8971156089612977	2.556351141813956	430
5	NEUR	205	0.08499999999999996	0.38382546970835335	-0.6573702247290405	0.014328742056761752	0.7292101396318408	-2.8971156089612977	2.556351141813956	430
5	NEUR	206	0.10625000000000018	0.38200688616197925	-0.6573702247290405	0.014328742056761752	0.7292101396318408	-2.8971156089612977	2.556351141813956	430
5	NEUR	207	0.1275000000000004	0.3799387079966597	-0.6573702247290405	0.014328742056761752	0.7292101396318408	-2.8971156089612977	2.556351141813956	430
5	NEUR	208	0.1487500000000006	0.37763345150167615	-0.6573702247290405	0.014328742056761752	0.7292101396318408	-2.8971156089612977	2.556351141813956	430
5	NEUR	209	0.16999999999999993	0.3751056922334756	-0.6573702247290405	0.014328742056761752	0.7292101396318408	-2.8971156089612977	2.556351141813956	430
5	NEUR	210	0.19125000000000014	0.3723719600029235	-0.6573702247290405	0.014328742056761752	0.7292101396318408	-2.8971156089612977	2.556351141813956	430
5	NEUR	211	0.21250000000000036	0.3694505815798677	-0.6573702247290405	0.014328742056761752	0.7292101396318408	-2.8971156089612977	2.556351141813956	430
5	NEUR	212	0.23375000000000057	0.36636147295477817	-0.6573702247290405	0.014328742056761752	0.7292101396318408	-2.8971156089612977	2.556351141813956	430
5	NEUR	213	0.2549999999999999	0.363125884824638	-0.6573702247290405	0.014328742056761752	0.7292101396318408	-2.8971156089612977	2.556351141813956	430
5	NEUR	214	0.2762500000000001	0.3597661067209131	-0.6573702247290405	0.014328742056761752	0.7292101396318408	-2.8971156089612977	2.556351141813956	430
5	NEUR	215	0.2975000000000003	0.3563051367943636	-0.6573702247290405	0.014328742056761752	0.7292101396318408	-2.8971156089612977	2.556351141813956	430
5	NEUR	216	0.31875000000000053	0.35276632564035854	-0.6573702247290405	0.014328742056761752	0.7292101396318408	-2.8971156089612977	2.556351141813956	430
5	NEUR	217	0.34000000000000075	0.34917300362146825	-0.6573702247290405	0.014328742056761752	0.7292101396318408	-2.8971156089612977	2.556351141813956	430
5	NEUR	218	0.36125000000000007	0.3455481018643754	-0.6573702247290405	0.014328742056761752	0.7292101396318408	-2.8971156089612977	2.556351141813956	430
5	NEUR	219	0.3825000000000003	0.34191377743313184	-0.6573702247290405	0.014328742056761752	0.7292101396318408	-2.8971156089612977	2.556351141813956	430
5	NEUR	220	0.4037500000000005	0.33829105308586466	-0.6573702247290405	0.014328742056761752	0.7292101396318408	-2.8971156089612977	2.556351141813956	430
5	NEUR	221	0.4250000000000007	0.33469948150312784	-0.6573702247290405	0.014328742056761752	0.7292101396318408	-2.8971156089612977	2.556351141813956	430
5	NEUR	222	0.44625000000000004	0.3311568429509486	-0.6573702247290405	0.014328742056761752	0.7292101396318408	-2.8971156089612977	2.556351141813956	430
5	NEUR	223	0.46750000000000025	0.3276788840501712	-0.6573702247290405	0.014328742056761752	0.7292101396318408	-2.8971156089612977	2.556351141813956	430
5	NEUR	224	0.48875000000000046	0.32427910372664875	-0.6573702247290405	0.014328742056761752	0.7292101396318408	-2.8971156089612977	2.556351141813956	430
5	NEUR	225	0.5100000000000007	0.3209685905931385	-0.6573702247290405	0.014328742056761752	0.7292101396318408	-2.8971156089612977	2.556351141813956	430
5	NEUR	226	0.53125	0.3177559140564085	-0.6573702247290405	0.014328742056761752	0.7292101396318408	-2.8971156089612977	2.556351141813956	430
5	NEUR	227	0.5525000000000002	0.3146470694538366	-0.6573702247290405	0.014328742056761752	0.7292101396318408	-2.8971156089612977	2.556351141813956	430
5	NEUR	228	0.5737500000000004	0.3116454756072283	-0.6573702247290405	0.014328742056761752	0.7292101396318408	-2.8971156089612977	2.556351141813956	430
5	NEUR	229	0.5950000000000006	0.30875202143813846	-0.6573702247290405	0.014328742056761752	0.7292101396318408	-2.8971156089612977	2.556351141813956	430
5	NEUR	230	0.61625	0.30596515680862807	-0.6573702247290405	0.014328742056761752	0.7292101396318408	-2.8971156089612977	2.556351141813956	430
5	NEUR	231	0.6375000000000002	0.3032810216071603	-0.6573702247290405	0.014328742056761752	0.7292101396318408	-2.8971156089612977	2.556351141813956	430
5	NEUR	232	0.6587500000000004	0.3006936063425088	-0.6573702247290405	0.014328742056761752	0.7292101396318408	-2.8971156089612977	2.556351141813956	430
5	NEUR	233	0.6800000000000006	0.2981949371645201	-0.6573702247290405	0.014328742056761752	0.7292101396318408	-2.8971156089612977	2.556351141813956	430
5	NEUR	234	0.7012499999999999	0.29577527829723954	-0.6573702247290405	0.014328742056761752	0.7292101396318408	-2.8971156089612977	2.556351141813956	430
5	NEUR	235	0.7225000000000001	0.29342334531745595	-0.6573702247290405	0.014328742056761752	0.7292101396318408	-2.8971156089612977	2.556351141813956	430
5	NEUR	236	0.7437500000000004	0.2911265234848638	-0.6573702247290405	0.014328742056761752	0.7292101396318408	-2.8971156089612977	2.556351141813956	430
5	NEUR	237	0.7650000000000006	0.2888710863521093	-0.6573702247290405	0.014328742056761752	0.7292101396318408	-2.8971156089612977	2.556351141813956	430
5	NEUR	238	0.7862500000000008	0.2866424110615613	-0.6573702247290405	0.014328742056761752	0.7292101396318408	-2.8971156089612977	2.556351141813956	430
5	NEUR	239	0.8075000000000001	0.28442518796983235	-0.6573702247290405	0.014328742056761752	0.7292101396318408	-2.8971156089612977	2.556351141813956	430
5	NEUR	240	0.8287500000000003	0.28220362342908395	-0.6573702247290405	0.014328742056761752	0.7292101396318408	-2.8971156089612977	2.556351141813956	430
5	NEUR	241	0.8500000000000005	0.27996163560130677	-0.6573702247290405	0.014328742056761752	0.7292101396318408	-2.8971156089612977	2.556351141813956	430
5	NEUR	242	0.8712500000000007	0.27768304400786653	-0.6573702247290405	0.014328742056761752	0.7292101396318408	-2.8971156089612977	2.556351141813956	430
5	NEUR	243	0.8925000000000001	0.27535175406209755	-0.6573702247290405	0.014328742056761752	0.7292101396318408	-2.8971156089612977	2.556351141813956	430
5	NEUR	244	0.9137500000000003	0.2729519380633329	-0.6573702247290405	0.014328742056761752	0.7292101396318408	-2.8971156089612977	2.556351141813956	430
5	NEUR	245	0.9350000000000005	0.270468214039829	-0.6573702247290405	0.014328742056761752	0.7292101396318408	-2.8971156089612977	2.556351141813956	430
5	NEUR	246	0.9562500000000007	0.2678858234369496	-0.6573702247290405	0.014328742056761752	0.7292101396318408	-2.8971156089612977	2.556351141813956	430
5	NEUR	247	0.9775	0.2651908080028092	-0.6573702247290405	0.014328742056761752	0.7292101396318408	-2.8971156089612977	2.556351141813956	430
5	NEUR	248	0.9987500000000002	0.26237018539502427	-0.6573702247290405	0.014328742056761752	0.7292101396318408	-2.8971156089612977	2.556351141813956	430
5	NEUR	249	1.0200000000000005	0.2594121221035225	-0.6573702247290405	0.014328742056761752	0.7292101396318408	-2.8971156089612977	2.556351141813956	430
5	NEUR	250	1.0412500000000007	0.25630610134796966	-0.6573702247290405	0.014328742056761752	0.7292101396318408	-2.8971156089612977	2.556351141813956	430
5	NEUR	251	1.0625	0.25304308275716025	-0.6573702247290405	0.014328742056761752	0.7292101396318408	-2.8971156089612977	2.556351141813956	430
5	NEUR	252	1.0837500000000002	0.24961564995694607	-0.6573702247290405	0.014328742056761752	0.7292101396318408	-2.8971156089612977	2.556351141813956	430
5	NEUR	253	1.1050000000000004	0.24601814175364128	-0.6573702247290405	0.014328742056761752	0.7292101396318408	-2.8971156089612977	2.556351141813956	430
5	NEUR	254	1.1262500000000006	0.2422467624514746	-0.6573702247290405	0.014328742056761752	0.7292101396318408	-2.8971156089612977	2.556351141813956	430
5	NEUR	255	1.1475	0.23829966701126187	-0.6573702247290405	0.014328742056761752	0.7292101396318408	-2.8971156089612977	2.556351141813956	430
5	NEUR	256	1.1687500000000002	0.2341770172423337	-0.6573702247290405	0.014328742056761752	0.7292101396318408	-2.8971156089612977	2.556351141813956	430
5	NEUR	257	1.1900000000000004	0.22988100599429492	-0.6573702247290405	0.014328742056761752	0.7292101396318408	-2.8971156089612977	2.556351141813956	430
5	NEUR	258	1.2112500000000006	0.2254158473293156	-0.6573702247290405	0.014328742056761752	0.7292101396318408	-2.8971156089612977	2.556351141813956	430
5	NEUR	259	1.2325000000000008	0.2207877318405738	-0.6573702247290405	0.014328742056761752	0.7292101396318408	-2.8971156089612977	2.556351141813956	430
5	NEUR	260	1.2537500000000001	0.21600474755643473	-0.6573702247290405	0.014328742056761752	0.7292101396318408	-2.8971156089612977	2.556351141813956	430
5	NEUR	261	1.2750000000000004	0.2110767681453958	-0.6573702247290405	0.014328742056761752	0.7292101396318408	-2.8971156089612977	2.556351141813956	430
5	NEUR	262	1.2962500000000006	0.20601531132763265	-0.6573702247290405	0.014328742056761752	0.7292101396318408	-2.8971156089612977	2.556351141813956	430
5	NEUR	263	1.3175000000000008	0.20083337142736243	-0.6573702247290405	0.014328742056761752	0.7292101396318408	-2.8971156089612977	2.556351141813956	430
5	NEUR	264	1.33875	0.1955452308029419	-0.6573702247290405	0.014328742056761752	0.7292101396318408	-2.8971156089612977	2.556351141813956	430
5	NEUR	265	1.3600000000000003	0.19016625542444893	-0.6573702247290405	0.014328742056761752	0.7292101396318408	-2.8971156089612977	2.556351141813956	430
5	NEUR	266	1.3812500000000005	0.18471268010930822	-0.6573702247290405	0.014328742056761752	0.7292101396318408	-2.8971156089612977	2.556351141813956	430
5	NEUR	267	1.4025000000000007	0.17920138887602813	-0.6573702247290405	0.014328742056761752	0.7292101396318408	-2.8971156089612977	2.556351141813956	430
5	NEUR	268	1.42375	0.1736496955570383	-0.6573702247290405	0.014328742056761752	0.7292101396318408	-2.8971156089612977	2.556351141813956	430
5	NEUR	269	1.4450000000000003	0.16807512926553372	-0.6573702247290405	0.014328742056761752	0.7292101396318408	-2.8971156089612977	2.556351141813956	430
5	NEUR	270	1.4662500000000005	0.16249522859457183	-0.6573702247290405	0.014328742056761752	0.7292101396318408	-2.8971156089612977	2.556351141813956	430
5	NEUR	271	1.4875000000000007	0.15692734760503538	-0.6573702247290405	0.014328742056761752	0.7292101396318408	-2.8971156089612977	2.556351141813956	430
5	NEUR	272	1.50875	0.15138847580147383	-0.6573702247290405	0.014328742056761752	0.7292101396318408	-2.8971156089612977	2.556351141813956	430
5	NEUR	273	1.5300000000000002	0.14589507346768663	-0.6573702247290405	0.014328742056761752	0.7292101396318408	-2.8971156089612977	2.556351141813956	430
5	NEUR	274	1.5512500000000005	0.14046292299560653	-0.6573702247290405	0.014328742056761752	0.7292101396318408	-2.8971156089612977	2.556351141813956	430
5	NEUR	275	1.5725000000000007	0.1351069962375266	-0.6573702247290405	0.014328742056761752	0.7292101396318408	-2.8971156089612977	2.556351141813956	430
5	NEUR	276	1.59375	0.12984133747338272	-0.6573702247290405	0.014328742056761752	0.7292101396318408	-2.8971156089612977	2.556351141813956	430
5	NEUR	277	1.6150000000000002	0.12467896132473229	-0.6573702247290405	0.014328742056761752	0.7292101396318408	-2.8971156089612977	2.556351141813956	430
5	NEUR	278	1.6362500000000004	0.11963176486119156	-0.6573702247290405	0.014328742056761752	0.7292101396318408	-2.8971156089612977	2.556351141813956	430
5	NEUR	279	1.6575000000000006	0.11471045321344495	-0.6573702247290405	0.014328742056761752	0.7292101396318408	-2.8971156089612977	2.556351141813956	430
5	NEUR	280	1.6787500000000009	0.1099244781966173	-0.6573702247290405	0.014328742056761752	0.7292101396318408	-2.8971156089612977	2.556351141813956	430
5	NEUR	281	1.7000000000000002	0.10528198971657855	-0.6573702247290405	0.014328742056761752	0.7292101396318408	-2.8971156089612977	2.556351141813956	430
5	NEUR	282	1.7212500000000004	0.10078980003253575	-0.6573702247290405	0.014328742056761752	0.7292101396318408	-2.8971156089612977	2.556351141813956	430
5	NEUR	283	1.7425000000000006	0.09645336123461075	-0.6573702247290405	0.014328742056761752	0.7292101396318408	-2.8971156089612977	2.556351141813956	430
5	NEUR	284	1.7637500000000008	0.09227675652156585	-0.6573702247290405	0.014328742056761752	0.7292101396318408	-2.8971156089612977	2.556351141813956	430
5	NEUR	285	1.7850000000000001	0.0882627059957605	-0.6573702247290405	0.014328742056761752	0.7292101396318408	-2.8971156089612977	2.556351141813956	430
5	NEUR	286	1.8062500000000004	0.08441258770477397	-0.6573702247290405	0.014328742056761752	0.7292101396318408	-2.8971156089612977	2.556351141813956	430
5	NEUR	287	1.8275000000000006	0.08072647453940197	-0.6573702247290405	0.014328742056761752	0.7292101396318408	-2.8971156089612977	2.556351141813956	430
5	NEUR	288	1.8487500000000008	0.0772031873464762	-0.6573702247290405	0.014328742056761752	0.7292101396318408	-2.8971156089612977	2.556351141813956	430
5	NEUR	289	1.87	0.07384036424537858	-0.6573702247290405	0.014328742056761752	0.7292101396318408	-2.8971156089612977	2.556351141813956	430
5	NEUR	290	1.8912500000000003	0.07063454567339286	-0.6573702247290405	0.014328742056761752	0.7292101396318408	-2.8971156089612977	2.556351141813956	430
5	NEUR	291	1.9125000000000005	0.06758127415996996	-0.6573702247290405	0.014328742056761752	0.7292101396318408	-2.8971156089612977	2.556351141813956	430
5	NEUR	292	1.9337500000000007	0.06467520728191185	-0.6573702247290405	0.014328742056761752	0.7292101396318408	-2.8971156089612977	2.556351141813956	430
5	NEUR	293	1.955	0.06191024172096339	-0.6573702247290405	0.014328742056761752	0.7292101396318408	-2.8971156089612977	2.556351141813956	430
5	NEUR	294	1.9762500000000003	0.059279645871692335	-0.6573702247290405	0.014328742056761752	0.7292101396318408	-2.8971156089612977	2.556351141813956	430
5	NEUR	295	1.9975000000000005	0.05677619806592044	-0.6573702247290405	0.014328742056761752	0.7292101396318408	-2.8971156089612977	2.556351141813956	430
5	NEUR	296	2.0187500000000007	0.05439232721847242	-0.6573702247290405	0.014328742056761752	0.7292101396318408	-2.8971156089612977	2.556351141813956	430
5	NEUR	297	2.04	0.05212025257692283	-0.6573702247290405	0.014328742056761752	0.7292101396318408	-2.8971156089612977	2.556351141813956	430
5	NEUR	298	2.0612500000000002	0.04995211928456843	-0.6573702247290405	0.014328742056761752	0.7292101396318408	-2.8971156089612977	2.556351141813956	430
5	NEUR	299	2.0825000000000005	0.04788012663995095	-0.6573702247290405	0.014328742056761752	0.7292101396318408	-2.8971156089612977	2.556351141813956	430
5	NEUR	300	2.1037500000000007	0.04589664624690461	-0.6573702247290405	0.014328742056761752	0.7292101396318408	-2.8971156089612977	2.556351141813956	430
5	NEUR	301	2.125000000000001	0.04399432767669854	-0.6573702247290405	0.014328742056761752	0.7292101396318408	-2.8971156089612977	2.556351141813956	430
5	NEUR	302	2.14625	0.04216618978184972	-0.6573702247290405	0.014328742056761752	0.7292101396318408	-2.8971156089612977	2.556351141813956	430
5	NEUR	303	2.1675000000000004	0.040405696378404174	-0.6573702247290405	0.014328742056761752	0.7292101396318408	-2.8971156089612977	2.556351141813956	430
5	NEUR	304	2.1887500000000006	0.038706815616415466	-0.6573702247290405	0.014328742056761752	0.7292101396318408	-2.8971156089612977	2.556351141813956	430
5	NEUR	305	2.210000000000001	0.03706406295360358	-0.6573702247290405	0.014328742056761752	0.7292101396318408	-2.8971156089612977	2.556351141813956	430
5	NEUR	306	2.23125	0.035472528203743726	-0.6573702247290405	0.014328742056761752	0.7292101396318408	-2.8971156089612977	2.556351141813956	430
5	NEUR	307	2.2525000000000004	0.03392788762249997	-0.6573702247290405	0.014328742056761752	0.7292101396318408	-2.8971156089612977	2.556351141813956	430
5	NEUR	308	2.2737500000000006	0.03242640239827103	-0.6573702247290405	0.014328742056761752	0.7292101396318408	-2.8971156089612977	2.556351141813956	430
5	NEUR	309	2.295000000000001	0.030964905220022175	-0.6573702247290405	0.014328742056761752	0.7292101396318408	-2.8971156089612977	2.556351141813956	430
5	NEUR	310	2.31625	0.029540776791126114	-0.6573702247290405	0.014328742056761752	0.7292101396318408	-2.8971156089612977	2.556351141813956	430
5	NEUR	311	2.3375000000000004	0.02815191424812159	-0.6573702247290405	0.014328742056761752	0.7292101396318408	-2.8971156089612977	2.556351141813956	430
5	NEUR	312	2.3587500000000006	0.02679669343275878	-0.6573702247290405	0.014328742056761752	0.7292101396318408	-2.8971156089612977	2.556351141813956	430
5	NEUR	313	2.380000000000001	0.02547392686698561	-0.6573702247290405	0.014328742056761752	0.7292101396318408	-2.8971156089612977	2.556351141813956	430
5	NEUR	314	2.40125	0.02418281911015282	-0.6573702247290405	0.014328742056761752	0.7292101396318408	-2.8971156089612977	2.556351141813956	430
5	NEUR	315	2.4225000000000003	0.022922920954918883	-0.6573702247290405	0.014328742056761752	0.7292101396318408	-2.8971156089612977	2.556351141813956	430
5	NEUR	316	2.4437500000000005	0.021694083663585946	-0.6573702247290405	0.014328742056761752	0.7292101396318408	-2.8971156089612977	2.556351141813956	430
5	NEUR	317	2.4650000000000007	0.020496414180056922	-0.6573702247290405	0.014328742056761752	0.7292101396318408	-2.8971156089612977	2.556351141813956	430
5	NEUR	318	2.48625	0.019330231992810608	-0.6573702247290405	0.014328742056761752	0.7292101396318408	-2.8971156089612977	2.556351141813956	430
5	NEUR	319	2.5075000000000003	0.018196028087029237	-0.6573702247290405	0.014328742056761752	0.7292101396318408	-2.8971156089612977	2.556351141813956	430
5	NEUR	320	2.5287500000000005	0.017094426221522397	-0.6573702247290405	0.014328742056761752	0.7292101396318408	-2.8971156089612977	2.556351141813956	430
5	NEUR	321	2.5500000000000007	0.016026146606557063	-0.6573702247290405	0.014328742056761752	0.7292101396318408	-2.8971156089612977	2.556351141813956	430
5	NEUR	322	2.571250000000001	0.014991971946135055	-0.6573702247290405	0.014328742056761752	0.7292101396318408	-2.8971156089612977	2.556351141813956	430
5	NEUR	323	2.5925000000000002	0.013992715742613826	-0.6573702247290405	0.014328742056761752	0.7292101396318408	-2.8971156089612977	2.556351141813956	430
5	NEUR	324	2.6137500000000005	0.01302919273923019	-0.6573702247290405	0.014328742056761752	0.7292101396318408	-2.8971156089612977	2.556351141813956	430
5	NEUR	325	2.6350000000000007	0.012102191390494812	-0.6573702247290405	0.014328742056761752	0.7292101396318408	-2.8971156089612977	2.556351141813956	430
5	NEUR	326	2.656250000000001	0.011212448292888793	-0.6573702247290405	0.014328742056761752	0.7292101396318408	-2.8971156089612977	2.556351141813956	430
5	NEUR	327	2.6775	0.01036062456888973	-0.6573702247290405	0.014328742056761752	0.7292101396318408	-2.8971156089612977	2.556351141813956	430
5	NEUR	328	2.6987500000000004	0.009547284265793494	-0.6573702247290405	0.014328742056761752	0.7292101396318408	-2.8971156089612977	2.556351141813956	430
5	NEUR	329	2.7200000000000006	0.008772874897289588	-0.6573702247290405	0.014328742056761752	0.7292101396318408	-2.8971156089612977	2.556351141813956	430
5	NEUR	330	2.741250000000001	0.008037710311683386	-0.6573702247290405	0.014328742056761752	0.7292101396318408	-2.8971156089612977	2.556351141813956	430
5	NEUR	331	2.7625	0.007341956109197841	-0.6573702247290405	0.014328742056761752	0.7292101396318408	-2.8971156089612977	2.556351141813956	430
5	NEUR	332	2.7837500000000004	0.0066856178472048874	-0.6573702247290405	0.014328742056761752	0.7292101396318408	-2.8971156089612977	2.556351141813956	430
5	NEUR	333	2.8050000000000006	0.006068532264123122	-0.6573702247290405	0.014328742056761752	0.7292101396318408	-2.8971156089612977	2.556351141813956	430
5	NEUR	334	2.826250000000001	0.005490361719943486	-0.6573702247290405	0.014328742056761752	0.7292101396318408	-2.8971156089612977	2.556351141813956	430
5	NEUR	335	2.8475	0.00495059199589943	-0.6573702247290405	0.014328742056761752	0.7292101396318408	-2.8971156089612977	2.556351141813956	430
5	NEUR	336	2.8687500000000004	0.004448533521437489	-0.6573702247290405	0.014328742056761752	0.7292101396318408	-2.8971156089612977	2.556351141813956	430
5	NEUR	337	2.8900000000000006	0.003983326008493009	-0.6573702247290405	0.014328742056761752	0.7292101396318408	-2.8971156089612977	2.556351141813956	430
5	NEUR	338	2.911250000000001	0.003553946377103266	-0.6573702247290405	0.014328742056761752	0.7292101396318408	-2.8971156089612977	2.556351141813956	430
5	NEUR	339	2.9325	0.0031592197589301717	-0.6573702247290405	0.014328742056761752	0.7292101396318408	-2.8971156089612977	2.556351141813956	430
5	NEUR	340	2.9537500000000003	0.0027978332725018848	-0.6573702247290405	0.014328742056761752	0.7292101396318408	-2.8971156089612977	2.556351141813956	430
5	NEUR	341	2.9750000000000005	0.002468352181535281	-0.6573702247290405	0.014328742056761752	0.7292101396318408	-2.8971156089612977	2.556351141813956	430
5	NEUR	342	2.9962500000000007	0.00216923798025449	-0.6573702247290405	0.014328742056761752	0.7292101396318408	-2.8971156089612977	2.556351141813956	430
5	NEUR	343	3.017500000000001	0.0018988679006833593	-0.6573702247290405	0.014328742056761752	0.7292101396318408	-2.8971156089612977	2.556351141813956	430
5	NEUR	344	3.0387500000000003	0.0016555553086338294	-0.6573702247290405	0.014328742056761752	0.7292101396318408	-2.8971156089612977	2.556351141813956	430
5	NEUR	345	3.0600000000000005	0.0014375704483452943	-0.6573702247290405	0.014328742056761752	0.7292101396318408	-2.8971156089612977	2.556351141813956	430
5	NEUR	346	3.0812500000000007	0.001243161009943171	-0.6573702247290405	0.014328742056761752	0.7292101396318408	-2.8971156089612977	2.556351141813956	430
5	NEUR	347	3.102500000000001	0.0010705720273990282	-0.6573702247290405	0.014328742056761752	0.7292101396318408	-2.8971156089612977	2.556351141813956	430
5	NEUR	348	3.1237500000000002	0.0009180646648479413	-0.6573702247290405	0.014328742056761752	0.7292101396318408	-2.8971156089612977	2.556351141813956	430
5	NEUR	349	3.1450000000000005	0.0007839335125912766	-0.6573702247290405	0.014328742056761752	0.7292101396318408	-2.8971156089612977	2.556351141813956	430
5	NEUR	350	3.1662500000000007	0.0006665220870833494	-0.6573702247290405	0.014328742056761752	0.7292101396318408	-2.8971156089612977	2.556351141813956	430
5	NEUR	351	3.187500000000001	0.0005642363076888134	-0.6573702247290405	0.014328742056761752	0.7292101396318408	-2.8971156089612977	2.556351141813956	430
5	NEUR	352	3.20875	0.0004755558031029753	-0.6573702247290405	0.014328742056761752	0.7292101396318408	-2.8971156089612977	2.556351141813956	430
5	NEUR	353	3.2300000000000004	0.00039904297843930305	-0.6573702247290405	0.014328742056761752	0.7292101396318408	-2.8971156089612977	2.556351141813956	430
5	NEUR	354	3.2512500000000006	0.0003333498469652251	-0.6573702247290405	0.014328742056761752	0.7292101396318408	-2.8971156089612977	2.556351141813956	430
5	NEUR	355	3.272500000000001	0.00027722269575554794	-0.6573702247290405	0.014328742056761752	0.7292101396318408	-2.8971156089612977	2.556351141813956	430
5	NEUR	356	3.29375	0.00022950471024186126	-0.6573702247290405	0.014328742056761752	0.7292101396318408	-2.8971156089612977	2.556351141813956	430
5	NEUR	357	3.3150000000000004	0.00018913672755848613	-0.6573702247290405	0.014328742056761752	0.7292101396318408	-2.8971156089612977	2.556351141813956	430
5	NEUR	358	3.3362500000000006	0.00015515632217659401	-0.6573702247290405	0.014328742056761752	0.7292101396318408	-2.8971156089612977	2.556351141813956	430
5	NEUR	359	3.357500000000001	0.00012669544963737314	-0.6573702247290405	0.014328742056761752	0.7292101396318408	-2.8971156089612977	2.556351141813956	430
5	NEUR	360	3.37875	0.00010297688582141902	-0.6573702247290405	0.014328742056761752	0.7292101396318408	-2.8971156089612977	2.556351141813956	430
5	NEUR	361	3.4000000000000004	8.330970111866517e-05	-0.6573702247290405	0.014328742056761752	0.7292101396318408	-2.8971156089612977	2.556351141813956	430
5	NEUR	362	3.4212500000000006	6.708400238888684e-05	-0.6573702247290405	0.014328742056761752	0.7292101396318408	-2.8971156089612977	2.556351141813956	430
5	NEUR	363	3.442500000000001	5.376516221583318e-05	-0.6573702247290405	0.014328742056761752	0.7292101396318408	-2.8971156089612977	2.556351141813956	430
5	NEUR	364	3.463750000000001	4.288773623276977e-05	-0.6573702247290405	0.014328742056761752	0.7292101396318408	-2.8971156089612977	2.556351141813956	430
5	NEUR	365	3.4850000000000003	3.4049246800192864e-05	-0.6573702247290405	0.014328742056761752	0.7292101396318408	-2.8971156089612977	2.556351141813956	430
5	NEUR	366	3.5062500000000005	2.690398652898659e-05	-0.6573702247290405	0.014328742056761752	0.7292101396318408	-2.8971156089612977	2.556351141813956	430
5	NEUR	367	3.5275000000000007	2.115696940044581e-05	-0.6573702247290405	0.014328742056761752	0.7292101396318408	-2.8971156089612977	2.556351141813956	430
5	NEUR	368	3.548750000000001	1.65581316880954e-05	-0.6573702247290405	0.014328742056761752	0.7292101396318408	-2.8971156089612977	2.556351141813956	430
5	NEUR	369	3.5700000000000003	1.2896860474613835e-05	-0.6573702247290405	0.014328742056761752	0.7292101396318408	-2.8971156089612977	2.556351141813956	430
5	NEUR	370	3.5912500000000005	9.996905001559995e-06	-0.6573702247290405	0.014328742056761752	0.7292101396318408	-2.8971156089612977	2.556351141813956	430
5	NEUR	371	3.6125000000000007	7.711705898197952e-06	-0.6573702247290405	0.014328742056761752	0.7292101396318408	-2.8971156089612977	2.556351141813956	430
5	NEUR	372	3.633750000000001	5.920159819313734e-06	-0.6573702247290405	0.014328742056761752	0.7292101396318408	-2.8971156089612977	2.556351141813956	430
5	NEUR	373	3.6550000000000002	4.5228223172338765e-06	-0.6573702247290405	0.014328742056761752	0.7292101396318408	-2.8971156089612977	2.556351141813956	430
5	NEUR	374	3.6762500000000005	3.4385398706838137e-06	-0.6573702247290405	0.014328742056761752	0.7292101396318408	-2.8971156089612977	2.556351141813956	430
5	NEUR	375	3.6975000000000007	2.601492766779754e-06	-0.6573702247290405	0.014328742056761752	0.7292101396318408	-2.8971156089612977	2.556351141813956	430
5	NEUR	376	3.718750000000001	1.9586237699863334e-06	-0.6573702247290405	0.014328742056761752	0.7292101396318408	-2.8971156089612977	2.556351141813956	430
5	NEUR	377	3.74	1.4674229426767083e-06	-0.6573702247290405	0.014328742056761752	0.7292101396318408	-2.8971156089612977	2.556351141813956	430
5	NEUR	378	3.7612500000000004	1.0940363021967592e-06	-0.6573702247290405	0.014328742056761752	0.7292101396318408	-2.8971156089612977	2.556351141813956	430
5	NEUR	379	3.7825000000000006	8.116648934842287e-07	-0.6573702247290405	0.014328742056761752	0.7292101396318408	-2.8971156089612977	2.556351141813956	430
5	NEUR	380	3.803750000000001	5.992210141708713e-07	-0.6573702247290405	0.014328742056761752	0.7292101396318408	-2.8971156089612977	2.556351141813956	430
5	NEUR	381	3.825000000000001	4.4020945905621974e-07	-0.6573702247290405	0.014328742056761752	0.7292101396318408	-2.8971156089612977	2.556351141813956	430
5	NEUR	382	3.8462500000000013	3.218034888430051e-07	-0.6573702247290405	0.014328742056761752	0.7292101396318408	-2.8971156089612977	2.556351141813956	430
5	NEUR	383	3.8674999999999997	2.3408754322683742e-07	-0.6573702247290405	0.014328742056761752	0.7292101396318408	-2.8971156089612977	2.556351141813956	430
5	NEUR	384	3.88875	1.6944131577088036e-07	-0.6573702247290405	0.014328742056761752	0.7292101396318408	-2.8971156089612977	2.556351141813956	430
5	NEUR	385	3.91	1.2204252834389176e-07	-0.6573702247290405	0.014328742056761752	0.7292101396318408	-2.8971156089612977	2.556351141813956	430
5	NEUR	386	3.9312500000000004	8.746846139247119e-08	-0.6573702247290405	0.014328742056761752	0.7292101396318408	-2.8971156089612977	2.556351141813956	430
5	NEUR	387	3.9525000000000006	6.237891939180421e-08	-0.6573702247290405	0.014328742056761752	0.7292101396318408	-2.8971156089612977	2.556351141813956	430
5	NEUR	388	3.973750000000001	4.426577244204581e-08	-0.6573702247290405	0.014328742056761752	0.7292101396318408	-2.8971156089612977	2.556351141813956	430
5	NEUR	389	3.995000000000001	3.125647249848872e-08	-0.6573702247290405	0.014328742056761752	0.7292101396318408	-2.8971156089612977	2.556351141813956	430
5	NEUR	390	4.016250000000001	2.1960972647367705e-08	-0.6573702247290405	0.014328742056761752	0.7292101396318408	-2.8971156089612977	2.556351141813956	430
5	NEUR	391	4.037500000000001	1.535327178512029e-08	-0.6573702247290405	0.014328742056761752	0.7292101396318408	-2.8971156089612977	2.556351141813956	430
5	NEUR	392	4.05875	1.0680368066523296e-08	-0.6573702247290405	0.014328742056761752	0.7292101396318408	-2.8971156089612977	2.556351141813956	430
5	NEUR	393	4.08	7.392743771121471e-09	-0.6573702247290405	0.014328742056761752	0.7292101396318408	-2.8971156089612977	2.556351141813956	430
5	NEUR	394	4.10125	5.091638442930894e-09	-0.6573702247290405	0.014328742056761752	0.7292101396318408	-2.8971156089612977	2.556351141813956	430
5	NEUR	395	4.1225000000000005	3.4893161209127642e-09	-0.6573702247290405	0.014328742056761752	0.7292101396318408	-2.8971156089612977	2.556351141813956	430
5	NEUR	396	4.143750000000001	2.3793174638321713e-09	-0.6573702247290405	0.014328742056761752	0.7292101396318408	-2.8971156089612977	2.556351141813956	430
5	NEUR	397	4.165000000000001	1.614329957238178e-09	-0.6573702247290405	0.014328742056761752	0.7292101396318408	-2.8971156089612977	2.556351141813956	430
5	NEUR	398	4.186250000000001	1.0898297102315337e-09	-0.6573702247290405	0.014328742056761752	0.7292101396318408	-2.8971156089612977	2.556351141813956	430
5	NEUR	399	4.207500000000001	7.32065679154734e-10	-0.6573702247290405	0.014328742056761752	0.7292101396318408	-2.8971156089612977	2.556351141813956	430
5	NEUR	400	4.22875	4.892887322839591e-10	-0.6573702247290405	0.014328742056761752	0.7292101396318408	-2.8971156089612977	2.556351141813956	430
5	NEUR	401	4.25	3.2538902252923426e-10	-0.6573702247290405	0.014328742056761752	0.7292101396318408	-2.8971156089612977	2.556351141813956	430
6	INSOM	1	-4.25	0.00012489595382260464	-0.6757794240606804	0.0014716374567987265	0.6988117182258159	-3.4955243887547005	2.575377229060121	430
6	INSOM	2	-4.22875	0.0001493498148617312	-0.6757794240606804	0.0014716374567987265	0.6988117182258159	-3.4955243887547005	2.575377229060121	430
6	INSOM	3	-4.2075	0.00017768393913481024	-0.6757794240606804	0.0014716374567987265	0.6988117182258159	-3.4955243887547005	2.575377229060121	430
6	INSOM	4	-4.18625	0.00021031954156670664	-0.6757794240606804	0.0014716374567987265	0.6988117182258159	-3.4955243887547005	2.575377229060121	430
6	INSOM	5	-4.165	0.00024768515795665897	-0.6757794240606804	0.0014716374567987265	0.6988117182258159	-3.4955243887547005	2.575377229060121	430
6	INSOM	6	-4.14375	0.00029020863875176114	-0.6757794240606804	0.0014716374567987265	0.6988117182258159	-3.4955243887547005	2.575377229060121	430
6	INSOM	7	-4.1225	0.0003383077604575409	-0.6757794240606804	0.0014716374567987265	0.6988117182258159	-3.4955243887547005	2.575377229060121	430
6	INSOM	8	-4.10125	0.0003923795302513018	-0.6757794240606804	0.0014716374567987265	0.6988117182258159	-3.4955243887547005	2.575377229060121	430
6	INSOM	9	-4.08	0.00045278832460748063	-0.6757794240606804	0.0014716374567987265	0.6988117182258159	-3.4955243887547005	2.575377229060121	430
6	INSOM	10	-4.05875	0.0005198530731247064	-0.6757794240606804	0.0014716374567987265	0.6988117182258159	-3.4955243887547005	2.575377229060121	430
6	INSOM	11	-4.0375	0.0005938337716256417	-0.6757794240606804	0.0014716374567987265	0.6988117182258159	-3.4955243887547005	2.575377229060121	430
6	INSOM	12	-4.01625	0.000674917680758204	-0.6757794240606804	0.0014716374567987265	0.6988117182258159	-3.4955243887547005	2.575377229060121	430
6	INSOM	13	-3.995	0.000763205634043194	-0.6757794240606804	0.0014716374567987265	0.6988117182258159	-3.4955243887547005	2.575377229060121	430
6	INSOM	14	-3.97375	0.0008586989385199798	-0.6757794240606804	0.0014716374567987265	0.6988117182258159	-3.4955243887547005	2.575377229060121	430
6	INSOM	15	-3.9525	0.0009612873976080496	-0.6757794240606804	0.0014716374567987265	0.6988117182258159	-3.4955243887547005	2.575377229060121	430
6	INSOM	16	-3.93125	0.0010707390153608476	-0.6757794240606804	0.0014716374567987265	0.6988117182258159	-3.4955243887547005	2.575377229060121	430
6	INSOM	17	-3.91	0.001186691950092746	-0.6757794240606804	0.0014716374567987265	0.6988117182258159	-3.4955243887547005	2.575377229060121	430
6	INSOM	18	-3.88875	0.0013086492701562358	-0.6757794240606804	0.0014716374567987265	0.6988117182258159	-3.4955243887547005	2.575377229060121	430
6	INSOM	19	-3.8675	0.001435977023043285	-0.6757794240606804	0.0014716374567987265	0.6988117182258159	-3.4955243887547005	2.575377229060121	430
6	INSOM	20	-3.84625	0.0015679060597080243	-0.6757794240606804	0.0014716374567987265	0.6988117182258159	-3.4955243887547005	2.575377229060121	430
6	INSOM	21	-3.825	0.0017035379591116638	-0.6757794240606804	0.0014716374567987265	0.6988117182258159	-3.4955243887547005	2.575377229060121	430
6	INSOM	22	-3.80375	0.0018418552750157741	-0.6757794240606804	0.0014716374567987265	0.6988117182258159	-3.4955243887547005	2.575377229060121	430
6	INSOM	23	-3.7824999999999998	0.0019817361811041772	-0.6757794240606804	0.0014716374567987265	0.6988117182258159	-3.4955243887547005	2.575377229060121	430
6	INSOM	24	-3.76125	0.0021219734262663366	-0.6757794240606804	0.0014716374567987265	0.6988117182258159	-3.4955243887547005	2.575377229060121	430
6	INSOM	25	-3.74	0.0022612973354530397	-0.6757794240606804	0.0014716374567987265	0.6988117182258159	-3.4955243887547005	2.575377229060121	430
6	INSOM	26	-3.71875	0.0023984024103022123	-0.6757794240606804	0.0014716374567987265	0.6988117182258159	-3.4955243887547005	2.575377229060121	430
6	INSOM	27	-3.6975	0.002531976906070718	-0.6757794240606804	0.0014716374567987265	0.6988117182258159	-3.4955243887547005	2.575377229060121	430
6	INSOM	28	-3.67625	0.002660734596215648	-0.6757794240606804	0.0014716374567987265	0.6988117182258159	-3.4955243887547005	2.575377229060121	430
6	INSOM	29	-3.655	0.0027834477922928664	-0.6757794240606804	0.0014716374567987265	0.6988117182258159	-3.4955243887547005	2.575377229060121	430
6	INSOM	30	-3.63375	0.0028989805733639798	-0.6757794240606804	0.0014716374567987265	0.6988117182258159	-3.4955243887547005	2.575377229060121	430
6	INSOM	31	-3.6125	0.0030063211036369542	-0.6757794240606804	0.0014716374567987265	0.6988117182258159	-3.4955243887547005	2.575377229060121	430
6	INSOM	32	-3.59125	0.003104611886056704	-0.6757794240606804	0.0014716374567987265	0.6988117182258159	-3.4955243887547005	2.575377229060121	430
6	INSOM	33	-3.57	0.00319317681764685	-0.6757794240606804	0.0014716374567987265	0.6988117182258159	-3.4955243887547005	2.575377229060121	430
6	INSOM	34	-3.54875	0.0032715439820375416	-0.6757794240606804	0.0014716374567987265	0.6988117182258159	-3.4955243887547005	2.575377229060121	430
6	INSOM	35	-3.5275	0.0033394632358037433	-0.6757794240606804	0.0014716374567987265	0.6988117182258159	-3.4955243887547005	2.575377229060121	430
6	INSOM	36	-3.50625	0.003396917815396038	-0.6757794240606804	0.0014716374567987265	0.6988117182258159	-3.4955243887547005	2.575377229060121	430
6	INSOM	37	-3.485	0.003444129405382364	-0.6757794240606804	0.0014716374567987265	0.6988117182258159	-3.4955243887547005	2.575377229060121	430
6	INSOM	38	-3.46375	0.003481556358774796	-0.6757794240606804	0.0014716374567987265	0.6988117182258159	-3.4955243887547005	2.575377229060121	430
6	INSOM	39	-3.4425	0.0035098850365348593	-0.6757794240606804	0.0014716374567987265	0.6988117182258159	-3.4955243887547005	2.575377229060121	430
6	INSOM	40	-3.4212499999999997	0.003530014524280701	-0.6757794240606804	0.0014716374567987265	0.6988117182258159	-3.4955243887547005	2.575377229060121	430
6	INSOM	41	-3.4	0.003543035276818308	-0.6757794240606804	0.0014716374567987265	0.6988117182258159	-3.4955243887547005	2.575377229060121	430
6	INSOM	42	-3.37875	0.0035502025217481383	-0.6757794240606804	0.0014716374567987265	0.6988117182258159	-3.4955243887547005	2.575377229060121	430
6	INSOM	43	-3.3575	0.0035529055083680823	-0.6757794240606804	0.0014716374567987265	0.6988117182258159	-3.4955243887547005	2.575377229060121	430
6	INSOM	44	-3.3362499999999997	0.003552633904327267	-0.6757794240606804	0.0014716374567987265	0.6988117182258159	-3.4955243887547005	2.575377229060121	430
6	INSOM	45	-3.315	0.00355094280817419	-0.6757794240606804	0.0014716374567987265	0.6988117182258159	-3.4955243887547005	2.575377229060121	430
6	INSOM	46	-3.29375	0.0035494179511535856	-0.6757794240606804	0.0014716374567987265	0.6988117182258159	-3.4955243887547005	2.575377229060121	430
6	INSOM	47	-3.2725	0.0035496426988148714	-0.6757794240606804	0.0014716374567987265	0.6988117182258159	-3.4955243887547005	2.575377229060121	430
6	INSOM	48	-3.2512499999999998	0.003553168427519278	-0.6757794240606804	0.0014716374567987265	0.6988117182258159	-3.4955243887547005	2.575377229060121	430
6	INSOM	49	-3.23	0.0035614897412482925	-0.6757794240606804	0.0014716374567987265	0.6988117182258159	-3.4955243887547005	2.575377229060121	430
6	INSOM	50	-3.20875	0.0035760258120344605	-0.6757794240606804	0.0014716374567987265	0.6988117182258159	-3.4955243887547005	2.575377229060121	430
6	INSOM	51	-3.1875	0.0035981088780425324	-0.6757794240606804	0.0014716374567987265	0.6988117182258159	-3.4955243887547005	2.575377229060121	430
6	INSOM	52	-3.16625	0.003628980625275359	-0.6757794240606804	0.0014716374567987265	0.6988117182258159	-3.4955243887547005	2.575377229060121	430
6	INSOM	53	-3.145	0.0036697968235313997	-0.6757794240606804	0.0014716374567987265	0.6988117182258159	-3.4955243887547005	2.575377229060121	430
6	INSOM	54	-3.1237500000000002	0.003721640198695094	-0.6757794240606804	0.0014716374567987265	0.6988117182258159	-3.4955243887547005	2.575377229060121	430
6	INSOM	55	-3.1025	0.0037855411179177297	-0.6757794240606804	0.0014716374567987265	0.6988117182258159	-3.4955243887547005	2.575377229060121	430
6	INSOM	56	-3.08125	0.0038625052594726513	-0.6757794240606804	0.0014716374567987265	0.6988117182258159	-3.4955243887547005	2.575377229060121	430
6	INSOM	57	-3.0599999999999996	0.003953547053583577	-0.6757794240606804	0.0014716374567987265	0.6988117182258159	-3.4955243887547005	2.575377229060121	430
6	INSOM	58	-3.03875	0.00405972733291029	-0.6757794240606804	0.0014716374567987265	0.6988117182258159	-3.4955243887547005	2.575377229060121	430
6	INSOM	59	-3.0175	0.004182193339456887	-0.6757794240606804	0.0014716374567987265	0.6988117182258159	-3.4955243887547005	2.575377229060121	430
6	INSOM	60	-2.99625	0.004322219014695021	-0.6757794240606804	0.0014716374567987265	0.6988117182258159	-3.4955243887547005	2.575377229060121	430
6	INSOM	61	-2.9749999999999996	0.004481243365550887	-0.6757794240606804	0.0014716374567987265	0.6988117182258159	-3.4955243887547005	2.575377229060121	430
6	INSOM	62	-2.95375	0.004660904661359422	-0.6757794240606804	0.0014716374567987265	0.6988117182258159	-3.4955243887547005	2.575377229060121	430
6	INSOM	63	-2.9325	0.004863068282936035	-0.6757794240606804	0.0014716374567987265	0.6988117182258159	-3.4955243887547005	2.575377229060121	430
6	INSOM	64	-2.91125	0.005089846217229999	-0.6757794240606804	0.0014716374567987265	0.6988117182258159	-3.4955243887547005	2.575377229060121	430
6	INSOM	65	-2.8899999999999997	0.0053436064675642285	-0.6757794240606804	0.0014716374567987265	0.6988117182258159	-3.4955243887547005	2.575377229060121	430
6	INSOM	66	-2.86875	0.005626971023262748	-0.6757794240606804	0.0014716374567987265	0.6988117182258159	-3.4955243887547005	2.575377229060121	430
6	INSOM	67	-2.8475	0.005942801491607974	-0.6757794240606804	0.0014716374567987265	0.6988117182258159	-3.4955243887547005	2.575377229060121	430
6	INSOM	68	-2.82625	0.00629417202291835	-0.6757794240606804	0.0014716374567987265	0.6988117182258159	-3.4955243887547005	2.575377229060121	430
6	INSOM	69	-2.8049999999999997	0.0066843297351823865	-0.6757794240606804	0.0014716374567987265	0.6988117182258159	-3.4955243887547005	2.575377229060121	430
6	INSOM	70	-2.78375	0.00711664344363641	-0.6757794240606804	0.0014716374567987265	0.6988117182258159	-3.4955243887547005	2.575377229060121	430
6	INSOM	71	-2.7625	0.007594542095777718	-0.6757794240606804	0.0014716374567987265	0.6988117182258159	-3.4955243887547005	2.575377229060121	430
6	INSOM	72	-2.74125	0.008121444874876118	-0.6757794240606804	0.0014716374567987265	0.6988117182258159	-3.4955243887547005	2.575377229060121	430
6	INSOM	73	-2.7199999999999998	0.008700685436159627	-0.6757794240606804	0.0014716374567987265	0.6988117182258159	-3.4955243887547005	2.575377229060121	430
6	INSOM	74	-2.69875	0.009335433151753164	-0.6757794240606804	0.0014716374567987265	0.6988117182258159	-3.4955243887547005	2.575377229060121	430
6	INSOM	75	-2.6775	0.010028614538038797	-0.6757794240606804	0.0014716374567987265	0.6988117182258159	-3.4955243887547005	2.575377229060121	430
6	INSOM	76	-2.65625	0.010782838201371533	-0.6757794240606804	0.0014716374567987265	0.6988117182258159	-3.4955243887547005	2.575377229060121	430
6	INSOM	77	-2.635	0.011600326649473655	-0.6757794240606804	0.0014716374567987265	0.6988117182258159	-3.4955243887547005	2.575377229060121	430
6	INSOM	78	-2.6137499999999996	0.012482858167412715	-0.6757794240606804	0.0014716374567987265	0.6988117182258159	-3.4955243887547005	2.575377229060121	430
6	INSOM	79	-2.5925	0.013431721647458388	-0.6757794240606804	0.0014716374567987265	0.6988117182258159	-3.4955243887547005	2.575377229060121	430
6	INSOM	80	-2.57125	0.014447686798047954	-0.6757794240606804	0.0014716374567987265	0.6988117182258159	-3.4955243887547005	2.575377229060121	430
6	INSOM	81	-2.55	0.015530991553606998	-0.6757794240606804	0.0014716374567987265	0.6988117182258159	-3.4955243887547005	2.575377229060121	430
6	INSOM	82	-2.5287499999999996	0.016681347787163434	-0.6757794240606804	0.0014716374567987265	0.6988117182258159	-3.4955243887547005	2.575377229060121	430
6	INSOM	83	-2.5075	0.01789796562198544	-0.6757794240606804	0.0014716374567987265	0.6988117182258159	-3.4955243887547005	2.575377229060121	430
6	INSOM	84	-2.48625	0.01917959578346181	-0.6757794240606804	0.0014716374567987265	0.6988117182258159	-3.4955243887547005	2.575377229060121	430
6	INSOM	85	-2.465	0.020524588569308652	-0.6757794240606804	0.0014716374567987265	0.6988117182258159	-3.4955243887547005	2.575377229060121	430
6	INSOM	86	-2.4437499999999996	0.02193096718874258	-0.6757794240606804	0.0014716374567987265	0.6988117182258159	-3.4955243887547005	2.575377229060121	430
6	INSOM	87	-2.4225	0.023396512473747577	-0.6757794240606804	0.0014716374567987265	0.6988117182258159	-3.4955243887547005	2.575377229060121	430
6	INSOM	88	-2.40125	0.02491885534026037	-0.6757794240606804	0.0014716374567987265	0.6988117182258159	-3.4955243887547005	2.575377229060121	430
6	INSOM	89	-2.38	0.026495572911935047	-0.6757794240606804	0.0014716374567987265	0.6988117182258159	-3.4955243887547005	2.575377229060121	430
6	INSOM	90	-2.3587499999999997	0.02812428394537123	-0.6757794240606804	0.0014716374567987265	0.6988117182258159	-3.4955243887547005	2.575377229060121	430
6	INSOM	91	-2.3375	0.029802739135846152	-0.6757794240606804	0.0014716374567987265	0.6988117182258159	-3.4955243887547005	2.575377229060121	430
6	INSOM	92	-2.31625	0.031528902048811355	-0.6757794240606804	0.0014716374567987265	0.6988117182258159	-3.4955243887547005	2.575377229060121	430
6	INSOM	93	-2.295	0.03330101681526056	-0.6757794240606804	0.0014716374567987265	0.6988117182258159	-3.4955243887547005	2.575377229060121	430
6	INSOM	94	-2.2737499999999997	0.035117659336930666	-0.6757794240606804	0.0014716374567987265	0.6988117182258159	-3.4955243887547005	2.575377229060121	430
6	INSOM	95	-2.2525	0.03697776954643575	-0.6757794240606804	0.0014716374567987265	0.6988117182258159	-3.4955243887547005	2.575377229060121	430
6	INSOM	96	-2.2312499999999997	0.0388806632227513	-0.6757794240606804	0.0014716374567987265	0.6988117182258159	-3.4955243887547005	2.575377229060121	430
6	INSOM	97	-2.21	0.040826022928905484	-0.6757794240606804	0.0014716374567987265	0.6988117182258159	-3.4955243887547005	2.575377229060121	430
6	INSOM	98	-2.1887499999999998	0.04281386876329532	-0.6757794240606804	0.0014716374567987265	0.6988117182258159	-3.4955243887547005	2.575377229060121	430
6	INSOM	99	-2.1675	0.044844510740346316	-0.6757794240606804	0.0014716374567987265	0.6988117182258159	-3.4955243887547005	2.575377229060121	430
6	INSOM	100	-2.1462499999999998	0.04691848567949246	-0.6757794240606804	0.0014716374567987265	0.6988117182258159	-3.4955243887547005	2.575377229060121	430
6	INSOM	101	-2.125	0.04903648242366764	-0.6757794240606804	0.0014716374567987265	0.6988117182258159	-3.4955243887547005	2.575377229060121	430
6	INSOM	102	-2.10375	0.05119925997381168	-0.6757794240606804	0.0014716374567987265	0.6988117182258159	-3.4955243887547005	2.575377229060121	430
6	INSOM	103	-2.0825	0.05340756366575266	-0.6757794240606804	0.0014716374567987265	0.6988117182258159	-3.4955243887547005	2.575377229060121	430
6	INSOM	104	-2.06125	0.05566204479198616	-0.6757794240606804	0.0014716374567987265	0.6988117182258159	-3.4955243887547005	2.575377229060121	430
6	INSOM	105	-2.04	0.05796318905783646	-0.6757794240606804	0.0014716374567987265	0.6988117182258159	-3.4955243887547005	2.575377229060121	430
6	INSOM	106	-2.01875	0.060311258948471703	-0.6757794240606804	0.0014716374567987265	0.6988117182258159	-3.4955243887547005	2.575377229060121	430
6	INSOM	107	-1.9975	0.06270625447529704	-0.6757794240606804	0.0014716374567987265	0.6988117182258159	-3.4955243887547005	2.575377229060121	430
6	INSOM	108	-1.9762499999999998	0.06514789588865419	-0.6757794240606804	0.0014716374567987265	0.6988117182258159	-3.4955243887547005	2.575377229060121	430
6	INSOM	109	-1.9549999999999996	0.06763563082547147	-0.6757794240606804	0.0014716374567987265	0.6988117182258159	-3.4955243887547005	2.575377229060121	430
6	INSOM	110	-1.9337499999999999	0.070168667056836	-0.6757794240606804	0.0014716374567987265	0.6988117182258159	-3.4955243887547005	2.575377229060121	430
6	INSOM	111	-1.9124999999999996	0.07274603057474799	-0.6757794240606804	0.0014716374567987265	0.6988117182258159	-3.4955243887547005	2.575377229060121	430
6	INSOM	112	-1.8912499999999999	0.07536664728204732	-0.6757794240606804	0.0014716374567987265	0.6988117182258159	-3.4955243887547005	2.575377229060121	430
6	INSOM	113	-1.8699999999999997	0.07802944510263553	-0.6757794240606804	0.0014716374567987265	0.6988117182258159	-3.4955243887547005	2.575377229060121	430
6	INSOM	114	-1.84875	0.08073347199006141	-0.6757794240606804	0.0014716374567987265	0.6988117182258159	-3.4955243887547005	2.575377229060121	430
6	INSOM	115	-1.8274999999999997	0.08347802415787665	-0.6757794240606804	0.0014716374567987265	0.6988117182258159	-3.4955243887547005	2.575377229060121	430
6	INSOM	116	-1.80625	0.08626277795429155	-0.6757794240606804	0.0014716374567987265	0.6988117182258159	-3.4955243887547005	2.575377229060121	430
6	INSOM	117	-1.7849999999999997	0.08908791821473196	-0.6757794240606804	0.0014716374567987265	0.6988117182258159	-3.4955243887547005	2.575377229060121	430
6	INSOM	118	-1.76375	0.09195425569219182	-0.6757794240606804	0.0014716374567987265	0.6988117182258159	-3.4955243887547005	2.575377229060121	430
6	INSOM	119	-1.7424999999999997	0.09486332631226037	-0.6757794240606804	0.0014716374567987265	0.6988117182258159	-3.4955243887547005	2.575377229060121	430
6	INSOM	120	-1.72125	0.09781746553297559	-0.6757794240606804	0.0014716374567987265	0.6988117182258159	-3.4955243887547005	2.575377229060121	430
6	INSOM	121	-1.6999999999999997	0.10081985199398744	-0.6757794240606804	0.0014716374567987265	0.6988117182258159	-3.4955243887547005	2.575377229060121	430
6	INSOM	122	-1.67875	0.1038745158789419	-0.6757794240606804	0.0014716374567987265	0.6988117182258159	-3.4955243887547005	2.575377229060121	430
6	INSOM	123	-1.6574999999999998	0.10698630893423855	-0.6757794240606804	0.0014716374567987265	0.6988117182258159	-3.4955243887547005	2.575377229060121	430
6	INSOM	124	-1.63625	0.11016083481420752	-0.6757794240606804	0.0014716374567987265	0.6988117182258159	-3.4955243887547005	2.575377229060121	430
6	INSOM	125	-1.6149999999999998	0.11340434027188177	-0.6757794240606804	0.0014716374567987265	0.6988117182258159	-3.4955243887547005	2.575377229060121	430
6	INSOM	126	-1.59375	0.11672356959164262	-0.6757794240606804	0.0014716374567987265	0.6988117182258159	-3.4955243887547005	2.575377229060121	430
6	INSOM	127	-1.5724999999999998	0.12012558646711773	-0.6757794240606804	0.0014716374567987265	0.6988117182258159	-3.4955243887547005	2.575377229060121	430
6	INSOM	128	-1.55125	0.12361756916858137	-0.6757794240606804	0.0014716374567987265	0.6988117182258159	-3.4955243887547005	2.575377229060121	430
6	INSOM	129	-1.5299999999999998	0.12720658622977582	-0.6757794240606804	0.0014716374567987265	0.6988117182258159	-3.4955243887547005	2.575377229060121	430
6	INSOM	130	-1.5087499999999996	0.13089936093808285	-0.6757794240606804	0.0014716374567987265	0.6988117182258159	-3.4955243887547005	2.575377229060121	430
6	INSOM	131	-1.4874999999999998	0.13470203357495267	-0.6757794240606804	0.0014716374567987265	0.6988117182258159	-3.4955243887547005	2.575377229060121	430
6	INSOM	132	-1.4662499999999996	0.1386199305868816	-0.6757794240606804	0.0014716374567987265	0.6988117182258159	-3.4955243887547005	2.575377229060121	430
6	INSOM	133	-1.4449999999999998	0.14265734965577584	-0.6757794240606804	0.0014716374567987265	0.6988117182258159	-3.4955243887547005	2.575377229060121	430
6	INSOM	134	-1.4237499999999996	0.1468173689904956	-0.6757794240606804	0.0014716374567987265	0.6988117182258159	-3.4955243887547005	2.575377229060121	430
6	INSOM	135	-1.4024999999999999	0.15110168811221078	-0.6757794240606804	0.0014716374567987265	0.6988117182258159	-3.4955243887547005	2.575377229060121	430
6	INSOM	136	-1.3812499999999996	0.1555105060108675	-0.6757794240606804	0.0014716374567987265	0.6988117182258159	-3.4955243887547005	2.575377229060121	430
6	INSOM	137	-1.3599999999999999	0.16004244088387956	-0.6757794240606804	0.0014716374567987265	0.6988117182258159	-3.4955243887547005	2.575377229060121	430
6	INSOM	138	-1.3387499999999997	0.1646944938215077	-0.6757794240606804	0.0014716374567987265	0.6988117182258159	-3.4955243887547005	2.575377229060121	430
6	INSOM	139	-1.3175	0.1694620568764446	-0.6757794240606804	0.0014716374567987265	0.6988117182258159	-3.4955243887547005	2.575377229060121	430
6	INSOM	140	-1.2962499999999997	0.1743389640520109	-0.6757794240606804	0.0014716374567987265	0.6988117182258159	-3.4955243887547005	2.575377229060121	430
6	INSOM	141	-1.275	0.1793175819659537	-0.6757794240606804	0.0014716374567987265	0.6988117182258159	-3.4955243887547005	2.575377229060121	430
6	INSOM	142	-1.2537499999999997	0.18438893538879234	-0.6757794240606804	0.0014716374567987265	0.6988117182258159	-3.4955243887547005	2.575377229060121	430
6	INSOM	143	-1.2325	0.18954286159682227	-0.6757794240606804	0.0014716374567987265	0.6988117182258159	-3.4955243887547005	2.575377229060121	430
6	INSOM	144	-1.2112499999999997	0.19476818658168474	-0.6757794240606804	0.0014716374567987265	0.6988117182258159	-3.4955243887547005	2.575377229060121	430
6	INSOM	145	-1.19	0.2000529156602338	-0.6757794240606804	0.0014716374567987265	0.6988117182258159	-3.4955243887547005	2.575377229060121	430
6	INSOM	146	-1.1687499999999997	0.20538443094546743	-0.6757794240606804	0.0014716374567987265	0.6988117182258159	-3.4955243887547005	2.575377229060121	430
6	INSOM	147	-1.1475	0.2107496884618536	-0.6757794240606804	0.0014716374567987265	0.6988117182258159	-3.4955243887547005	2.575377229060121	430
6	INSOM	148	-1.1262499999999998	0.2161354083827205	-0.6757794240606804	0.0014716374567987265	0.6988117182258159	-3.4955243887547005	2.575377229060121	430
6	INSOM	149	-1.105	0.22152825287805103	-0.6757794240606804	0.0014716374567987265	0.6988117182258159	-3.4955243887547005	2.575377229060121	430
6	INSOM	150	-1.0837499999999998	0.2269149873145224	-0.6757794240606804	0.0014716374567987265	0.6988117182258159	-3.4955243887547005	2.575377229060121	430
6	INSOM	151	-1.0624999999999996	0.2322826219591651	-0.6757794240606804	0.0014716374567987265	0.6988117182258159	-3.4955243887547005	2.575377229060121	430
6	INSOM	152	-1.0412499999999998	0.23761853280911088	-0.6757794240606804	0.0014716374567987265	0.6988117182258159	-3.4955243887547005	2.575377229060121	430
6	INSOM	153	-1.0199999999999996	0.24291056160632885	-0.6757794240606804	0.0014716374567987265	0.6988117182258159	-3.4955243887547005	2.575377229060121	430
6	INSOM	154	-0.9987499999999998	0.24814709640621238	-0.6757794240606804	0.0014716374567987265	0.6988117182258159	-3.4955243887547005	2.575377229060121	430
6	INSOM	155	-0.9774999999999996	0.2533171351706828	-0.6757794240606804	0.0014716374567987265	0.6988117182258159	-3.4955243887547005	2.575377229060121	430
6	INSOM	156	-0.9562499999999998	0.2584103356836983	-0.6757794240606804	0.0014716374567987265	0.6988117182258159	-3.4955243887547005	2.575377229060121	430
6	INSOM	157	-0.9349999999999996	0.26341705559255574	-0.6757794240606804	0.0014716374567987265	0.6988117182258159	-3.4955243887547005	2.575377229060121	430
6	INSOM	158	-0.9137499999999998	0.26832838653718477	-0.6757794240606804	0.0014716374567987265	0.6988117182258159	-3.4955243887547005	2.575377229060121	430
6	INSOM	159	-0.8924999999999996	0.2731361861403431	-0.6757794240606804	0.0014716374567987265	0.6988117182258159	-3.4955243887547005	2.575377229060121	430
6	INSOM	160	-0.8712499999999999	0.2778331111162301	-0.6757794240606804	0.0014716374567987265	0.6988117182258159	-3.4955243887547005	2.575377229060121	430
6	INSOM	161	-0.8499999999999996	0.28241265395730364	-0.6757794240606804	0.0014716374567987265	0.6988117182258159	-3.4955243887547005	2.575377229060121	430
6	INSOM	162	-0.8287499999999999	0.28686918464161076	-0.6757794240606804	0.0014716374567987265	0.6988117182258159	-3.4955243887547005	2.575377229060121	430
6	INSOM	163	-0.8074999999999997	0.29119799764267146	-0.6757794240606804	0.0014716374567987265	0.6988117182258159	-3.4955243887547005	2.575377229060121	430
6	INSOM	164	-0.7862499999999999	0.29539536330727717	-0.6757794240606804	0.0014716374567987265	0.6988117182258159	-3.4955243887547005	2.575377229060121	430
6	INSOM	165	-0.7649999999999997	0.2994585814833629	-0.6757794240606804	0.0014716374567987265	0.6988117182258159	-3.4955243887547005	2.575377229060121	430
6	INSOM	166	-0.7437499999999999	0.303386034217754	-0.6757794240606804	0.0014716374567987265	0.6988117182258159	-3.4955243887547005	2.575377229060121	430
6	INSOM	167	-0.7224999999999997	0.3071772334813381	-0.6757794240606804	0.0014716374567987265	0.6988117182258159	-3.4955243887547005	2.575377229060121	430
6	INSOM	168	-0.7012499999999999	0.3108328592826357	-0.6757794240606804	0.0014716374567987265	0.6988117182258159	-3.4955243887547005	2.575377229060121	430
6	INSOM	169	-0.6799999999999997	0.3143547832478359	-0.6757794240606804	0.0014716374567987265	0.6988117182258159	-3.4955243887547005	2.575377229060121	430
6	INSOM	170	-0.65875	0.31774607280290257	-0.6757794240606804	0.0014716374567987265	0.6988117182258159	-3.4955243887547005	2.575377229060121	430
6	INSOM	171	-0.6374999999999997	0.3210109714957788	-0.6757794240606804	0.0014716374567987265	0.6988117182258159	-3.4955243887547005	2.575377229060121	430
6	INSOM	172	-0.6162499999999995	0.3241548517253606	-0.6757794240606804	0.0014716374567987265	0.6988117182258159	-3.4955243887547005	2.575377229060121	430
6	INSOM	173	-0.5949999999999998	0.3271841371589352	-0.6757794240606804	0.0014716374567987265	0.6988117182258159	-3.4955243887547005	2.575377229060121	430
6	INSOM	174	-0.5737499999999995	0.33010619336247815	-0.6757794240606804	0.0014716374567987265	0.6988117182258159	-3.4955243887547005	2.575377229060121	430
6	INSOM	175	-0.5524999999999998	0.3329291865654729	-0.6757794240606804	0.0014716374567987265	0.6988117182258159	-3.4955243887547005	2.575377229060121	430
6	INSOM	176	-0.5312499999999996	0.3356619119509899	-0.6757794240606804	0.0014716374567987265	0.6988117182258159	-3.4955243887547005	2.575377229060121	430
6	INSOM	177	-0.5099999999999998	0.33831359431601565	-0.6757794240606804	0.0014716374567987265	0.6988117182258159	-3.4955243887547005	2.575377229060121	430
6	INSOM	178	-0.4887499999999996	0.3408936653016926	-0.6757794240606804	0.0014716374567987265	0.6988117182258159	-3.4955243887547005	2.575377229060121	430
6	INSOM	179	-0.4674999999999998	0.3434115225710866	-0.6757794240606804	0.0014716374567987265	0.6988117182258159	-3.4955243887547005	2.575377229060121	430
6	INSOM	180	-0.4462499999999996	0.34587627724876413	-0.6757794240606804	0.0014716374567987265	0.6988117182258159	-3.4955243887547005	2.575377229060121	430
6	INSOM	181	-0.4249999999999998	0.34829649658390094	-0.6757794240606804	0.0014716374567987265	0.6988117182258159	-3.4955243887547005	2.575377229060121	430
6	INSOM	182	-0.4037499999999996	0.35067994912855166	-0.6757794240606804	0.0014716374567987265	0.6988117182258159	-3.4955243887547005	2.575377229060121	430
6	INSOM	183	-0.38249999999999984	0.35303335972748723	-0.6757794240606804	0.0014716374567987265	0.6988117182258159	-3.4955243887547005	2.575377229060121	430
6	INSOM	184	-0.3612499999999996	0.35536218130890435	-0.6757794240606804	0.0014716374567987265	0.6988117182258159	-3.4955243887547005	2.575377229060121	430
6	INSOM	185	-0.33999999999999986	0.3576703898785726	-0.6757794240606804	0.0014716374567987265	0.6988117182258159	-3.4955243887547005	2.575377229060121	430
6	INSOM	186	-0.31874999999999964	0.3599603083018206	-0.6757794240606804	0.0014716374567987265	0.6988117182258159	-3.4955243887547005	2.575377229060121	430
6	INSOM	187	-0.2974999999999999	0.3622324634682032	-0.6757794240606804	0.0014716374567987265	0.6988117182258159	-3.4955243887547005	2.575377229060121	430
6	INSOM	188	-0.27624999999999966	0.364485480339653	-0.6757794240606804	0.0014716374567987265	0.6988117182258159	-3.4955243887547005	2.575377229060121	430
6	INSOM	189	-0.2549999999999999	0.3667160152525668	-0.6757794240606804	0.0014716374567987265	0.6988117182258159	-3.4955243887547005	2.575377229060121	430
6	INSOM	190	-0.23374999999999968	0.3689187297420963	-0.6757794240606804	0.0014716374567987265	0.6988117182258159	-3.4955243887547005	2.575377229060121	430
6	INSOM	191	-0.21249999999999947	0.3710863051383281	-0.6757794240606804	0.0014716374567987265	0.6988117182258159	-3.4955243887547005	2.575377229060121	430
6	INSOM	192	-0.19125000000000014	0.37320949729168734	-0.6757794240606804	0.0014716374567987265	0.6988117182258159	-3.4955243887547005	2.575377229060121	430
6	INSOM	193	-0.16999999999999993	0.3752772300456515	-0.6757794240606804	0.0014716374567987265	0.6988117182258159	-3.4955243887547005	2.575377229060121	430
6	INSOM	194	-0.14874999999999972	0.3772767254983436	-0.6757794240606804	0.0014716374567987265	0.6988117182258159	-3.4955243887547005	2.575377229060121	430
6	INSOM	195	-0.1274999999999995	0.37919366867323584	-0.6757794240606804	0.0014716374567987265	0.6988117182258159	-3.4955243887547005	2.575377229060121	430
6	INSOM	196	-0.10624999999999929	0.3810124039301001	-0.6757794240606804	0.0014716374567987265	0.6988117182258159	-3.4955243887547005	2.575377229060121	430
6	INSOM	197	-0.08499999999999996	0.3827161602549861	-0.6757794240606804	0.0014716374567987265	0.6988117182258159	-3.4955243887547005	2.575377229060121	430
6	INSOM	198	-0.06374999999999975	0.38428730242861897	-0.6757794240606804	0.0014716374567987265	0.6988117182258159	-3.4955243887547005	2.575377229060121	430
6	INSOM	199	-0.04249999999999954	0.38570760493931644	-0.6757794240606804	0.0014716374567987265	0.6988117182258159	-3.4955243887547005	2.575377229060121	430
6	INSOM	200	-0.021249999999999325	0.386958545334225	-0.6757794240606804	0.0014716374567987265	0.6988117182258159	-3.4955243887547005	2.575377229060121	430
6	INSOM	201	0.0	0.38802161345401764	-0.6757794240606804	0.0014716374567987265	0.6988117182258159	-3.4955243887547005	2.575377229060121	430
6	INSOM	202	0.021250000000000213	0.3888786326455301	-0.6757794240606804	0.0014716374567987265	0.6988117182258159	-3.4955243887547005	2.575377229060121	430
6	INSOM	203	0.042500000000000426	0.38951208858446634	-0.6757794240606804	0.0014716374567987265	0.6988117182258159	-3.4955243887547005	2.575377229060121	430
6	INSOM	204	0.06375000000000064	0.3899054607744687	-0.6757794240606804	0.0014716374567987265	0.6988117182258159	-3.4955243887547005	2.575377229060121	430
6	INSOM	205	0.08499999999999996	0.3900435511465612	-0.6757794240606804	0.0014716374567987265	0.6988117182258159	-3.4955243887547005	2.575377229060121	430
6	INSOM	206	0.10625000000000018	0.38991280350880336	-0.6757794240606804	0.0014716374567987265	0.6988117182258159	-3.4955243887547005	2.575377229060121	430
6	INSOM	207	0.1275000000000004	0.38950160694948743	-0.6757794240606804	0.0014716374567987265	0.6988117182258159	-3.4955243887547005	2.575377229060121	430
6	INSOM	208	0.1487500000000006	0.38880057574837384	-0.6757794240606804	0.0014716374567987265	0.6988117182258159	-3.4955243887547005	2.575377229060121	430
6	INSOM	209	0.16999999999999993	0.38780279797430006	-0.6757794240606804	0.0014716374567987265	0.6988117182258159	-3.4955243887547005	2.575377229060121	430
6	INSOM	210	0.19125000000000014	0.3865040448176675	-0.6757794240606804	0.0014716374567987265	0.6988117182258159	-3.4955243887547005	2.575377229060121	430
6	INSOM	211	0.21250000000000036	0.3849029328883234	-0.6757794240606804	0.0014716374567987265	0.6988117182258159	-3.4955243887547005	2.575377229060121	430
6	INSOM	212	0.23375000000000057	0.38300103225424376	-0.6757794240606804	0.0014716374567987265	0.6988117182258159	-3.4955243887547005	2.575377229060121	430
6	INSOM	213	0.2549999999999999	0.3808029139351063	-0.6757794240606804	0.0014716374567987265	0.6988117182258159	-3.4955243887547005	2.575377229060121	430
6	INSOM	214	0.2762500000000001	0.37831613190372104	-0.6757794240606804	0.0014716374567987265	0.6988117182258159	-3.4955243887547005	2.575377229060121	430
6	INSOM	215	0.2975000000000003	0.37555113636648196	-0.6757794240606804	0.0014716374567987265	0.6988117182258159	-3.4955243887547005	2.575377229060121	430
6	INSOM	216	0.31875000000000053	0.37252111714301034	-0.6757794240606804	0.0014716374567987265	0.6988117182258159	-3.4955243887547005	2.575377229060121	430
6	INSOM	217	0.34000000000000075	0.3692417782696394	-0.6757794240606804	0.0014716374567987265	0.6988117182258159	-3.4955243887547005	2.575377229060121	430
6	INSOM	218	0.36125000000000007	0.36573104741335105	-0.6757794240606804	0.0014716374567987265	0.6988117182258159	-3.4955243887547005	2.575377229060121	430
6	INSOM	219	0.3825000000000003	0.3620087261861666	-0.6757794240606804	0.0014716374567987265	0.6988117182258159	-3.4955243887547005	2.575377229060121	430
6	INSOM	220	0.4037500000000005	0.35809608986814695	-0.6757794240606804	0.0014716374567987265	0.6988117182258159	-3.4955243887547005	2.575377229060121	430
6	INSOM	221	0.4250000000000007	0.35401544725016804	-0.6757794240606804	0.0014716374567987265	0.6988117182258159	-3.4955243887547005	2.575377229060121	430
6	INSOM	222	0.44625000000000004	0.34978967317108856	-0.6757794240606804	0.0014716374567987265	0.6988117182258159	-3.4955243887547005	2.575377229060121	430
6	INSOM	223	0.46750000000000025	0.3454417277368107	-0.6757794240606804	0.0014716374567987265	0.6988117182258159	-3.4955243887547005	2.575377229060121	430
6	INSOM	224	0.48875000000000046	0.3409941770811331	-0.6757794240606804	0.0014716374567987265	0.6988117182258159	-3.4955243887547005	2.575377229060121	430
6	INSOM	225	0.5100000000000007	0.33646873079761763	-0.6757794240606804	0.0014716374567987265	0.6988117182258159	-3.4955243887547005	2.575377229060121	430
6	INSOM	226	0.53125	0.3318858108070007	-0.6757794240606804	0.0014716374567987265	0.6988117182258159	-3.4955243887547005	2.575377229060121	430
6	INSOM	227	0.5525000000000002	0.3272641654293656	-0.6757794240606804	0.0014716374567987265	0.6988117182258159	-3.4955243887547005	2.575377229060121	430
6	INSOM	228	0.5737500000000004	0.3226205408421355	-0.6757794240606804	0.0014716374567987265	0.6988117182258159	-3.4955243887547005	2.575377229060121	430
6	INSOM	229	0.5950000000000006	0.31796941999414385	-0.6757794240606804	0.0014716374567987265	0.6988117182258159	-3.4955243887547005	2.575377229060121	430
6	INSOM	230	0.61625	0.31332283651103277	-0.6757794240606804	0.0014716374567987265	0.6988117182258159	-3.4955243887547005	2.575377229060121	430
6	INSOM	231	0.6375000000000002	0.30869026828893453	-0.6757794240606804	0.0014716374567987265	0.6988117182258159	-3.4955243887547005	2.575377229060121	430
6	INSOM	232	0.6587500000000004	0.3040786124676708	-0.6757794240606804	0.0014716374567987265	0.6988117182258159	-3.4955243887547005	2.575377229060121	430
6	INSOM	233	0.6800000000000006	0.2994922404444962	-0.6757794240606804	0.0014716374567987265	0.6988117182258159	-3.4955243887547005	2.575377229060121	430
6	INSOM	234	0.7012499999999999	0.29493312867617283	-0.6757794240606804	0.0014716374567987265	0.6988117182258159	-3.4955243887547005	2.575377229060121	430
6	INSOM	235	0.7225000000000001	0.2904010583527973	-0.6757794240606804	0.0014716374567987265	0.6988117182258159	-3.4955243887547005	2.575377229060121	430
6	INSOM	236	0.7437500000000004	0.28589387472641725	-0.6757794240606804	0.0014716374567987265	0.6988117182258159	-3.4955243887547005	2.575377229060121	430
6	INSOM	237	0.7650000000000006	0.28140779503336	-0.6757794240606804	0.0014716374567987265	0.6988117182258159	-3.4955243887547005	2.575377229060121	430
6	INSOM	238	0.7862500000000008	0.27693775262656806	-0.6757794240606804	0.0014716374567987265	0.6988117182258159	-3.4955243887547005	2.575377229060121	430
6	INSOM	239	0.8075000000000001	0.2724777641686932	-0.6757794240606804	0.0014716374567987265	0.6988117182258159	-3.4955243887547005	2.575377229060121	430
6	INSOM	240	0.8287500000000003	0.268021306533795	-0.6757794240606804	0.0014716374567987265	0.6988117182258159	-3.4955243887547005	2.575377229060121	430
6	INSOM	241	0.8500000000000005	0.26356169040216365	-0.6757794240606804	0.0014716374567987265	0.6988117182258159	-3.4955243887547005	2.575377229060121	430
6	INSOM	242	0.8712500000000007	0.259092418360251	-0.6757794240606804	0.0014716374567987265	0.6988117182258159	-3.4955243887547005	2.575377229060121	430
6	INSOM	243	0.8925000000000001	0.2546075165662566	-0.6757794240606804	0.0014716374567987265	0.6988117182258159	-3.4955243887547005	2.575377229060121	430
6	INSOM	244	0.9137500000000003	0.2501018306260874	-0.6757794240606804	0.0014716374567987265	0.6988117182258159	-3.4955243887547005	2.575377229060121	430
6	INSOM	245	0.9350000000000005	0.24557127814920415	-0.6757794240606804	0.0014716374567987265	0.6988117182258159	-3.4955243887547005	2.575377229060121	430
6	INSOM	246	0.9562500000000007	0.24101305242085988	-0.6757794240606804	0.0014716374567987265	0.6988117182258159	-3.4955243887547005	2.575377229060121	430
6	INSOM	247	0.9775	0.2364257736403552	-0.6757794240606804	0.0014716374567987265	0.6988117182258159	-3.4955243887547005	2.575377229060121	430
6	INSOM	248	0.9987500000000002	0.23180958614573063	-0.6757794240606804	0.0014716374567987265	0.6988117182258159	-3.4955243887547005	2.575377229060121	430
6	INSOM	249	1.0200000000000005	0.22716620189692713	-0.6757794240606804	0.0014716374567987265	0.6988117182258159	-3.4955243887547005	2.575377229060121	430
6	INSOM	250	1.0412500000000007	0.222498892159846	-0.6757794240606804	0.0014716374567987265	0.6988117182258159	-3.4955243887547005	2.575377229060121	430
6	INSOM	251	1.0625	0.21781243077712115	-0.6757794240606804	0.0014716374567987265	0.6988117182258159	-3.4955243887547005	2.575377229060121	430
6	INSOM	252	1.0837500000000002	0.21311299359895097	-0.6757794240606804	0.0014716374567987265	0.6988117182258159	-3.4955243887547005	2.575377229060121	430
6	INSOM	253	1.1050000000000004	0.20840801956619415	-0.6757794240606804	0.0014716374567987265	0.6988117182258159	-3.4955243887547005	2.575377229060121	430
6	INSOM	254	1.1262500000000006	0.2037060395898039	-0.6757794240606804	0.0014716374567987265	0.6988117182258159	-3.4955243887547005	2.575377229060121	430
6	INSOM	255	1.1475	0.19901647976920886	-0.6757794240606804	0.0014716374567987265	0.6988117182258159	-3.4955243887547005	2.575377229060121	430
6	INSOM	256	1.1687500000000002	0.1943494456603044	-0.6757794240606804	0.0014716374567987265	0.6988117182258159	-3.4955243887547005	2.575377229060121	430
6	INSOM	257	1.1900000000000004	0.18971549427020346	-0.6757794240606804	0.0014716374567987265	0.6988117182258159	-3.4955243887547005	2.575377229060121	430
6	INSOM	258	1.2112500000000006	0.1851254002528997	-0.6757794240606804	0.0014716374567987265	0.6988117182258159	-3.4955243887547005	2.575377229060121	430
6	INSOM	259	1.2325000000000008	0.180589922440068	-0.6757794240606804	0.0014716374567987265	0.6988117182258159	-3.4955243887547005	2.575377229060121	430
6	INSOM	260	1.2537500000000001	0.17611957639516398	-0.6757794240606804	0.0014716374567987265	0.6988117182258159	-3.4955243887547005	2.575377229060121	430
6	INSOM	261	1.2750000000000004	0.17172441815428202	-0.6757794240606804	0.0014716374567987265	0.6988117182258159	-3.4955243887547005	2.575377229060121	430
6	INSOM	262	1.2962500000000006	0.16741384373703308	-0.6757794240606804	0.0014716374567987265	0.6988117182258159	-3.4955243887547005	2.575377229060121	430
6	INSOM	263	1.3175000000000008	0.16319640839343774	-0.6757794240606804	0.0014716374567987265	0.6988117182258159	-3.4955243887547005	2.575377229060121	430
6	INSOM	264	1.33875	0.1590796689123964	-0.6757794240606804	0.0014716374567987265	0.6988117182258159	-3.4955243887547005	2.575377229060121	430
6	INSOM	265	1.3600000000000003	0.15507005166365398	-0.6757794240606804	0.0014716374567987265	0.6988117182258159	-3.4955243887547005	2.575377229060121	430
6	INSOM	266	1.3812500000000005	0.15117274838520467	-0.6757794240606804	0.0014716374567987265	0.6988117182258159	-3.4955243887547005	2.575377229060121	430
6	INSOM	267	1.4025000000000007	0.1473916410668154	-0.6757794240606804	0.0014716374567987265	0.6988117182258159	-3.4955243887547005	2.575377229060121	430
6	INSOM	268	1.42375	0.14372925662187644	-0.6757794240606804	0.0014716374567987265	0.6988117182258159	-3.4955243887547005	2.575377229060121	430
6	INSOM	269	1.4450000000000003	0.140186751388498	-0.6757794240606804	0.0014716374567987265	0.6988117182258159	-3.4955243887547005	2.575377229060121	430
6	INSOM	270	1.4662500000000005	0.13676392486204259	-0.6757794240606804	0.0014716374567987265	0.6988117182258159	-3.4955243887547005	2.575377229060121	430
6	INSOM	271	1.4875000000000007	0.13345926144210787	-0.6757794240606804	0.0014716374567987265	0.6988117182258159	-3.4955243887547005	2.575377229060121	430
6	INSOM	272	1.50875	0.13026999838630665	-0.6757794240606804	0.0014716374567987265	0.6988117182258159	-3.4955243887547005	2.575377229060121	430
6	INSOM	273	1.5300000000000002	0.12719221761182087	-0.6757794240606804	0.0014716374567987265	0.6988117182258159	-3.4955243887547005	2.575377229060121	430
6	INSOM	274	1.5512500000000005	0.12422095848602316	-0.6757794240606804	0.0014716374567987265	0.6988117182258159	-3.4955243887547005	2.575377229060121	430
6	INSOM	275	1.5725000000000007	0.12135034831288923	-0.6757794240606804	0.0014716374567987265	0.6988117182258159	-3.4955243887547005	2.575377229060121	430
6	INSOM	276	1.59375	0.11857374686612086	-0.6757794240606804	0.0014716374567987265	0.6988117182258159	-3.4955243887547005	2.575377229060121	430
6	INSOM	277	1.6150000000000002	0.11588390105589604	-0.6757794240606804	0.0014716374567987265	0.6988117182258159	-3.4955243887547005	2.575377229060121	430
6	INSOM	278	1.6362500000000004	0.11327310565541879	-0.6757794240606804	0.0014716374567987265	0.6988117182258159	-3.4955243887547005	2.575377229060121	430
6	INSOM	279	1.6575000000000006	0.11073336596487618	-0.6757794240606804	0.0014716374567987265	0.6988117182258159	-3.4955243887547005	2.575377229060121	430
6	INSOM	280	1.6787500000000009	0.1082565583595535	-0.6757794240606804	0.0014716374567987265	0.6988117182258159	-3.4955243887547005	2.575377229060121	430
6	INSOM	281	1.7000000000000002	0.1058345848571604	-0.6757794240606804	0.0014716374567987265	0.6988117182258159	-3.4955243887547005	2.575377229060121	430
6	INSOM	282	1.7212500000000004	0.10345951814366516	-0.6757794240606804	0.0014716374567987265	0.6988117182258159	-3.4955243887547005	2.575377229060121	430
6	INSOM	283	1.7425000000000006	0.10112373390904301	-0.6757794240606804	0.0014716374567987265	0.6988117182258159	-3.4955243887547005	2.575377229060121	430
6	INSOM	284	1.7637500000000008	0.09882002785129246	-0.6757794240606804	0.0014716374567987265	0.6988117182258159	-3.4955243887547005	2.575377229060121	430
6	INSOM	285	1.7850000000000001	0.09654171529126312	-0.6757794240606804	0.0014716374567987265	0.6988117182258159	-3.4955243887547005	2.575377229060121	430
6	INSOM	286	1.8062500000000004	0.09428271198058778	-0.6757794240606804	0.0014716374567987265	0.6988117182258159	-3.4955243887547005	2.575377229060121	430
6	INSOM	287	1.8275000000000006	0.09203759535552741	-0.6757794240606804	0.0014716374567987265	0.6988117182258159	-3.4955243887547005	2.575377229060121	430
6	INSOM	288	1.8487500000000008	0.08980164616390877	-0.6757794240606804	0.0014716374567987265	0.6988117182258159	-3.4955243887547005	2.575377229060121	430
6	INSOM	289	1.87	0.0875708710429407	-0.6757794240606804	0.0014716374567987265	0.6988117182258159	-3.4955243887547005	2.575377229060121	430
6	INSOM	290	1.8912500000000003	0.08534200722552883	-0.6757794240606804	0.0014716374567987265	0.6988117182258159	-3.4955243887547005	2.575377229060121	430
6	INSOM	291	1.9125000000000005	0.08311251107693167	-0.6757794240606804	0.0014716374567987265	0.6988117182258159	-3.4955243887547005	2.575377229060121	430
6	INSOM	292	1.9337500000000007	0.08088053259084979	-0.6757794240606804	0.0014716374567987265	0.6988117182258159	-3.4955243887547005	2.575377229060121	430
6	INSOM	293	1.955	0.07864487828778181	-0.6757794240606804	0.0014716374567987265	0.6988117182258159	-3.4955243887547005	2.575377229060121	430
6	INSOM	294	1.9762500000000003	0.07640496514794529	-0.6757794240606804	0.0014716374567987265	0.6988117182258159	-3.4955243887547005	2.575377229060121	430
6	INSOM	295	1.9975000000000005	0.07416076827197104	-0.6757794240606804	0.0014716374567987265	0.6988117182258159	-3.4955243887547005	2.575377229060121	430
6	INSOM	296	2.0187500000000007	0.07191276489743675	-0.6757794240606804	0.0014716374567987265	0.6988117182258159	-3.4955243887547005	2.575377229060121	430
6	INSOM	297	2.04	0.06966187721729827	-0.6757794240606804	0.0014716374567987265	0.6988117182258159	-3.4955243887547005	2.575377229060121	430
6	INSOM	298	2.0612500000000002	0.06740941616266327	-0.6757794240606804	0.0014716374567987265	0.6988117182258159	-3.4955243887547005	2.575377229060121	430
6	INSOM	299	2.0825000000000005	0.06515702794760991	-0.6757794240606804	0.0014716374567987265	0.6988117182258159	-3.4955243887547005	2.575377229060121	430
6	INSOM	300	2.1037500000000007	0.06290664475219057	-0.6757794240606804	0.0014716374567987265	0.6988117182258159	-3.4955243887547005	2.575377229060121	430
6	INSOM	301	2.125000000000001	0.060660440468030714	-0.6757794240606804	0.0014716374567987265	0.6988117182258159	-3.4955243887547005	2.575377229060121	430
6	INSOM	302	2.14625	0.05842079197630868	-0.6757794240606804	0.0014716374567987265	0.6988117182258159	-3.4955243887547005	2.575377229060121	430
6	INSOM	303	2.1675000000000004	0.05619024599656752	-0.6757794240606804	0.0014716374567987265	0.6988117182258159	-3.4955243887547005	2.575377229060121	430
6	INSOM	304	2.1887500000000006	0.053971491160224136	-0.6757794240606804	0.0014716374567987265	0.6988117182258159	-3.4955243887547005	2.575377229060121	430
6	INSOM	305	2.210000000000001	0.05176733464416179	-0.6757794240606804	0.0014716374567987265	0.6988117182258159	-3.4955243887547005	2.575377229060121	430
6	INSOM	306	2.23125	0.049580682461585195	-0.6757794240606804	0.0014716374567987265	0.6988117182258159	-3.4955243887547005	2.575377229060121	430
6	INSOM	307	2.2525000000000004	0.0474145223576478	-0.6757794240606804	0.0014716374567987265	0.6988117182258159	-3.4955243887547005	2.575377229060121	430
6	INSOM	308	2.2737500000000006	0.04527190819839976	-0.6757794240606804	0.0014716374567987265	0.6988117182258159	-3.4955243887547005	2.575377229060121	430
6	INSOM	309	2.295000000000001	0.04315594476954042	-0.6757794240606804	0.0014716374567987265	0.6988117182258159	-3.4955243887547005	2.575377229060121	430
6	INSOM	310	2.31625	0.04106977200718423	-0.6757794240606804	0.0014716374567987265	0.6988117182258159	-3.4955243887547005	2.575377229060121	430
6	INSOM	311	2.3375000000000004	0.03901654785283485	-0.6757794240606804	0.0014716374567987265	0.6988117182258159	-3.4955243887547005	2.575377229060121	430
6	INSOM	312	2.3587500000000006	0.036999429142314626	-0.6757794240606804	0.0014716374567987265	0.6988117182258159	-3.4955243887547005	2.575377229060121	430
6	INSOM	313	2.380000000000001	0.03502155018500546	-0.6757794240606804	0.0014716374567987265	0.6988117182258159	-3.4955243887547005	2.575377229060121	430
6	INSOM	314	2.40125	0.03308599894649973	-0.6757794240606804	0.0014716374567987265	0.6988117182258159	-3.4955243887547005	2.575377229060121	430
6	INSOM	315	2.4225000000000003	0.031195790996625394	-0.6757794240606804	0.0014716374567987265	0.6988117182258159	-3.4955243887547005	2.575377229060121	430
6	INSOM	316	2.4437500000000005	0.02935384160989458	-0.6757794240606804	0.0014716374567987265	0.6988117182258159	-3.4955243887547005	2.575377229060121	430
6	INSOM	317	2.4650000000000007	0.02756293659381265	-0.6757794240606804	0.0014716374567987265	0.6988117182258159	-3.4955243887547005	2.575377229060121	430
6	INSOM	318	2.48625	0.02582570256290454	-0.6757794240606804	0.0014716374567987265	0.6988117182258159	-3.4955243887547005	2.575377229060121	430
6	INSOM	319	2.5075000000000003	0.024144577467408883	-0.6757794240606804	0.0014716374567987265	0.6988117182258159	-3.4955243887547005	2.575377229060121	430
6	INSOM	320	2.5287500000000005	0.022521782223917205	-0.6757794240606804	0.0014716374567987265	0.6988117182258159	-3.4955243887547005	2.575377229060121	430
6	INSOM	321	2.5500000000000007	0.02095929428293762	-0.6757794240606804	0.0014716374567987265	0.6988117182258159	-3.4955243887547005	2.575377229060121	430
6	INSOM	322	2.571250000000001	0.019458823910659243	-0.6757794240606804	0.0014716374567987265	0.6988117182258159	-3.4955243887547005	2.575377229060121	430
6	INSOM	323	2.5925000000000002	0.018021793866625096	-0.6757794240606804	0.0014716374567987265	0.6988117182258159	-3.4955243887547005	2.575377229060121	430
6	INSOM	324	2.6137500000000005	0.016649323034686747	-0.6757794240606804	0.0014716374567987265	0.6988117182258159	-3.4955243887547005	2.575377229060121	430
6	INSOM	325	2.6350000000000007	0.015342214421324104	-0.6757794240606804	0.0014716374567987265	0.6988117182258159	-3.4955243887547005	2.575377229060121	430
6	INSOM	326	2.656250000000001	0.014100947782916772	-0.6757794240606804	0.0014716374567987265	0.6988117182258159	-3.4955243887547005	2.575377229060121	430
6	INSOM	327	2.6775	0.012925676990893293	-0.6757794240606804	0.0014716374567987265	0.6988117182258159	-3.4955243887547005	2.575377229060121	430
6	INSOM	328	2.6987500000000004	0.011816232098639926	-0.6757794240606804	0.0014716374567987265	0.6988117182258159	-3.4955243887547005	2.575377229060121	430
6	INSOM	329	2.7200000000000006	0.01077212594282403	-0.6757794240606804	0.0014716374567987265	0.6988117182258159	-3.4955243887547005	2.575377229060121	430
6	INSOM	330	2.741250000000001	0.00979256499880136	-0.6757794240606804	0.0014716374567987265	0.6988117182258159	-3.4955243887547005	2.575377229060121	430
6	INSOM	331	2.7625	0.008876464117679202	-0.6757794240606804	0.0014716374567987265	0.6988117182258159	-3.4955243887547005	2.575377229060121	430
6	INSOM	332	2.7837500000000004	0.008022464702387775	-0.6757794240606804	0.0014716374567987265	0.6988117182258159	-3.4955243887547005	2.575377229060121	430
6	INSOM	333	2.8050000000000006	0.007228955831355821	-0.6757794240606804	0.0014716374567987265	0.6988117182258159	-3.4955243887547005	2.575377229060121	430
6	INSOM	334	2.826250000000001	0.006494097809558743	-0.6757794240606804	0.0014716374567987265	0.6988117182258159	-3.4955243887547005	2.575377229060121	430
6	INSOM	335	2.8475	0.005815847615522466	-0.6757794240606804	0.0014716374567987265	0.6988117182258159	-3.4955243887547005	2.575377229060121	430
6	INSOM	336	2.8687500000000004	0.005191985716590309	-0.6757794240606804	0.0014716374567987265	0.6988117182258159	-3.4955243887547005	2.575377229060121	430
6	INSOM	337	2.8900000000000006	0.0046201437405439605	-0.6757794240606804	0.0014716374567987265	0.6988117182258159	-3.4955243887547005	2.575377229060121	430
6	INSOM	338	2.911250000000001	0.00409783251677034	-0.6757794240606804	0.0014716374567987265	0.6988117182258159	-3.4955243887547005	2.575377229060121	430
6	INSOM	339	2.9325	0.00362247003214911	-0.6757794240606804	0.0014716374567987265	0.6988117182258159	-3.4955243887547005	2.575377229060121	430
6	INSOM	340	2.9537500000000003	0.003191408883660967	-0.6757794240606804	0.0014716374567987265	0.6988117182258159	-3.4955243887547005	2.575377229060121	430
6	INSOM	341	2.9750000000000005	0.0028019628498001823	-0.6757794240606804	0.0014716374567987265	0.6988117182258159	-3.4955243887547005	2.575377229060121	430
6	INSOM	342	2.9962500000000007	0.002451432245049816	-0.6757794240606804	0.0014716374567987265	0.6988117182258159	-3.4955243887547005	2.575377229060121	430
6	INSOM	343	3.017500000000001	0.0021371277651519027	-0.6757794240606804	0.0014716374567987265	0.6988117182258159	-3.4955243887547005	2.575377229060121	430
6	INSOM	344	3.0387500000000003	0.001856392575150936	-0.6757794240606804	0.0014716374567987265	0.6988117182258159	-3.4955243887547005	2.575377229060121	430
6	INSOM	345	3.0600000000000005	0.0016066224368589093	-0.6757794240606804	0.0014716374567987265	0.6988117182258159	-3.4955243887547005	2.575377229060121	430
6	INSOM	346	3.0812500000000007	0.0013852837172066254	-0.6757794240606804	0.0014716374567987265	0.6988117182258159	-3.4955243887547005	2.575377229060121	430
6	INSOM	347	3.102500000000001	0.0011899291636194482	-0.6757794240606804	0.0014716374567987265	0.6988117182258159	-3.4955243887547005	2.575377229060121	430
6	INSOM	348	3.1237500000000002	0.0010182113767263246	-0.6757794240606804	0.0014716374567987265	0.6988117182258159	-3.4955243887547005	2.575377229060121	430
6	INSOM	349	3.1450000000000005	0.000867893953909635	-0.6757794240606804	0.0014716374567987265	0.6988117182258159	-3.4955243887547005	2.575377229060121	430
6	INSOM	350	3.1662500000000007	0.0007368603188486488	-0.6757794240606804	0.0014716374567987265	0.6988117182258159	-3.4955243887547005	2.575377229060121	430
6	INSOM	351	3.187500000000001	0.000623120291621764	-0.6757794240606804	0.0014716374567987265	0.6988117182258159	-3.4955243887547005	2.575377229060121	430
6	INSOM	352	3.20875	0.0005248144903765219	-0.6757794240606804	0.0014716374567987265	0.6988117182258159	-3.4955243887547005	2.575377229060121	430
6	INSOM	353	3.2300000000000004	0.0004402166883048768	-0.6757794240606804	0.0014716374567987265	0.6988117182258159	-3.4955243887547005	2.575377229060121	430
6	INSOM	354	3.2512500000000006	0.0003677342779779482	-0.6757794240606804	0.0014716374567987265	0.6988117182258159	-3.4955243887547005	2.575377229060121	430
6	INSOM	355	3.272500000000001	0.00030590701840355777	-0.6757794240606804	0.0014716374567987265	0.6988117182258159	-3.4955243887547005	2.575377229060121	430
6	INSOM	356	3.29375	0.0002534042580269713	-0.6757794240606804	0.0014716374567987265	0.6988117182258159	-3.4955243887547005	2.575377229060121	430
6	INSOM	357	3.3150000000000004	0.00020902083903997858	-0.6757794240606804	0.0014716374567987265	0.6988117182258159	-3.4955243887547005	2.575377229060121	430
6	INSOM	358	3.3362500000000006	0.00017167189474285414	-0.6757794240606804	0.0014716374567987265	0.6988117182258159	-3.4955243887547005	2.575377229060121	430
6	INSOM	359	3.357500000000001	0.0001403867524749327	-0.6757794240606804	0.0014716374567987265	0.6988117182258159	-3.4955243887547005	2.575377229060121	430
6	INSOM	360	3.37875	0.00011430215015132878	-0.6757794240606804	0.0014716374567987265	0.6988117182258159	-3.4955243887547005	2.575377229060121	430
6	INSOM	361	3.4000000000000004	9.265496525059679e-05	-0.6757794240606804	0.0014716374567987265	0.6988117182258159	-3.4955243887547005	2.575377229060121	430
6	INSOM	362	3.4212500000000006	7.477464186945754e-05	-0.6757794240606804	0.0014716374567987265	0.6988117182258159	-3.4955243887547005	2.575377229060121	430
6	INSOM	363	3.442500000000001	6.007548497567591e-05	-0.6757794240606804	0.0014716374567987265	0.6988117182258159	-3.4955243887547005	2.575377229060121	430
6	INSOM	364	3.463750000000001	4.8048972085957246e-05	-0.6757794240606804	0.0014716374567987265	0.6988117182258159	-3.4955243887547005	2.575377229060121	430
6	INSOM	365	3.4850000000000003	3.8256212122293466e-05	-0.6757794240606804	0.0014716374567987265	0.6988117182258159	-3.4955243887547005	2.575377229060121	430
6	INSOM	366	3.5062500000000005	3.0320659979530785e-05	-0.6757794240606804	0.0014716374567987265	0.6988117182258159	-3.4955243887547005	2.575377229060121	430
6	INSOM	367	3.5275000000000007	2.3921174127893098e-05	-0.6757794240606804	0.0014716374567987265	0.6988117182258159	-3.4955243887547005	2.575377229060121	430
6	INSOM	368	3.548750000000001	1.878548404446287e-05	-0.6757794240606804	0.0014716374567987265	0.6988117182258159	-3.4955243887547005	2.575377229060121	430
6	INSOM	369	3.5700000000000003	1.4684114974398744e-05	-0.6757794240606804	0.0014716374567987265	0.6988117182258159	-3.4955243887547005	2.575377229060121	430
6	INSOM	370	3.5912500000000005	1.1424799901316258e-05	-0.6757794240606804	0.0014716374567987265	0.6988117182258159	-3.4955243887547005	2.575377229060121	430
6	INSOM	371	3.6125000000000007	8.847392967429017e-06	-0.6757794240606804	0.0014716374567987265	0.6988117182258159	-3.4955243887547005	2.575377229060121	430
6	INSOM	372	3.633750000000001	6.819285117386474e-06	-0.6757794240606804	0.0014716374567987265	0.6988117182258159	-3.4955243887547005	2.575377229060121	430
6	INSOM	373	3.6550000000000002	5.231311523710013e-06	-0.6757794240606804	0.0014716374567987265	0.6988117182258159	-3.4955243887547005	2.575377229060121	430
6	INSOM	374	3.6762500000000005	3.99413136737025e-06	-0.6757794240606804	0.0014716374567987265	0.6988117182258159	-3.4955243887547005	2.575377229060121	430
6	INSOM	375	3.6975000000000007	3.035053694785092e-06	-0.6757794240606804	0.0014716374567987265	0.6988117182258159	-3.4955243887547005	2.575377229060121	430
6	INSOM	376	3.718750000000001	2.2952781900595665e-06	-0.6757794240606804	0.0014716374567987265	0.6988117182258159	-3.4955243887547005	2.575377229060121	430
6	INSOM	377	3.74	1.727516581698247e-06	-0.6757794240606804	0.0014716374567987265	0.6988117182258159	-3.4955243887547005	2.575377229060121	430
6	INSOM	378	3.7612500000000004	1.293958811759008e-06	-0.6757794240606804	0.0014716374567987265	0.6988117182258159	-3.4955243887547005	2.575377229060121	430
6	INSOM	379	3.7825000000000006	9.645477856111923e-07	-0.6757794240606804	0.0014716374567987265	0.6988117182258159	-3.4955243887547005	2.575377229060121	430
6	INSOM	380	3.803750000000001	7.155272458869946e-07	-0.6757794240606804	0.0014716374567987265	0.6988117182258159	-3.4955243887547005	2.575377229060121	430
6	INSOM	381	3.825000000000001	5.282288397131342e-07	-0.6757794240606804	0.0014716374567987265	0.6988117182258159	-3.4955243887547005	2.575377229060121	430
6	INSOM	382	3.8462500000000013	3.880665575581084e-07	-0.6757794240606804	0.0014716374567987265	0.6988117182258159	-3.4955243887547005	2.575377229060121	430
6	INSOM	383	3.8674999999999997	2.8370922282337386e-07	-0.6757794240606804	0.0014716374567987265	0.6988117182258159	-3.4955243887547005	2.575377229060121	430
6	INSOM	384	3.88875	2.0640443854093004e-07	-0.6757794240606804	0.0014716374567987265	0.6988117182258159	-3.4955243887547005	2.575377229060121	430
6	INSOM	385	3.91	1.4943021426679343e-07	-0.6757794240606804	0.0014716374567987265	0.6988117182258159	-3.4955243887547005	2.575377229060121	430
6	INSOM	386	3.9312500000000004	1.0765329315827869e-07	-0.6757794240606804	0.0014716374567987265	0.6988117182258159	-3.4955243887547005	2.575377229060121	430
6	INSOM	387	3.9525000000000006	7.717589288377564e-08	-0.6757794240606804	0.0014716374567987265	0.6988117182258159	-3.4955243887547005	2.575377229060121	430
6	INSOM	388	3.973750000000001	5.5055104389982564e-08	-0.6757794240606804	0.0014716374567987265	0.6988117182258159	-3.4955243887547005	2.575377229060121	430
6	INSOM	389	3.995000000000001	3.908151991819561e-08	-0.6757794240606804	0.0014716374567987265	0.6988117182258159	-3.4955243887547005	2.575377229060121	430
6	INSOM	390	4.016250000000001	2.760576334514449e-08	-0.6757794240606804	0.0014716374567987265	0.6988117182258159	-3.4955243887547005	2.575377229060121	430
6	INSOM	391	4.037500000000001	1.9403463042722807e-08	-0.6757794240606804	0.0014716374567987265	0.6988117182258159	-3.4955243887547005	2.575377229060121	430
6	INSOM	392	4.05875	1.357084182162641e-08	-0.6757794240606804	0.0014716374567987265	0.6988117182258159	-3.4955243887547005	2.575377229060121	430
6	INSOM	393	4.08	9.444509859163187e-09	-0.6757794240606804	0.0014716374567987265	0.6988117182258159	-3.4955243887547005	2.575377229060121	430
6	INSOM	394	4.10125	6.540249975625732e-09	-0.6757794240606804	0.0014716374567987265	0.6988117182258159	-3.4955243887547005	2.575377229060121	430
6	INSOM	395	4.1225000000000005	4.506598777620108e-09	-0.6757794240606804	0.0014716374567987265	0.6988117182258159	-3.4955243887547005	2.575377229060121	430
6	INSOM	396	4.143750000000001	3.089872325485752e-09	-0.6757794240606804	0.0014716374567987265	0.6988117182258159	-3.4955243887547005	2.575377229060121	430
6	INSOM	397	4.165000000000001	2.107981841494593e-09	-0.6757794240606804	0.0014716374567987265	0.6988117182258159	-3.4955243887547005	2.575377229060121	430
6	INSOM	398	4.186250000000001	1.4309537755154705e-09	-0.6757794240606804	0.0014716374567987265	0.6988117182258159	-3.4955243887547005	2.575377229060121	430
6	INSOM	399	4.207500000000001	9.665283206707642e-10	-0.6757794240606804	0.0014716374567987265	0.6988117182258159	-3.4955243887547005	2.575377229060121	430
6	INSOM	400	4.22875	6.495786486732816e-10	-0.6757794240606804	0.0014716374567987265	0.6988117182258159	-3.4955243887547005	2.575377229060121	430
6	INSOM	401	4.25	4.343852970465614e-10	-0.6757794240606804	0.0014716374567987265	0.6988117182258159	-3.4955243887547005	2.575377229060121	430
7	SWB	1	-4.25	7.179201163216627e-09	-0.6938853757227371	0.021027835759552745	0.6089700132481977	-2.732560853259253	3.7577496715243317	430
7	SWB	2	-4.22875	1.0330942989884235e-08	-0.6938853757227371	0.021027835759552745	0.6089700132481977	-2.732560853259253	3.7577496715243317	430
7	SWB	3	-4.2075	1.4792073373850637e-08	-0.6938853757227371	0.021027835759552745	0.6089700132481977	-2.732560853259253	3.7577496715243317	430
7	SWB	4	-4.18625	2.107394058150626e-08	-0.6938853757227371	0.021027835759552745	0.6089700132481977	-2.732560853259253	3.7577496715243317	430
7	SWB	5	-4.165	2.987394413309161e-08	-0.6938853757227371	0.021027835759552745	0.6089700132481977	-2.732560853259253	3.7577496715243317	430
7	SWB	6	-4.14375	4.213782744662645e-08	-0.6938853757227371	0.021027835759552745	0.6089700132481977	-2.732560853259253	3.7577496715243317	430
7	SWB	7	-4.1225	5.914081166804808e-08	-0.6938853757227371	0.021027835759552745	0.6089700132481977	-2.732560853259253	3.7577496715243317	430
7	SWB	8	-4.10125	8.259256422877292e-08	-0.6938853757227371	0.021027835759552745	0.6089700132481977	-2.732560853259253	3.7577496715243317	430
7	SWB	9	-4.08	1.1477208850882186e-07	-0.6938853757227371	0.021027835759552745	0.6089700132481977	-2.732560853259253	3.7577496715243317	430
7	SWB	10	-4.05875	1.5869988224763864e-07	-0.6938853757227371	0.021027835759552745	0.6089700132481977	-2.732560853259253	3.7577496715243317	430
7	SWB	11	-4.0375	2.1835614693819942e-07	-0.6938853757227371	0.021027835759552745	0.6089700132481977	-2.732560853259253	3.7577496715243317	430
7	SWB	12	-4.01625	2.989554361893066e-07	-0.6938853757227371	0.021027835759552745	0.6089700132481977	-2.732560853259253	3.7577496715243317	430
7	SWB	13	-3.995	4.072898963113929e-07	-0.6938853757227371	0.021027835759552745	0.6089700132481977	-2.732560853259253	3.7577496715243317	430
7	SWB	14	-3.97375	5.521551534596138e-07	-0.6938853757227371	0.021027835759552745	0.6089700132481977	-2.732560853259253	3.7577496715243317	430
7	SWB	15	-3.9525	7.448749000222841e-07	-0.6938853757227371	0.021027835759552745	0.6089700132481977	-2.732560853259253	3.7577496715243317	430
7	SWB	16	-3.93125	9.99942272506881e-07	-0.6938853757227371	0.021027835759552745	0.6089700132481977	-2.732560853259253	3.7577496715243317	430
7	SWB	17	-3.91	1.3357981178659726e-06	-0.6938853757227371	0.021027835759552745	0.6089700132481977	-2.732560853259253	3.7577496715243317	430
7	SWB	18	-3.88875	1.775768116919354e-06	-0.6938853757227371	0.021027835759552745	0.6089700132481977	-2.732560853259253	3.7577496715243317	430
7	SWB	19	-3.8675	2.349182350920463e-06	-0.6938853757227371	0.021027835759552745	0.6089700132481977	-2.732560853259253	3.7577496715243317	430
7	SWB	20	-3.84625	3.092702115688486e-06	-0.6938853757227371	0.021027835759552745	0.6089700132481977	-2.732560853259253	3.7577496715243317	430
7	SWB	21	-3.825	4.051879440377088e-06	-0.6938853757227371	0.021027835759552745	0.6089700132481977	-2.732560853259253	3.7577496715243317	430
7	SWB	22	-3.80375	5.282974669318376e-06	-0.6938853757227371	0.021027835759552745	0.6089700132481977	-2.732560853259253	3.7577496715243317	430
7	SWB	23	-3.7824999999999998	6.855056416297198e-06	-0.6938853757227371	0.021027835759552745	0.6089700132481977	-2.732560853259253	3.7577496715243317	430
7	SWB	24	-3.76125	8.852405995889508e-06	-0.6938853757227371	0.021027835759552745	0.6089700132481977	-2.732560853259253	3.7577496715243317	430
7	SWB	25	-3.74	1.1377244874943588e-05	-0.6938853757227371	0.021027835759552745	0.6089700132481977	-2.732560853259253	3.7577496715243317	430
7	SWB	26	-3.71875	1.455279858411393e-05	-0.6938853757227371	0.021027835759552745	0.6089700132481977	-2.732560853259253	3.7577496715243317	430
7	SWB	27	-3.6975	1.8526703730760838e-05	-0.6938853757227371	0.021027835759552745	0.6089700132481977	-2.732560853259253	3.7577496715243317	430
7	SWB	28	-3.67625	2.347475615386965e-05	-0.6938853757227371	0.021027835759552745	0.6089700132481977	-2.732560853259253	3.7577496715243317	430
7	SWB	29	-3.655	2.9604987816615862e-05	-0.6938853757227371	0.021027835759552745	0.6089700132481977	-2.732560853259253	3.7577496715243317	430
7	SWB	30	-3.63375	3.716204778191882e-05	-0.6938853757227371	0.021027835759552745	0.6089700132481977	-2.732560853259253	3.7577496715243317	430
7	SWB	31	-3.6125	4.6431848697112896e-05	-0.6938853757227371	0.021027835759552745	0.6089700132481977	-2.732560853259253	3.7577496715243317	430
7	SWB	32	-3.59125	5.774642487236739e-05	-0.6938853757227371	0.021027835759552745	0.6089700132481977	-2.732560853259253	3.7577496715243317	430
7	SWB	33	-3.57	7.148893163962859e-05	-0.6938853757227371	0.021027835759552745	0.6089700132481977	-2.732560853259253	3.7577496715243317	430
7	SWB	34	-3.54875	8.80986987129104e-05	-0.6938853757227371	0.021027835759552745	0.6089700132481977	-2.732560853259253	3.7577496715243317	430
7	SWB	35	-3.5275	0.00010807623334352803	-0.6938853757227371	0.021027835759552745	0.6089700132481977	-2.732560853259253	3.7577496715243317	430
7	SWB	36	-3.50625	0.0001319880528882738	-0.6938853757227371	0.021027835759552745	0.6089700132481977	-2.732560853259253	3.7577496715243317	430
7	SWB	37	-3.485	0.00016047121178262494	-0.6938853757227371	0.021027835759552745	0.6089700132481977	-2.732560853259253	3.7577496715243317	430
7	SWB	38	-3.46375	0.00019423737568741476	-0.6938853757227371	0.021027835759552745	0.6089700132481977	-2.732560853259253	3.7577496715243317	430
7	SWB	39	-3.4425	0.00023407628662452034	-0.6938853757227371	0.021027835759552745	0.6089700132481977	-2.732560853259253	3.7577496715243317	430
7	SWB	40	-3.4212499999999997	0.0002808584580729121	-0.6938853757227371	0.021027835759552745	0.6089700132481977	-2.732560853259253	3.7577496715243317	430
7	SWB	41	-3.4	0.00033553693901735307	-0.6938853757227371	0.021027835759552745	0.6089700132481977	-2.732560853259253	3.7577496715243317	430
7	SWB	42	-3.37875	0.0003991479914491374	-0.6938853757227371	0.021027835759552745	0.6089700132481977	-2.732560853259253	3.7577496715243317	430
7	SWB	43	-3.3575	0.00047281053724523213	-0.6938853757227371	0.021027835759552745	0.6089700132481977	-2.732560853259253	3.7577496715243317	430
7	SWB	44	-3.3362499999999997	0.0005577242478981183	-0.6938853757227371	0.021027835759552745	0.6089700132481977	-2.732560853259253	3.7577496715243317	430
7	SWB	45	-3.315	0.0006551661741603067	-0.6938853757227371	0.021027835759552745	0.6089700132481977	-2.732560853259253	3.7577496715243317	430
7	SWB	46	-3.29375	0.0007664858419347007	-0.6938853757227371	0.021027835759552745	0.6089700132481977	-2.732560853259253	3.7577496715243317	430
7	SWB	47	-3.2725	0.0008930987750098218	-0.6938853757227371	0.021027835759552745	0.6089700132481977	-2.732560853259253	3.7577496715243317	430
7	SWB	48	-3.2512499999999998	0.001036478443538028	-0.6938853757227371	0.021027835759552745	0.6089700132481977	-2.732560853259253	3.7577496715243317	430
7	SWB	49	-3.23	0.0011981466782532628	-0.6938853757227371	0.021027835759552745	0.6089700132481977	-2.732560853259253	3.7577496715243317	430
7	SWB	50	-3.20875	0.0013796626328777541	-0.6938853757227371	0.021027835759552745	0.6089700132481977	-2.732560853259253	3.7577496715243317	430
7	SWB	51	-3.1875	0.0015826104193859846	-0.6938853757227371	0.021027835759552745	0.6089700132481977	-2.732560853259253	3.7577496715243317	430
7	SWB	52	-3.16625	0.0018085855811286553	-0.6938853757227371	0.021027835759552745	0.6089700132481977	-2.732560853259253	3.7577496715243317	430
7	SWB	53	-3.145	0.002059180605648391	-0.6938853757227371	0.021027835759552745	0.6089700132481977	-2.732560853259253	3.7577496715243317	430
7	SWB	54	-3.1237500000000002	0.002335969710844149	-0.6938853757227371	0.021027835759552745	0.6089700132481977	-2.732560853259253	3.7577496715243317	430
7	SWB	55	-3.1025	0.0026404931636768267	-0.6938853757227371	0.021027835759552745	0.6089700132481977	-2.732560853259253	3.7577496715243317	430
7	SWB	56	-3.08125	0.0029742414088570128	-0.6938853757227371	0.021027835759552745	0.6089700132481977	-2.732560853259253	3.7577496715243317	430
7	SWB	57	-3.0599999999999996	0.0033386392952692743	-0.6938853757227371	0.021027835759552745	0.6089700132481977	-2.732560853259253	3.7577496715243317	430
7	SWB	58	-3.03875	0.0037350306900015904	-0.6938853757227371	0.021027835759552745	0.6089700132481977	-2.732560853259253	3.7577496715243317	430
7	SWB	59	-3.0175	0.004164663763895426	-0.6938853757227371	0.021027835759552745	0.6089700132481977	-2.732560853259253	3.7577496715243317	430
7	SWB	60	-2.99625	0.004628677219017906	-0.6938853757227371	0.021027835759552745	0.6089700132481977	-2.732560853259253	3.7577496715243317	430
7	SWB	61	-2.9749999999999996	0.00512808770822392	-0.6938853757227371	0.021027835759552745	0.6089700132481977	-2.732560853259253	3.7577496715243317	430
7	SWB	62	-2.95375	0.005663778671129011	-0.6938853757227371	0.021027835759552745	0.6089700132481977	-2.732560853259253	3.7577496715243317	430
7	SWB	63	-2.9325	0.006236490780645124	-0.6938853757227371	0.021027835759552745	0.6089700132481977	-2.732560853259253	3.7577496715243317	430
7	SWB	64	-2.91125	0.006846814161126307	-0.6938853757227371	0.021027835759552745	0.6089700132481977	-2.732560853259253	3.7577496715243317	430
7	SWB	65	-2.8899999999999997	0.007495182504518871	-0.6938853757227371	0.021027835759552745	0.6089700132481977	-2.732560853259253	3.7577496715243317	430
7	SWB	66	-2.86875	0.008181869176020467	-0.6938853757227371	0.021027835759552745	0.6089700132481977	-2.732560853259253	3.7577496715243317	430
7	SWB	67	-2.8475	0.008906985366788267	-0.6938853757227371	0.021027835759552745	0.6089700132481977	-2.732560853259253	3.7577496715243317	430
7	SWB	68	-2.82625	0.009670480319170158	-0.6938853757227371	0.021027835759552745	0.6089700132481977	-2.732560853259253	3.7577496715243317	430
7	SWB	69	-2.8049999999999997	0.010472143620521228	-0.6938853757227371	0.021027835759552745	0.6089700132481977	-2.732560853259253	3.7577496715243317	430
7	SWB	70	-2.78375	0.011311609535451446	-0.6938853757227371	0.021027835759552745	0.6089700132481977	-2.732560853259253	3.7577496715243317	430
7	SWB	71	-2.7625	0.012188363323675953	-0.6938853757227371	0.021027835759552745	0.6089700132481977	-2.732560853259253	3.7577496715243317	430
7	SWB	72	-2.74125	0.013101749471689924	-0.6938853757227371	0.021027835759552745	0.6089700132481977	-2.732560853259253	3.7577496715243317	430
7	SWB	73	-2.7199999999999998	0.014050981751329307	-0.6938853757227371	0.021027835759552745	0.6089700132481977	-2.732560853259253	3.7577496715243317	430
7	SWB	74	-2.69875	0.015035155006883608	-0.6938853757227371	0.021027835759552745	0.6089700132481977	-2.732560853259253	3.7577496715243317	430
7	SWB	75	-2.6775	0.0160532585647197	-0.6938853757227371	0.021027835759552745	0.6089700132481977	-2.732560853259253	3.7577496715243317	430
7	SWB	76	-2.65625	0.017104191155234677	-0.6938853757227371	0.021027835759552745	0.6089700132481977	-2.732560853259253	3.7577496715243317	430
7	SWB	77	-2.635	0.018186777236204783	-0.6938853757227371	0.021027835759552745	0.6089700132481977	-2.732560853259253	3.7577496715243317	430
7	SWB	78	-2.6137499999999996	0.01929978460897944	-0.6938853757227371	0.021027835759552745	0.6089700132481977	-2.732560853259253	3.7577496715243317	430
7	SWB	79	-2.5925	0.02044194322410189	-0.6938853757227371	0.021027835759552745	0.6089700132481977	-2.732560853259253	3.7577496715243317	430
7	SWB	80	-2.57125	0.021611965080258016	-0.6938853757227371	0.021027835759552745	0.6089700132481977	-2.732560853259253	3.7577496715243317	430
7	SWB	81	-2.55	0.022808565129165785	-0.6938853757227371	0.021027835759552745	0.6089700132481977	-2.732560853259253	3.7577496715243317	430
7	SWB	82	-2.5287499999999996	0.0240304831080501	-0.6938853757227371	0.021027835759552745	0.6089700132481977	-2.732560853259253	3.7577496715243317	430
7	SWB	83	-2.5075	0.02527650622933982	-0.6938853757227371	0.021027835759552745	0.6089700132481977	-2.732560853259253	3.7577496715243317	430
7	SWB	84	-2.48625	0.026545492662538632	-0.6938853757227371	0.021027835759552745	0.6089700132481977	-2.732560853259253	3.7577496715243317	430
7	SWB	85	-2.465	0.027836395744008636	-0.6938853757227371	0.021027835759552745	0.6089700132481977	-2.732560853259253	3.7577496715243317	430
7	SWB	86	-2.4437499999999996	0.0291482888446925	-0.6938853757227371	0.021027835759552745	0.6089700132481977	-2.732560853259253	3.7577496715243317	430
7	SWB	87	-2.4225	0.03048039081164236	-0.6938853757227371	0.021027835759552745	0.6089700132481977	-2.732560853259253	3.7577496715243317	430
7	SWB	88	-2.40125	0.03183209187486591	-0.6938853757227371	0.021027835759552745	0.6089700132481977	-2.732560853259253	3.7577496715243317	430
7	SWB	89	-2.38	0.033202979875073355	-0.6938853757227371	0.021027835759552745	0.6089700132481977	-2.732560853259253	3.7577496715243317	430
7	SWB	90	-2.3587499999999997	0.0345928666196157	-0.6938853757227371	0.021027835759552745	0.6089700132481977	-2.732560853259253	3.7577496715243317	430
7	SWB	91	-2.3375	0.036001814113193545	-0.6938853757227371	0.021027835759552745	0.6089700132481977	-2.732560853259253	3.7577496715243317	430
7	SWB	92	-2.31625	0.0374301603376125	-0.6938853757227371	0.021027835759552745	0.6089700132481977	-2.732560853259253	3.7577496715243317	430
7	SWB	93	-2.295	0.03887854417277051	-0.6938853757227371	0.021027835759552745	0.6089700132481977	-2.732560853259253	3.7577496715243317	430
7	SWB	94	-2.2737499999999997	0.040347928961965616	-0.6938853757227371	0.021027835759552745	0.6089700132481977	-2.732560853259253	3.7577496715243317	430
7	SWB	95	-2.2525	0.04183962413224844	-0.6938853757227371	0.021027835759552745	0.6089700132481977	-2.732560853259253	3.7577496715243317	430
7	SWB	96	-2.2312499999999997	0.04335530418947865	-0.6938853757227371	0.021027835759552745	0.6089700132481977	-2.732560853259253	3.7577496715243317	430
7	SWB	97	-2.21	0.044897024323218564	-0.6938853757227371	0.021027835759552745	0.6089700132481977	-2.732560853259253	3.7577496715243317	430
7	SWB	98	-2.1887499999999998	0.046467231784298686	-0.6938853757227371	0.021027835759552745	0.6089700132481977	-2.732560853259253	3.7577496715243317	430
7	SWB	99	-2.1675	0.04806877214371673	-0.6938853757227371	0.021027835759552745	0.6089700132481977	-2.732560853259253	3.7577496715243317	430
7	SWB	100	-2.1462499999999998	0.04970488951134533	-0.6938853757227371	0.021027835759552745	0.6089700132481977	-2.732560853259253	3.7577496715243317	430
7	SWB	101	-2.125	0.051379219792276797	-0.6938853757227371	0.021027835759552745	0.6089700132481977	-2.732560853259253	3.7577496715243317	430
7	SWB	102	-2.10375	0.053095776092571545	-0.6938853757227371	0.021027835759552745	0.6089700132481977	-2.732560853259253	3.7577496715243317	430
7	SWB	103	-2.0825	0.05485892545898417	-0.6938853757227371	0.021027835759552745	0.6089700132481977	-2.732560853259253	3.7577496715243317	430
7	SWB	104	-2.06125	0.05667335625229399	-0.6938853757227371	0.021027835759552745	0.6089700132481977	-2.732560853259253	3.7577496715243317	430
7	SWB	105	-2.04	0.05854403561343309	-0.6938853757227371	0.021027835759552745	0.6089700132481977	-2.732560853259253	3.7577496715243317	430
7	SWB	106	-2.01875	0.060476156686701955	-0.6938853757227371	0.021027835759552745	0.6089700132481977	-2.732560853259253	3.7577496715243317	430
7	SWB	107	-1.9975	0.06247507551455637	-0.6938853757227371	0.021027835759552745	0.6089700132481977	-2.732560853259253	3.7577496715243317	430
7	SWB	108	-1.9762499999999998	0.06454623781173437	-0.6938853757227371	0.021027835759552745	0.6089700132481977	-2.732560853259253	3.7577496715243317	430
7	SWB	109	-1.9549999999999996	0.06669509615899254	-0.6938853757227371	0.021027835759552745	0.6089700132481977	-2.732560853259253	3.7577496715243317	430
7	SWB	110	-1.9337499999999999	0.06892701852258397	-0.6938853757227371	0.021027835759552745	0.6089700132481977	-2.732560853259253	3.7577496715243317	430
7	SWB	111	-1.9124999999999996	0.07124718939667837	-0.6938853757227371	0.021027835759552745	0.6089700132481977	-2.732560853259253	3.7577496715243317	430
7	SWB	112	-1.8912499999999999	0.07366050527162211	-0.6938853757227371	0.021027835759552745	0.6089700132481977	-2.732560853259253	3.7577496715243317	430
7	SWB	113	-1.8699999999999997	0.07617146653809381	-0.6938853757227371	0.021027835759552745	0.6089700132481977	-2.732560853259253	3.7577496715243317	430
7	SWB	114	-1.84875	0.07878406833005724	-0.6938853757227371	0.021027835759552745	0.6089700132481977	-2.732560853259253	3.7577496715243317	430
7	SWB	115	-1.8274999999999997	0.08150169316972264	-0.6938853757227371	0.021027835759552745	0.6089700132481977	-2.732560853259253	3.7577496715243317	430
7	SWB	116	-1.80625	0.08432700858518506	-0.6938853757227371	0.021027835759552745	0.6089700132481977	-2.732560853259253	3.7577496715243317	430
7	SWB	117	-1.7849999999999997	0.08726187310419976	-0.6938853757227371	0.021027835759552745	0.6089700132481977	-2.732560853259253	3.7577496715243317	430
7	SWB	118	-1.76375	0.09030725416327784	-0.6938853757227371	0.021027835759552745	0.6089700132481977	-2.732560853259253	3.7577496715243317	430
7	SWB	119	-1.7424999999999997	0.09346316148814968	-0.6938853757227371	0.021027835759552745	0.6089700132481977	-2.732560853259253	3.7577496715243317	430
7	SWB	120	-1.72125	0.09672859937979689	-0.6938853757227371	0.021027835759552745	0.6089700132481977	-2.732560853259253	3.7577496715243317	430
7	SWB	121	-1.6999999999999997	0.10010154106355175	-0.6938853757227371	0.021027835759552745	0.6089700132481977	-2.732560853259253	3.7577496715243317	430
7	SWB	122	-1.67875	0.10357892781631951	-0.6938853757227371	0.021027835759552745	0.6089700132481977	-2.732560853259253	3.7577496715243317	430
7	SWB	123	-1.6574999999999998	0.10715669497497254	-0.6938853757227371	0.021027835759552745	0.6089700132481977	-2.732560853259253	3.7577496715243317	430
7	SWB	124	-1.63625	0.11082982615210911	-0.6938853757227371	0.021027835759552745	0.6089700132481977	-2.732560853259253	3.7577496715243317	430
7	SWB	125	-1.6149999999999998	0.11459243605809814	-0.6938853757227371	0.021027835759552745	0.6089700132481977	-2.732560853259253	3.7577496715243317	430
7	SWB	126	-1.59375	0.11843788127552461	-0.6938853757227371	0.021027835759552745	0.6089700132481977	-2.732560853259253	3.7577496715243317	430
7	SWB	127	-1.5724999999999998	0.12235889718927556	-0.6938853757227371	0.021027835759552745	0.6089700132481977	-2.732560853259253	3.7577496715243317	430
7	SWB	128	-1.55125	0.1263477580878934	-0.6938853757227371	0.021027835759552745	0.6089700132481977	-2.732560853259253	3.7577496715243317	430
7	SWB	129	-1.5299999999999998	0.1303964562733472	-0.6938853757227371	0.021027835759552745	0.6089700132481977	-2.732560853259253	3.7577496715243317	430
7	SWB	130	-1.5087499999999996	0.1344968949072259	-0.6938853757227371	0.021027835759552745	0.6089700132481977	-2.732560853259253	3.7577496715243317	430
7	SWB	131	-1.4874999999999998	0.13864108834506544	-0.6938853757227371	0.021027835759552745	0.6089700132481977	-2.732560853259253	3.7577496715243317	430
7	SWB	132	-1.4662499999999996	0.14282136293047346	-0.6938853757227371	0.021027835759552745	0.6089700132481977	-2.732560853259253	3.7577496715243317	430
7	SWB	133	-1.4449999999999998	0.1470305506961643	-0.6938853757227371	0.021027835759552745	0.6089700132481977	-2.732560853259253	3.7577496715243317	430
7	SWB	134	-1.4237499999999996	0.15126216820093794	-0.6938853757227371	0.021027835759552745	0.6089700132481977	-2.732560853259253	3.7577496715243317	430
7	SWB	135	-1.4024999999999999	0.15551057285872502	-0.6938853757227371	0.021027835759552745	0.6089700132481977	-2.732560853259253	3.7577496715243317	430
7	SWB	136	-1.3812499999999996	0.1597710896108629	-0.6938853757227371	0.021027835759552745	0.6089700132481977	-2.732560853259253	3.7577496715243317	430
7	SWB	137	-1.3599999999999999	0.1640401016597247	-0.6938853757227371	0.021027835759552745	0.6089700132481977	-2.732560853259253	3.7577496715243317	430
7	SWB	138	-1.3387499999999997	0.1683151002039776	-0.6938853757227371	0.021027835759552745	0.6089700132481977	-2.732560853259253	3.7577496715243317	430
7	SWB	139	-1.3175	0.17259468965487498	-0.6938853757227371	0.021027835759552745	0.6089700132481977	-2.732560853259253	3.7577496715243317	430
7	SWB	140	-1.2962499999999997	0.17687854661020483	-0.6938853757227371	0.021027835759552745	0.6089700132481977	-2.732560853259253	3.7577496715243317	430
7	SWB	141	-1.275	0.1811673328401778	-0.6938853757227371	0.021027835759552745	0.6089700132481977	-2.732560853259253	3.7577496715243317	430
7	SWB	142	-1.2537499999999997	0.18546256460484659	-0.6938853757227371	0.021027835759552745	0.6089700132481977	-2.732560853259253	3.7577496715243317	430
7	SWB	143	-1.2325	0.189766442672251	-0.6938853757227371	0.021027835759552745	0.6089700132481977	-2.732560853259253	3.7577496715243317	430
7	SWB	144	-1.2112499999999997	0.19408164933229977	-0.6938853757227371	0.021027835759552745	0.6089700132481977	-2.732560853259253	3.7577496715243317	430
7	SWB	145	-1.19	0.19841112039674466	-0.6938853757227371	0.021027835759552745	0.6089700132481977	-2.732560853259253	3.7577496715243317	430
7	SWB	146	-1.1687499999999997	0.20275780154206738	-0.6938853757227371	0.021027835759552745	0.6089700132481977	-2.732560853259253	3.7577496715243317	430
7	SWB	147	-1.1475	0.2071243993056109	-0.6938853757227371	0.021027835759552745	0.6089700132481977	-2.732560853259253	3.7577496715243317	430
7	SWB	148	-1.1262499999999998	0.21151313752216555	-0.6938853757227371	0.021027835759552745	0.6089700132481977	-2.732560853259253	3.7577496715243317	430
7	SWB	149	-1.105	0.21592552994955072	-0.6938853757227371	0.021027835759552745	0.6089700132481977	-2.732560853259253	3.7577496715243317	430
7	SWB	150	-1.0837499999999998	0.2203621792668449	-0.6938853757227371	0.021027835759552745	0.6089700132481977	-2.732560853259253	3.7577496715243317	430
7	SWB	151	-1.0624999999999996	0.2248226115566326	-0.6938853757227371	0.021027835759552745	0.6089700132481977	-2.732560853259253	3.7577496715243317	430
7	SWB	152	-1.0412499999999998	0.22930515385113476	-0.6938853757227371	0.021027835759552745	0.6089700132481977	-2.732560853259253	3.7577496715243317	430
7	SWB	153	-1.0199999999999996	0.23380686040639992	-0.6938853757227371	0.021027835759552745	0.6089700132481977	-2.732560853259253	3.7577496715243317	430
7	SWB	154	-0.9987499999999998	0.2383234911667705	-0.6938853757227371	0.021027835759552745	0.6089700132481977	-2.732560853259253	3.7577496715243317	430
7	SWB	155	-0.9774999999999996	0.24284954350875226	-0.6938853757227371	0.021027835759552745	0.6089700132481977	-2.732560853259253	3.7577496715243317	430
7	SWB	156	-0.9562499999999998	0.2473783359346307	-0.6938853757227371	0.021027835759552745	0.6089700132481977	-2.732560853259253	3.7577496715243317	430
7	SWB	157	-0.9349999999999996	0.25190214004991296	-0.6938853757227371	0.021027835759552745	0.6089700132481977	-2.732560853259253	3.7577496715243317	430
7	SWB	158	-0.9137499999999998	0.25641235502805737	-0.6938853757227371	0.021027835759552745	0.6089700132481977	-2.732560853259253	3.7577496715243317	430
7	SWB	159	-0.8924999999999996	0.2608997169514858	-0.6938853757227371	0.021027835759552745	0.6089700132481977	-2.732560853259253	3.7577496715243317	430
7	SWB	160	-0.8712499999999999	0.265354534010742	-0.6938853757227371	0.021027835759552745	0.6089700132481977	-2.732560853259253	3.7577496715243317	430
7	SWB	161	-0.8499999999999996	0.26976693761035764	-0.6938853757227371	0.021027835759552745	0.6089700132481977	-2.732560853259253	3.7577496715243317	430
7	SWB	162	-0.8287499999999999	0.2741271390084891	-0.6938853757227371	0.021027835759552745	0.6089700132481977	-2.732560853259253	3.7577496715243317	430
7	SWB	163	-0.8074999999999997	0.2784256812153665	-0.6938853757227371	0.021027835759552745	0.6089700132481977	-2.732560853259253	3.7577496715243317	430
7	SWB	164	-0.7862499999999999	0.28265367647053385	-0.6938853757227371	0.021027835759552745	0.6089700132481977	-2.732560853259253	3.7577496715243317	430
7	SWB	165	-0.7649999999999997	0.28680302066023017	-0.6938853757227371	0.021027835759552745	0.6089700132481977	-2.732560853259253	3.7577496715243317	430
7	SWB	166	-0.7437499999999999	0.29086657744934546	-0.6938853757227371	0.021027835759552745	0.6089700132481977	-2.732560853259253	3.7577496715243317	430
7	SWB	167	-0.7224999999999997	0.294838326593851	-0.6938853757227371	0.021027835759552745	0.6089700132481977	-2.732560853259253	3.7577496715243317	430
7	SWB	168	-0.7012499999999999	0.29871347276372295	-0.6938853757227371	0.021027835759552745	0.6089700132481977	-2.732560853259253	3.7577496715243317	430
7	SWB	169	-0.6799999999999997	0.30248851313226366	-0.6938853757227371	0.021027835759552745	0.6089700132481977	-2.732560853259253	3.7577496715243317	430
7	SWB	170	-0.65875	0.3061612638664155	-0.6938853757227371	0.021027835759552745	0.6089700132481977	-2.732560853259253	3.7577496715243317	430
7	SWB	171	-0.6374999999999997	0.3097308473836849	-0.6938853757227371	0.021027835759552745	0.6089700132481977	-2.732560853259253	3.7577496715243317	430
7	SWB	172	-0.6162499999999995	0.3131976437386892	-0.6938853757227371	0.021027835759552745	0.6089700132481977	-2.732560853259253	3.7577496715243317	430
7	SWB	173	-0.5949999999999998	0.3165632106991864	-0.6938853757227371	0.021027835759552745	0.6089700132481977	-2.732560853259253	3.7577496715243317	430
7	SWB	174	-0.5737499999999995	0.31983017792285456	-0.6938853757227371	0.021027835759552745	0.6089700132481977	-2.732560853259253	3.7577496715243317	430
7	SWB	175	-0.5524999999999998	0.3230021211309543	-0.6938853757227371	0.021027835759552745	0.6089700132481977	-2.732560853259253	3.7577496715243317	430
7	SWB	176	-0.5312499999999996	0.32608342229555737	-0.6938853757227371	0.021027835759552745	0.6089700132481977	-2.732560853259253	3.7577496715243317	430
7	SWB	177	-0.5099999999999998	0.3290791216374486	-0.6938853757227371	0.021027835759552745	0.6089700132481977	-2.732560853259253	3.7577496715243317	430
7	SWB	178	-0.4887499999999996	0.33199476671499084	-0.6938853757227371	0.021027835759552745	0.6089700132481977	-2.732560853259253	3.7577496715243317	430
7	SWB	179	-0.4674999999999998	0.33483626312809134	-0.6938853757227371	0.021027835759552745	0.6089700132481977	-2.732560853259253	3.7577496715243317	430
7	SWB	180	-0.4462499999999996	0.33760973043392917	-0.6938853757227371	0.021027835759552745	0.6089700132481977	-2.732560853259253	3.7577496715243317	430
7	SWB	181	-0.4249999999999998	0.34032136584565104	-0.6938853757227371	0.021027835759552745	0.6089700132481977	-2.732560853259253	3.7577496715243317	430
7	SWB	182	-0.4037499999999996	0.3429773172355829	-0.6938853757227371	0.021027835759552745	0.6089700132481977	-2.732560853259253	3.7577496715243317	430
7	SWB	183	-0.38249999999999984	0.34558356596036316	-0.6938853757227371	0.021027835759552745	0.6089700132481977	-2.732560853259253	3.7577496715243317	430
7	SWB	184	-0.3612499999999996	0.3481458191284777	-0.6938853757227371	0.021027835759552745	0.6089700132481977	-2.732560853259253	3.7577496715243317	430
7	SWB	185	-0.33999999999999986	0.3506694101919532	-0.6938853757227371	0.021027835759552745	0.6089700132481977	-2.732560853259253	3.7577496715243317	430
7	SWB	186	-0.31874999999999964	0.3531592062011573	-0.6938853757227371	0.021027835759552745	0.6089700132481977	-2.732560853259253	3.7577496715243317	430
7	SWB	187	-0.2974999999999999	0.3556195197385973	-0.6938853757227371	0.021027835759552745	0.6089700132481977	-2.732560853259253	3.7577496715243317	430
7	SWB	188	-0.27624999999999966	0.3580540234536189	-0.6938853757227371	0.021027835759552745	0.6089700132481977	-2.732560853259253	3.7577496715243317	430
7	SWB	189	-0.2549999999999999	0.36046566525067975	-0.6938853757227371	0.021027835759552745	0.6089700132481977	-2.732560853259253	3.7577496715243317	430
7	SWB	190	-0.23374999999999968	0.36285658252257597	-0.6938853757227371	0.021027835759552745	0.6089700132481977	-2.732560853259253	3.7577496715243317	430
7	SWB	191	-0.21249999999999947	0.3652280143391901	-0.6938853757227371	0.021027835759552745	0.6089700132481977	-2.732560853259253	3.7577496715243317	430
7	SWB	192	-0.19125000000000014	0.36758021116583856	-0.6938853757227371	0.021027835759552745	0.6089700132481977	-2.732560853259253	3.7577496715243317	430
7	SWB	193	-0.16999999999999993	0.3699123424508679	-0.6938853757227371	0.021027835759552745	0.6089700132481977	-2.732560853259253	3.7577496715243317	430
7	SWB	194	-0.14874999999999972	0.37222240324321454	-0.6938853757227371	0.021027835759552745	0.6089700132481977	-2.732560853259253	3.7577496715243317	430
7	SWB	195	-0.1274999999999995	0.3745071218292071	-0.6938853757227371	0.021027835759552745	0.6089700132481977	-2.732560853259253	3.7577496715243317	430
7	SWB	196	-0.10624999999999929	0.3767618711659518	-0.6938853757227371	0.021027835759552745	0.6089700132481977	-2.732560853259253	3.7577496715243317	430
7	SWB	197	-0.08499999999999996	0.3789805875907146	-0.6938853757227371	0.021027835759552745	0.6089700132481977	-2.732560853259253	3.7577496715243317	430
7	SWB	198	-0.06374999999999975	0.38115570085994144	-0.6938853757227371	0.021027835759552745	0.6089700132481977	-2.732560853259253	3.7577496715243317	430
7	SWB	199	-0.04249999999999954	0.38327807998174634	-0.6938853757227371	0.021027835759552745	0.6089700132481977	-2.732560853259253	3.7577496715243317	430
7	SWB	200	-0.021249999999999325	0.3853369995220653	-0.6938853757227371	0.021027835759552745	0.6089700132481977	-2.732560853259253	3.7577496715243317	430
7	SWB	201	0.0	0.38732013106531993	-0.6938853757227371	0.021027835759552745	0.6089700132481977	-2.732560853259253	3.7577496715243317	430
7	SWB	202	0.021250000000000213	0.3892135642819532	-0.6938853757227371	0.021027835759552745	0.6089700132481977	-2.732560853259253	3.7577496715243317	430
7	SWB	203	0.042500000000000426	0.39100186159350075	-0.6938853757227371	0.021027835759552745	0.6089700132481977	-2.732560853259253	3.7577496715243317	430
7	SWB	204	0.06375000000000064	0.39266814973634073	-0.6938853757227371	0.021027835759552745	0.6089700132481977	-2.732560853259253	3.7577496715243317	430
7	SWB	205	0.08499999999999996	0.39419425062332214	-0.6938853757227371	0.021027835759552745	0.6089700132481977	-2.732560853259253	3.7577496715243317	430
7	SWB	206	0.10625000000000018	0.3955608528128623	-0.6938853757227371	0.021027835759552745	0.6089700132481977	-2.732560853259253	3.7577496715243317	430
7	SWB	207	0.1275000000000004	0.39674772365187994	-0.6938853757227371	0.021027835759552745	0.6089700132481977	-2.732560853259253	3.7577496715243317	430
7	SWB	208	0.1487500000000006	0.397733960804148	-0.6938853757227371	0.021027835759552745	0.6089700132481977	-2.732560853259253	3.7577496715243317	430
7	SWB	209	0.16999999999999993	0.39849828045831914	-0.6938853757227371	0.021027835759552745	0.6089700132481977	-2.732560853259253	3.7577496715243317	430
7	SWB	210	0.19125000000000014	0.399019338084195	-0.6938853757227371	0.021027835759552745	0.6089700132481977	-2.732560853259253	3.7577496715243317	430
7	SWB	211	0.21250000000000036	0.39927607622897104	-0.6938853757227371	0.021027835759552745	0.6089700132481977	-2.732560853259253	3.7577496715243317	430
7	SWB	212	0.23375000000000057	0.39924809257533783	-0.6938853757227371	0.021027835759552745	0.6089700132481977	-2.732560853259253	3.7577496715243317	430
7	SWB	213	0.2549999999999999	0.39891602037669427	-0.6938853757227371	0.021027835759552745	0.6089700132481977	-2.732560853259253	3.7577496715243317	430
7	SWB	214	0.2762500000000001	0.398261912493272	-0.6938853757227371	0.021027835759552745	0.6089700132481977	-2.732560853259253	3.7577496715243317	430
7	SWB	215	0.2975000000000003	0.3972696196216235	-0.6938853757227371	0.021027835759552745	0.6089700132481977	-2.732560853259253	3.7577496715243317	430
7	SWB	216	0.31875000000000053	0.39592515297445663	-0.6938853757227371	0.021027835759552745	0.6089700132481977	-2.732560853259253	3.7577496715243317	430
7	SWB	217	0.34000000000000075	0.3942170216524518	-0.6938853757227371	0.021027835759552745	0.6089700132481977	-2.732560853259253	3.7577496715243317	430
7	SWB	218	0.36125000000000007	0.3921365352662729	-0.6938853757227371	0.021027835759552745	0.6089700132481977	-2.732560853259253	3.7577496715243317	430
7	SWB	219	0.3825000000000003	0.3896780630131792	-0.6938853757227371	0.021027835759552745	0.6089700132481977	-2.732560853259253	3.7577496715243317	430
7	SWB	220	0.4037500000000005	0.38683924137253184	-0.6938853757227371	0.021027835759552745	0.6089700132481977	-2.732560853259253	3.7577496715243317	430
7	SWB	221	0.4250000000000007	0.38362112382858626	-0.6938853757227371	0.021027835759552745	0.6089700132481977	-2.732560853259253	3.7577496715243317	430
7	SWB	222	0.44625000000000004	0.3800282675154296	-0.6938853757227371	0.021027835759552745	0.6089700132481977	-2.732560853259253	3.7577496715243317	430
7	SWB	223	0.46750000000000025	0.37606875335575946	-0.6938853757227371	0.021027835759552745	0.6089700132481977	-2.732560853259253	3.7577496715243317	430
7	SWB	224	0.48875000000000046	0.37175413807217167	-0.6938853757227371	0.021027835759552745	0.6089700132481977	-2.732560853259253	3.7577496715243317	430
7	SWB	225	0.5100000000000007	0.36709933832147434	-0.6938853757227371	0.021027835759552745	0.6089700132481977	-2.732560853259253	3.7577496715243317	430
7	SWB	226	0.53125	0.36212244907185104	-0.6938853757227371	0.021027835759552745	0.6089700132481977	-2.732560853259253	3.7577496715243317	430
7	SWB	227	0.5525000000000002	0.3568445001430644	-0.6938853757227371	0.021027835759552745	0.6089700132481977	-2.732560853259253	3.7577496715243317	430
7	SWB	228	0.5737500000000004	0.3512891564989337	-0.6938853757227371	0.021027835759552745	0.6089700132481977	-2.732560853259253	3.7577496715243317	430
7	SWB	229	0.5950000000000006	0.3454823693634038	-0.6938853757227371	0.021027835759552745	0.6089700132481977	-2.732560853259253	3.7577496715243317	430
7	SWB	230	0.61625	0.33945198647996894	-0.6938853757227371	0.021027835759552745	0.6089700132481977	-2.732560853259253	3.7577496715243317	430
7	SWB	231	0.6375000000000002	0.3332273308129323	-0.6938853757227371	0.021027835759552745	0.6089700132481977	-2.732560853259253	3.7577496715243317	430
7	SWB	232	0.6587500000000004	0.3268387576736065	-0.6938853757227371	0.021027835759552745	0.6089700132481977	-2.732560853259253	3.7577496715243317	430
7	SWB	233	0.6800000000000006	0.32031720063260516	-0.6938853757227371	0.021027835759552745	0.6089700132481977	-2.732560853259253	3.7577496715243317	430
7	SWB	234	0.7012499999999999	0.31369371665015894	-0.6938853757227371	0.021027835759552745	0.6089700132481977	-2.732560853259253	3.7577496715243317	430
7	SWB	235	0.7225000000000001	0.30699904062989913	-0.6938853757227371	0.021027835759552745	0.6089700132481977	-2.732560853259253	3.7577496715243317	430
7	SWB	236	0.7437500000000004	0.3002631590973044	-0.6938853757227371	0.021027835759552745	0.6089700132481977	-2.732560853259253	3.7577496715243317	430
7	SWB	237	0.7650000000000006	0.2935149119492552	-0.6938853757227371	0.021027835759552745	0.6089700132481977	-2.732560853259253	3.7577496715243317	430
7	SWB	238	0.7862500000000008	0.286781630249088	-0.6938853757227371	0.021027835759552745	0.6089700132481977	-2.732560853259253	3.7577496715243317	430
7	SWB	239	0.8075000000000001	0.2800888168893823	-0.6938853757227371	0.021027835759552745	0.6089700132481977	-2.732560853259253	3.7577496715243317	430
7	SWB	240	0.8287500000000003	0.2734598756520498	-0.6938853757227371	0.021027835759552745	0.6089700132481977	-2.732560853259253	3.7577496715243317	430
7	SWB	241	0.8500000000000005	0.2669158928024789	-0.6938853757227371	0.021027835759552745	0.6089700132481977	-2.732560853259253	3.7577496715243317	430
7	SWB	242	0.8712500000000007	0.26047547390140646	-0.6938853757227371	0.021027835759552745	0.6089700132481977	-2.732560853259253	3.7577496715243317	430
7	SWB	243	0.8925000000000001	0.2541546370436173	-0.6938853757227371	0.021027835759552745	0.6089700132481977	-2.732560853259253	3.7577496715243317	430
7	SWB	244	0.9137500000000003	0.2479667622732727	-0.6938853757227371	0.021027835759552745	0.6089700132481977	-2.732560853259253	3.7577496715243317	430
7	SWB	245	0.9350000000000005	0.24192259551651568	-0.6938853757227371	0.021027835759552745	0.6089700132481977	-2.732560853259253	3.7577496715243317	430
7	SWB	246	0.9562500000000007	0.2360303040455781	-0.6938853757227371	0.021027835759552745	0.6089700132481977	-2.732560853259253	3.7577496715243317	430
7	SWB	247	0.9775	0.23029557927548133	-0.6938853757227371	0.021027835759552745	0.6089700132481977	-2.732560853259253	3.7577496715243317	430
7	SWB	248	0.9987500000000002	0.2247217816229592	-0.6938853757227371	0.021027835759552745	0.6089700132481977	-2.732560853259253	3.7577496715243317	430
7	SWB	249	1.0200000000000005	0.21931012125358249	-0.6938853757227371	0.021027835759552745	0.6089700132481977	-2.732560853259253	3.7577496715243317	430
7	SWB	250	1.0412500000000007	0.21405986783073355	-0.6938853757227371	0.021027835759552745	0.6089700132481977	-2.732560853259253	3.7577496715243317	430
7	SWB	251	1.0625	0.2089685818794935	-0.6938853757227371	0.021027835759552745	0.6089700132481977	-2.732560853259253	3.7577496715243317	430
7	SWB	252	1.0837500000000002	0.20403236010589607	-0.6938853757227371	0.021027835759552745	0.6089700132481977	-2.732560853259253	3.7577496715243317	430
7	SWB	253	1.1050000000000004	0.19924608697867857	-0.6938853757227371	0.021027835759552745	0.6089700132481977	-2.732560853259253	3.7577496715243317	430
7	SWB	254	1.1262500000000006	0.19460368509151152	-0.6938853757227371	0.021027835759552745	0.6089700132481977	-2.732560853259253	3.7577496715243317	430
7	SWB	255	1.1475	0.19009835727619884	-0.6938853757227371	0.021027835759552745	0.6089700132481977	-2.732560853259253	3.7577496715243317	430
7	SWB	256	1.1687500000000002	0.18572281412038685	-0.6938853757227371	0.021027835759552745	0.6089700132481977	-2.732560853259253	3.7577496715243317	430
7	SWB	257	1.1900000000000004	0.18146948143658442	-0.6938853757227371	0.021027835759552745	0.6089700132481977	-2.732560853259253	3.7577496715243317	430
7	SWB	258	1.2112500000000006	0.1773306833026698	-0.6938853757227371	0.021027835759552745	0.6089700132481977	-2.732560853259253	3.7577496715243317	430
7	SWB	259	1.2325000000000008	0.1732987975083405	-0.6938853757227371	0.021027835759552745	0.6089700132481977	-2.732560853259253	3.7577496715243317	430
7	SWB	260	1.2537500000000001	0.16936638154932934	-0.6938853757227371	0.021027835759552745	0.6089700132481977	-2.732560853259253	3.7577496715243317	430
7	SWB	261	1.2750000000000004	0.16552626865719525	-0.6938853757227371	0.021027835759552745	0.6089700132481977	-2.732560853259253	3.7577496715243317	430
7	SWB	262	1.2962500000000006	0.16177163467813857	-0.6938853757227371	0.021027835759552745	0.6089700132481977	-2.732560853259253	3.7577496715243317	430
7	SWB	263	1.3175000000000008	0.1580960378589222	-0.6938853757227371	0.021027835759552745	0.6089700132481977	-2.732560853259253	3.7577496715243317	430
7	SWB	264	1.33875	0.1544934347026436	-0.6938853757227371	0.021027835759552745	0.6089700132481977	-2.732560853259253	3.7577496715243317	430
7	SWB	265	1.3600000000000003	0.1509581759678379	-0.6938853757227371	0.021027835759552745	0.6089700132481977	-2.732560853259253	3.7577496715243317	430
7	SWB	266	1.3812500000000005	0.14748498755574088	-0.6938853757227371	0.021027835759552745	0.6089700132481977	-2.732560853259253	3.7577496715243317	430
7	SWB	267	1.4025000000000007	0.14406894142856988	-0.6938853757227371	0.021027835759552745	0.6089700132481977	-2.732560853259253	3.7577496715243317	430
7	SWB	268	1.42375	0.14070542180661705	-0.6938853757227371	0.021027835759552745	0.6089700132481977	-2.732560853259253	3.7577496715243317	430
7	SWB	269	1.4450000000000003	0.13739009169971217	-0.6938853757227371	0.021027835759552745	0.6089700132481977	-2.732560853259253	3.7577496715243317	430
7	SWB	270	1.4662500000000005	0.13411886435193052	-0.6938853757227371	0.021027835759552745	0.6089700132481977	-2.732560853259253	3.7577496715243317	430
7	SWB	271	1.4875000000000007	0.13088788344620755	-0.6938853757227371	0.021027835759552745	0.6089700132481977	-2.732560853259253	3.7577496715243317	430
7	SWB	272	1.50875	0.1276935149718447	-0.6938853757227371	0.021027835759552745	0.6089700132481977	-2.732560853259253	3.7577496715243317	430
7	SWB	273	1.5300000000000002	0.1245323525593132	-0.6938853757227371	0.021027835759552745	0.6089700132481977	-2.732560853259253	3.7577496715243317	430
7	SWB	274	1.5512500000000005	0.12140123689934336	-0.6938853757227371	0.021027835759552745	0.6089700132481977	-2.732560853259253	3.7577496715243317	430
7	SWB	275	1.5725000000000007	0.11829728865833408	-0.6938853757227371	0.021027835759552745	0.6089700132481977	-2.732560853259253	3.7577496715243317	430
7	SWB	276	1.59375	0.11521795315212842	-0.6938853757227371	0.021027835759552745	0.6089700132481977	-2.732560853259253	3.7577496715243317	430
7	SWB	277	1.6150000000000002	0.11216105401409263	-0.6938853757227371	0.021027835759552745	0.6089700132481977	-2.732560853259253	3.7577496715243317	430
7	SWB	278	1.6362500000000004	0.10912485225248257	-0.6938853757227371	0.021027835759552745	0.6089700132481977	-2.732560853259253	3.7577496715243317	430
7	SWB	279	1.6575000000000006	0.10610810648596507	-0.6938853757227371	0.021027835759552745	0.6089700132481977	-2.732560853259253	3.7577496715243317	430
7	SWB	280	1.6787500000000009	0.10311012981004336	-0.6938853757227371	0.021027835759552745	0.6089700132481977	-2.732560853259253	3.7577496715243317	430
7	SWB	281	1.7000000000000002	0.10013083869950948	-0.6938853757227371	0.021027835759552745	0.6089700132481977	-2.732560853259253	3.7577496715243317	430
7	SWB	282	1.7212500000000004	0.09717078959383024	-0.6938853757227371	0.021027835759552745	0.6089700132481977	-2.732560853259253	3.7577496715243317	430
7	SWB	283	1.7425000000000006	0.09423119932702546	-0.6938853757227371	0.021027835759552745	0.6089700132481977	-2.732560853259253	3.7577496715243317	430
7	SWB	284	1.7637500000000008	0.09131394631848225	-0.6938853757227371	0.021027835759552745	0.6089700132481977	-2.732560853259253	3.7577496715243317	430
7	SWB	285	1.7850000000000001	0.08842155038979632	-0.6938853757227371	0.021027835759552745	0.6089700132481977	-2.732560853259253	3.7577496715243317	430
7	SWB	286	1.8062500000000004	0.08555713015798645	-0.6938853757227371	0.021027835759552745	0.6089700132481977	-2.732560853259253	3.7577496715243317	430
7	SWB	287	1.8275000000000006	0.08272433811323172	-0.6938853757227371	0.021027835759552745	0.6089700132481977	-2.732560853259253	3.7577496715243317	430
7	SWB	288	1.8487500000000008	0.07992727465265816	-0.6938853757227371	0.021027835759552745	0.6089700132481977	-2.732560853259253	3.7577496715243317	430
7	SWB	289	1.87	0.07717038344497222	-0.6938853757227371	0.021027835759552745	0.6089700132481977	-2.732560853259253	3.7577496715243317	430
7	SWB	290	1.8912500000000003	0.0744583314833222	-0.6938853757227371	0.021027835759552745	0.6089700132481977	-2.732560853259253	3.7577496715243317	430
7	SWB	291	1.9125000000000005	0.07179587799368264	-0.6938853757227371	0.021027835759552745	0.6089700132481977	-2.732560853259253	3.7577496715243317	430
7	SWB	292	1.9337500000000007	0.06918773696259713	-0.6938853757227371	0.021027835759552745	0.6089700132481977	-2.732560853259253	3.7577496715243317	430
7	SWB	293	1.955	0.06663843840387026	-0.6938853757227371	0.021027835759552745	0.6089700132481977	-2.732560853259253	3.7577496715243317	430
7	SWB	294	1.9762500000000003	0.06415219358558848	-0.6938853757227371	0.021027835759552745	0.6089700132481977	-2.732560853259253	3.7577496715243317	430
7	SWB	295	1.9975000000000005	0.061732769287928944	-0.6938853757227371	0.021027835759552745	0.6089700132481977	-2.732560853259253	3.7577496715243317	430
7	SWB	296	2.0187500000000007	0.05938337577346023	-0.6938853757227371	0.021027835759552745	0.6089700132481977	-2.732560853259253	3.7577496715243317	430
7	SWB	297	2.04	0.057106572552037146	-0.6938853757227371	0.021027835759552745	0.6089700132481977	-2.732560853259253	3.7577496715243317	430
7	SWB	298	2.0612500000000002	0.054904195248894234	-0.6938853757227371	0.021027835759552745	0.6089700132481977	-2.732560853259253	3.7577496715243317	430
7	SWB	299	2.0825000000000005	0.052777305981445026	-0.6938853757227371	0.021027835759552745	0.6089700132481977	-2.732560853259253	3.7577496715243317	430
7	SWB	300	2.1037500000000007	0.05072616866636255	-0.6938853757227371	0.021027835759552745	0.6089700132481977	-2.732560853259253	3.7577496715243317	430
7	SWB	301	2.125000000000001	0.04875024966409655	-0.6938853757227371	0.021027835759552745	0.6089700132481977	-2.732560853259253	3.7577496715243317	430
7	SWB	302	2.14625	0.04684824317211306	-0.6938853757227371	0.021027835759552745	0.6089700132481977	-2.732560853259253	3.7577496715243317	430
7	SWB	303	2.1675000000000004	0.04501811984609554	-0.6938853757227371	0.021027835759552745	0.6089700132481977	-2.732560853259253	3.7577496715243317	430
7	SWB	304	2.1887500000000006	0.043257196299443114	-0.6938853757227371	0.021027835759552745	0.6089700132481977	-2.732560853259253	3.7577496715243317	430
7	SWB	305	2.210000000000001	0.04156222243740528	-0.6938853757227371	0.021027835759552745	0.6089700132481977	-2.732560853259253	3.7577496715243317	430
7	SWB	306	2.23125	0.03992948304622594	-0.6938853757227371	0.021027835759552745	0.6089700132481977	-2.732560853259253	3.7577496715243317	430
7	SWB	307	2.2525000000000004	0.03835490969370226	-0.6938853757227371	0.021027835759552745	0.6089700132481977	-2.732560853259253	3.7577496715243317	430
7	SWB	308	2.2737500000000006	0.03683419881044385	-0.6938853757227371	0.021027835759552745	0.6089700132481977	-2.732560853259253	3.7577496715243317	430
7	SWB	309	2.295000000000001	0.03536293180708533	-0.6938853757227371	0.021027835759552745	0.6089700132481977	-2.732560853259253	3.7577496715243317	430
7	SWB	310	2.31625	0.033936693230342846	-0.6938853757227371	0.021027835759552745	0.6089700132481977	-2.732560853259253	3.7577496715243317	430
7	SWB	311	2.3375000000000004	0.03255118325226857	-0.6938853757227371	0.021027835759552745	0.6089700132481977	-2.732560853259253	3.7577496715243317	430
7	SWB	312	2.3587500000000006	0.031202321199550867	-0.6938853757227371	0.021027835759552745	0.6089700132481977	-2.732560853259253	3.7577496715243317	430
7	SWB	313	2.380000000000001	0.029886337337059265	-0.6938853757227371	0.021027835759552745	0.6089700132481977	-2.732560853259253	3.7577496715243317	430
7	SWB	314	2.40125	0.0285998506940772	-0.6938853757227371	0.021027835759552745	0.6089700132481977	-2.732560853259253	3.7577496715243317	430
7	SWB	315	2.4225000000000003	0.027339931334529787	-0.6938853757227371	0.021027835759552745	0.6089700132481977	-2.732560853259253	3.7577496715243317	430
7	SWB	316	2.4437500000000005	0.026104146096803293	-0.6938853757227371	0.021027835759552745	0.6089700132481977	-2.732560853259253	3.7577496715243317	430
7	SWB	317	2.4650000000000007	0.0248905874394448	-0.6938853757227371	0.021027835759552745	0.6089700132481977	-2.732560853259253	3.7577496715243317	430
7	SWB	318	2.48625	0.023697885604211554	-0.6938853757227371	0.021027835759552745	0.6089700132481977	-2.732560853259253	3.7577496715243317	430
7	SWB	319	2.5075000000000003	0.022525204829393946	-0.6938853757227371	0.021027835759552745	0.6089700132481977	-2.732560853259253	3.7577496715243317	430
7	SWB	320	2.5287500000000005	0.02137222479994426	-0.6938853757227371	0.021027835759552745	0.6089700132481977	-2.732560853259253	3.7577496715243317	430
7	SWB	321	2.5500000000000007	0.02023910889677022	-0.6938853757227371	0.021027835759552745	0.6089700132481977	-2.732560853259253	3.7577496715243317	430
7	SWB	322	2.571250000000001	0.019126461099770075	-0.6938853757227371	0.021027835759552745	0.6089700132481977	-2.732560853259253	3.7577496715243317	430
7	SWB	323	2.5925000000000002	0.018035273605763315	-0.6938853757227371	0.021027835759552745	0.6089700132481977	-2.732560853259253	3.7577496715243317	430
7	SWB	324	2.6137500000000005	0.016966867344773744	-0.6938853757227371	0.021027835759552745	0.6089700132481977	-2.732560853259253	3.7577496715243317	430
7	SWB	325	2.6350000000000007	0.015922827620376757	-0.6938853757227371	0.021027835759552745	0.6089700132481977	-2.732560853259253	3.7577496715243317	430
7	SWB	326	2.656250000000001	0.014904937068560425	-0.6938853757227371	0.021027835759552745	0.6089700132481977	-2.732560853259253	3.7577496715243317	430
7	SWB	327	2.6775	0.013915108033022244	-0.6938853757227371	0.021027835759552745	0.6089700132481977	-2.732560853259253	3.7577496715243317	430
7	SWB	328	2.6987500000000004	0.012955316302447556	-0.6938853757227371	0.021027835759552745	0.6089700132481977	-2.732560853259253	3.7577496715243317	430
7	SWB	329	2.7200000000000006	0.012027537957168878	-0.6938853757227371	0.021027835759552745	0.6089700132481977	-2.732560853259253	3.7577496715243317	430
7	SWB	330	2.741250000000001	0.01113369083898177	-0.6938853757227371	0.021027835759552745	0.6089700132481977	-2.732560853259253	3.7577496715243317	430
7	SWB	331	2.7625	0.010275581898948912	-0.6938853757227371	0.021027835759552745	0.6089700132481977	-2.732560853259253	3.7577496715243317	430
7	SWB	332	2.7837500000000004	0.009454861403479994	-0.6938853757227371	0.021027835759552745	0.6089700132481977	-2.732560853259253	3.7577496715243317	430
7	SWB	333	2.8050000000000006	0.008672984697925646	-0.6938853757227371	0.021027835759552745	0.6089700132481977	-2.732560853259253	3.7577496715243317	430
7	SWB	334	2.826250000000001	0.00793118194768153	-0.6938853757227371	0.021027835759552745	0.6089700132481977	-2.732560853259253	3.7577496715243317	430
7	SWB	335	2.8475	0.0072304360068260595	-0.6938853757227371	0.021027835759552745	0.6089700132481977	-2.732560853259253	3.7577496715243317	430
7	SWB	336	2.8687500000000004	0.006571468310168609	-0.6938853757227371	0.021027835759552745	0.6089700132481977	-2.732560853259253	3.7577496715243317	430
7	SWB	337	2.8900000000000006	0.00595473245191942	-0.6938853757227371	0.021027835759552745	0.6089700132481977	-2.732560853259253	3.7577496715243317	430
7	SWB	338	2.911250000000001	0.005380414907754272	-0.6938853757227371	0.021027835759552745	0.6089700132481977	-2.732560853259253	3.7577496715243317	430
7	SWB	339	2.9325	0.004848442180707535	-0.6938853757227371	0.021027835759552745	0.6089700132481977	-2.732560853259253	3.7577496715243317	430
7	SWB	340	2.9537500000000003	0.00435849350807587	-0.6938853757227371	0.021027835759552745	0.6089700132481977	-2.732560853259253	3.7577496715243317	430
7	SWB	341	2.9750000000000005	0.0039100181584947975	-0.6938853757227371	0.021027835759552745	0.6089700132481977	-2.732560853259253	3.7577496715243317	430
7	SWB	342	2.9962500000000007	0.003502256276845679	-0.6938853757227371	0.021027835759552745	0.6089700132481977	-2.732560853259253	3.7577496715243317	430
7	SWB	343	3.017500000000001	0.0031342622000978533	-0.6938853757227371	0.021027835759552745	0.6089700132481977	-2.732560853259253	3.7577496715243317	430
7	SWB	344	3.0387500000000003	0.0028049291691697362	-0.6938853757227371	0.021027835759552745	0.6089700132481977	-2.732560853259253	3.7577496715243317	430
7	SWB	345	3.0600000000000005	0.002513014399129733	-0.6938853757227371	0.021027835759552745	0.6089700132481977	-2.732560853259253	3.7577496715243317	430
7	SWB	346	3.0812500000000007	0.002257163540426185	-0.6938853757227371	0.021027835759552745	0.6089700132481977	-2.732560853259253	3.7577496715243317	430
7	SWB	347	3.102500000000001	0.002035933664369967	-0.6938853757227371	0.021027835759552745	0.6089700132481977	-2.732560853259253	3.7577496715243317	430
7	SWB	348	3.1237500000000002	0.001847814033026828	-0.6938853757227371	0.021027835759552745	0.6089700132481977	-2.732560853259253	3.7577496715243317	430
7	SWB	349	3.1450000000000005	0.0016912440624817311	-0.6938853757227371	0.021027835759552745	0.6089700132481977	-2.732560853259253	3.7577496715243317	430
7	SWB	350	3.1662500000000007	0.0015646280539132243	-0.6938853757227371	0.021027835759552745	0.6089700132481977	-2.732560853259253	3.7577496715243317	430
7	SWB	351	3.187500000000001	0.001466346443281443	-0.6938853757227371	0.021027835759552745	0.6089700132481977	-2.732560853259253	3.7577496715243317	430
7	SWB	352	3.20875	0.0013947635014661993	-0.6938853757227371	0.021027835759552745	0.6089700132481977	-2.732560853259253	3.7577496715243317	430
7	SWB	353	3.2300000000000004	0.0013482315958827811	-0.6938853757227371	0.021027835759552745	0.6089700132481977	-2.732560853259253	3.7577496715243317	430
7	SWB	354	3.2512500000000006	0.001325092295349126	-0.6938853757227371	0.021027835759552745	0.6089700132481977	-2.732560853259253	3.7577496715243317	430
7	SWB	355	3.272500000000001	0.0013236747557889633	-0.6938853757227371	0.021027835759552745	0.6089700132481977	-2.732560853259253	3.7577496715243317	430
7	SWB	356	3.29375	0.0013422919590882266	-0.6938853757227371	0.021027835759552745	0.6089700132481977	-2.732560853259253	3.7577496715243317	430
7	SWB	357	3.3150000000000004	0.0013792354855197142	-0.6938853757227371	0.021027835759552745	0.6089700132481977	-2.732560853259253	3.7577496715243317	430
7	SWB	358	3.3362500000000006	0.001432769576889531	-0.6938853757227371	0.021027835759552745	0.6089700132481977	-2.732560853259253	3.7577496715243317	430
7	SWB	359	3.357500000000001	0.001501125289280234	-0.6938853757227371	0.021027835759552745	0.6089700132481977	-2.732560853259253	3.7577496715243317	430
7	SWB	360	3.37875	0.001582495538593039	-0.6938853757227371	0.021027835759552745	0.6089700132481977	-2.732560853259253	3.7577496715243317	430
7	SWB	361	3.4000000000000004	0.0016750318081063804	-0.6938853757227371	0.021027835759552745	0.6089700132481977	-2.732560853259253	3.7577496715243317	430
7	SWB	362	3.4212500000000006	0.001776843215640419	-0.6938853757227371	0.021027835759552745	0.6089700132481977	-2.732560853259253	3.7577496715243317	430
7	SWB	363	3.442500000000001	0.0018859985309712735	-0.6938853757227371	0.021027835759552745	0.6089700132481977	-2.732560853259253	3.7577496715243317	430
7	SWB	364	3.463750000000001	0.00200053159584732	-0.6938853757227371	0.021027835759552745	0.6089700132481977	-2.732560853259253	3.7577496715243317	430
7	SWB	365	3.4850000000000003	0.0021184504348558298	-0.6938853757227371	0.021027835759552745	0.6089700132481977	-2.732560853259253	3.7577496715243317	430
7	SWB	366	3.5062500000000005	0.002237750162390501	-0.6938853757227371	0.021027835759552745	0.6089700132481977	-2.732560853259253	3.7577496715243317	430
7	SWB	367	3.5275000000000007	0.0023564295971259565	-0.6938853757227371	0.021027835759552745	0.6089700132481977	-2.732560853259253	3.7577496715243317	430
7	SWB	368	3.548750000000001	0.0024725112995538337	-0.6938853757227371	0.021027835759552745	0.6089700132481977	-2.732560853259253	3.7577496715243317	430
7	SWB	369	3.5700000000000003	0.002584064559506701	-0.6938853757227371	0.021027835759552745	0.6089700132481977	-2.732560853259253	3.7577496715243317	430
7	SWB	370	3.5912500000000005	0.002689230688366225	-0.6938853757227371	0.021027835759552745	0.6089700132481977	-2.732560853259253	3.7577496715243317	430
7	SWB	371	3.6125000000000007	0.0027862498234680296	-0.6938853757227371	0.021027835759552745	0.6089700132481977	-2.732560853259253	3.7577496715243317	430
7	SWB	372	3.633750000000001	0.0028734883377334506	-0.6938853757227371	0.021027835759552745	0.6089700132481977	-2.732560853259253	3.7577496715243317	430
7	SWB	373	3.6550000000000002	0.0029494658720033884	-0.6938853757227371	0.021027835759552745	0.6089700132481977	-2.732560853259253	3.7577496715243317	430
7	SWB	374	3.6762500000000005	0.003012880975348745	-0.6938853757227371	0.021027835759552745	0.6089700132481977	-2.732560853259253	3.7577496715243317	430
7	SWB	375	3.6975000000000007	0.003062634352123912	-0.6938853757227371	0.021027835759552745	0.6089700132481977	-2.732560853259253	3.7577496715243317	430
7	SWB	376	3.718750000000001	0.00309784877379173	-0.6938853757227371	0.021027835759552745	0.6089700132481977	-2.732560853259253	3.7577496715243317	430
7	SWB	377	3.74	0.003117884816343769	-0.6938853757227371	0.021027835759552745	0.6089700132481977	-2.732560853259253	3.7577496715243317	430
7	SWB	378	3.7612500000000004	0.0031223517260016757	-0.6938853757227371	0.021027835759552745	0.6089700132481977	-2.732560853259253	3.7577496715243317	430
7	SWB	379	3.7825000000000006	0.003111112890329552	-0.6938853757227371	0.021027835759552745	0.6089700132481977	-2.732560853259253	3.7577496715243317	430
7	SWB	380	3.803750000000001	0.003084285590748811	-0.6938853757227371	0.021027835759552745	0.6089700132481977	-2.732560853259253	3.7577496715243317	430
7	SWB	381	3.825000000000001	0.0030422349263160248	-0.6938853757227371	0.021027835759552745	0.6089700132481977	-2.732560853259253	3.7577496715243317	430
7	SWB	382	3.8462500000000013	0.002985562017362905	-0.6938853757227371	0.021027835759552745	0.6089700132481977	-2.732560853259253	3.7577496715243317	430
7	SWB	383	3.8674999999999997	0.0029150868108944314	-0.6938853757227371	0.021027835759552745	0.6089700132481977	-2.732560853259253	3.7577496715243317	430
7	SWB	384	3.88875	0.0028318260075799163	-0.6938853757227371	0.021027835759552745	0.6089700132481977	-2.732560853259253	3.7577496715243317	430
7	SWB	385	3.91	0.0027369668037689797	-0.6938853757227371	0.021027835759552745	0.6089700132481977	-2.732560853259253	3.7577496715243317	430
7	SWB	386	3.9312500000000004	0.0026318372836442914	-0.6938853757227371	0.021027835759552745	0.6089700132481977	-2.732560853259253	3.7577496715243317	430
7	SWB	387	3.9525000000000006	0.002517874400606357	-0.6938853757227371	0.021027835759552745	0.6089700132481977	-2.732560853259253	3.7577496715243317	430
7	SWB	388	3.973750000000001	0.0023965905495547035	-0.6938853757227371	0.021027835759552745	0.6089700132481977	-2.732560853259253	3.7577496715243317	430
7	SWB	389	3.995000000000001	0.002269539751374171	-0.6938853757227371	0.021027835759552745	0.6089700132481977	-2.732560853259253	3.7577496715243317	430
7	SWB	390	4.016250000000001	0.0021382844483539107	-0.6938853757227371	0.021027835759552745	0.6089700132481977	-2.732560853259253	3.7577496715243317	430
7	SWB	391	4.037500000000001	0.002004363847245809	-0.6938853757227371	0.021027835759552745	0.6089700132481977	-2.732560853259253	3.7577496715243317	430
7	SWB	392	4.05875	0.0018692646498376772	-0.6938853757227371	0.021027835759552745	0.6089700132481977	-2.732560853259253	3.7577496715243317	430
7	SWB	393	4.08	0.0017343948854053166	-0.6938853757227371	0.021027835759552745	0.6089700132481977	-2.732560853259253	3.7577496715243317	430
7	SWB	394	4.10125	0.0016010614124389196	-0.6938853757227371	0.021027835759552745	0.6089700132481977	-2.732560853259253	3.7577496715243317	430
7	SWB	395	4.1225000000000005	0.0014704514964701454	-0.6938853757227371	0.021027835759552745	0.6089700132481977	-2.732560853259253	3.7577496715243317	430
7	SWB	396	4.143750000000001	0.001343618704688412	-0.6938853757227371	0.021027835759552745	0.6089700132481977	-2.732560853259253	3.7577496715243317	430
7	SWB	397	4.165000000000001	0.0012214731940857924	-0.6938853757227371	0.021027835759552745	0.6089700132481977	-2.732560853259253	3.7577496715243317	430
7	SWB	398	4.186250000000001	0.0011047763151973045	-0.6938853757227371	0.021027835759552745	0.6089700132481977	-2.732560853259253	3.7577496715243317	430
7	SWB	399	4.207500000000001	0.000994139314194818	-0.6938853757227371	0.021027835759552745	0.6089700132481977	-2.732560853259253	3.7577496715243317	430
7	SWB	400	4.22875	0.0008900257969882976	-0.6938853757227371	0.021027835759552745	0.6089700132481977	-2.732560853259253	3.7577496715243317	430
7	SWB	401	4.25	0.0007927575235284715	-0.6938853757227371	0.021027835759552745	0.6089700132481977	-2.732560853259253	3.7577496715243317	430
8	EA	1	-4.25	6.270082719347377e-08	-0.7176247071073559	-0.004316137835908569	0.6649213015048488	-2.866958858390048	3.5080043632695244	430
8	EA	2	-4.22875	8.719740223379588e-08	-0.7176247071073559	-0.004316137835908569	0.6649213015048488	-2.866958858390048	3.5080043632695244	430
8	EA	3	-4.2075	1.2064713812676442e-07	-0.7176247071073559	-0.004316137835908569	0.6649213015048488	-2.866958858390048	3.5080043632695244	430
8	EA	4	-4.18625	1.6607865495940894e-07	-0.7176247071073559	-0.004316137835908569	0.6649213015048488	-2.866958858390048	3.5080043632695244	430
8	EA	5	-4.165	2.274542528110284e-07	-0.7176247071073559	-0.004316137835908569	0.6649213015048488	-2.866958858390048	3.5080043632695244	430
8	EA	6	-4.14375	3.099259218864118e-07	-0.7176247071073559	-0.004316137835908569	0.6649213015048488	-2.866958858390048	3.5080043632695244	430
8	EA	7	-4.1225	4.2015110520259503e-07	-0.7176247071073559	-0.004316137835908569	0.6649213015048488	-2.866958858390048	3.5080043632695244	430
8	EA	8	-4.10125	5.666789513909397e-07	-0.7176247071073559	-0.004316137835908569	0.6649213015048488	-2.866958858390048	3.5080043632695244	430
8	EA	9	-4.08	7.604187855649467e-07	-0.7176247071073559	-0.004316137835908569	0.6649213015048488	-2.866958858390048	3.5080043632695244	430
8	EA	10	-4.05875	1.0152033212580284e-06	-0.7176247071073559	-0.004316137835908569	0.6649213015048488	-2.866958858390048	3.5080043632695244	430
8	EA	11	-4.0375	1.3484596254725534e-06	-0.7176247071073559	-0.004316137835908569	0.6649213015048488	-2.866958858390048	3.5080043632695244	430
8	EA	12	-4.01625	1.7820009006598492e-06	-0.7176247071073559	-0.004316137835908569	0.6649213015048488	-2.866958858390048	3.5080043632695244	430
8	EA	13	-3.995	2.3429516116379985e-06	-0.7176247071073559	-0.004316137835908569	0.6649213015048488	-2.866958858390048	3.5080043632695244	430
8	EA	14	-3.97375	3.0648171959843117e-06	-0.7176247071073559	-0.004316137835908569	0.6649213015048488	-2.866958858390048	3.5080043632695244	430
8	EA	15	-3.9525	3.988707377166149e-06	-0.7176247071073559	-0.004316137835908569	0.6649213015048488	-2.866958858390048	3.5080043632695244	430
8	EA	16	-3.93125	5.164718772661612e-06	-0.7176247071073559	-0.004316137835908569	0.6649213015048488	-2.866958858390048	3.5080043632695244	430
8	EA	17	-3.91	6.653477886015558e-06	-0.7176247071073559	-0.004316137835908569	0.6649213015048488	-2.866958858390048	3.5080043632695244	430
8	EA	18	-3.88875	8.52783954715443e-06	-0.7176247071073559	-0.004316137835908569	0.6649213015048488	-2.866958858390048	3.5080043632695244	430
8	EA	19	-3.8675	1.0874728314831626e-05	-0.7176247071073559	-0.004316137835908569	0.6649213015048488	-2.866958858390048	3.5080043632695244	430
8	EA	20	-3.84625	1.3797101234239416e-05	-0.7176247071073559	-0.004316137835908569	0.6649213015048488	-2.866958858390048	3.5080043632695244	430
8	EA	21	-3.825	1.741599968812697e-05	-0.7176247071073559	-0.004316137835908569	0.6649213015048488	-2.866958858390048	3.5080043632695244	430
8	EA	22	-3.80375	2.1872646030617345e-05	-0.7176247071073559	-0.004316137835908569	0.6649213015048488	-2.866958858390048	3.5080043632695244	430
8	EA	23	-3.7824999999999998	2.733052751250325e-05	-0.7176247071073559	-0.004316137835908569	0.6649213015048488	-2.866958858390048	3.5080043632695244	430
8	EA	24	-3.76125	3.397739610040254e-05	-0.7176247071073559	-0.004316137835908569	0.6649213015048488	-2.866958858390048	3.5080043632695244	430
8	EA	25	-3.74	4.202709872054123e-05	-0.7176247071073559	-0.004316137835908569	0.6649213015048488	-2.866958858390048	3.5080043632695244	430
8	EA	26	-3.71875	5.172113894374522e-05	-0.7176247071073559	-0.004316137835908569	0.6649213015048488	-2.866958858390048	3.5080043632695244	430
8	EA	27	-3.6975	6.332985905263719e-05	-0.7176247071073559	-0.004316137835908569	0.6649213015048488	-2.866958858390048	3.5080043632695244	430
8	EA	28	-3.67625	7.715312181967416e-05	-0.7176247071073559	-0.004316137835908569	0.6649213015048488	-2.866958858390048	3.5080043632695244	430
8	EA	29	-3.655	9.352036531455274e-05	-0.7176247071073559	-0.004316137835908569	0.6649213015048488	-2.866958858390048	3.5080043632695244	430
8	EA	30	-3.63375	0.00011278990286092844	-0.7176247071073559	-0.004316137835908569	0.6649213015048488	-2.866958858390048	3.5080043632695244	430
8	EA	31	-3.6125	0.00013534734509496328	-0.7176247071073559	-0.004316137835908569	0.6649213015048488	-2.866958858390048	3.5080043632695244	430
8	EA	32	-3.59125	0.00016160303309678613	-0.7176247071073559	-0.004316137835908569	0.6649213015048488	-2.866958858390048	3.5080043632695244	430
8	EA	33	-3.57	0.0001919883917726364	-0.7176247071073559	-0.004316137835908569	0.6649213015048488	-2.866958858390048	3.5080043632695244	430
8	EA	34	-3.54875	0.00022695114181136723	-0.7176247071073559	-0.004316137835908569	0.6649213015048488	-2.866958858390048	3.5080043632695244	430
8	EA	35	-3.5275	0.0002669493470218788	-0.7176247071073559	-0.004316137835908569	0.6649213015048488	-2.866958858390048	3.5080043632695244	430
8	EA	36	-3.50625	0.0003124443216206351	-0.7176247071073559	-0.004316137835908569	0.6649213015048488	-2.866958858390048	3.5080043632695244	430
8	EA	37	-3.485	0.0003638924784769467	-0.7176247071073559	-0.004316137835908569	0.6649213015048488	-2.866958858390048	3.5080043632695244	430
8	EA	38	-3.46375	0.00042173626321307647	-0.7176247071073559	-0.004316137835908569	0.6649213015048488	-2.866958858390048	3.5080043632695244	430
8	EA	39	-3.4425	0.00048639438850285236	-0.7176247071073559	-0.004316137835908569	0.6649213015048488	-2.866958858390048	3.5080043632695244	430
8	EA	40	-3.4212499999999997	0.0005582516553409798	-0.7176247071073559	-0.004316137835908569	0.6649213015048488	-2.866958858390048	3.5080043632695244	430
8	EA	41	-3.4	0.0006376487202394199	-0.7176247071073559	-0.004316137835908569	0.6649213015048488	-2.866958858390048	3.5080043632695244	430
8	EA	42	-3.37875	0.0007248722354469465	-0.7176247071073559	-0.004316137835908569	0.6649213015048488	-2.866958858390048	3.5080043632695244	430
8	EA	43	-3.3575	0.0008201458491405412	-0.7176247071073559	-0.004316137835908569	0.6649213015048488	-2.866958858390048	3.5080043632695244	430
8	EA	44	-3.3362499999999997	0.0009236225995964144	-0.7176247071073559	-0.004316137835908569	0.6649213015048488	-2.866958858390048	3.5080043632695244	430
8	EA	45	-3.315	0.0010353792670732083	-0.7176247071073559	-0.004316137835908569	0.6649213015048488	-2.866958858390048	3.5080043632695244	430
8	EA	46	-3.29375	0.0011554132552202261	-0.7176247071073559	-0.004316137835908569	0.6649213015048488	-2.866958858390048	3.5080043632695244	430
8	EA	47	-3.2725	0.0012836425564733225	-0.7176247071073559	-0.004316137835908569	0.6649213015048488	-2.866958858390048	3.5080043632695244	430
8	EA	48	-3.2512499999999998	0.0014199093101605303	-0.7176247071073559	-0.004316137835908569	0.6649213015048488	-2.866958858390048	3.5080043632695244	430
8	EA	49	-3.23	0.001563987386069491	-0.7176247071073559	-0.004316137835908569	0.6649213015048488	-2.866958858390048	3.5080043632695244	430
8	EA	50	-3.20875	0.0017155943195734627	-0.7176247071073559	-0.004316137835908569	0.6649213015048488	-2.866958858390048	3.5080043632695244	430
8	EA	51	-3.1875	0.0018744077882121087	-0.7176247071073559	-0.004316137835908569	0.6649213015048488	-2.866958858390048	3.5080043632695244	430
8	EA	52	-3.16625	0.0020400866567515867	-0.7176247071073559	-0.004316137835908569	0.6649213015048488	-2.866958858390048	3.5080043632695244	430
8	EA	53	-3.145	0.0022122964328620013	-0.7176247071073559	-0.004316137835908569	0.6649213015048488	-2.866958858390048	3.5080043632695244	430
8	EA	54	-3.1237500000000002	0.0023907387750316134	-0.7176247071073559	-0.004316137835908569	0.6649213015048488	-2.866958858390048	3.5080043632695244	430
8	EA	55	-3.1025	0.0025751844861260603	-0.7176247071073559	-0.004316137835908569	0.6649213015048488	-2.866958858390048	3.5080043632695244	430
8	EA	56	-3.08125	0.0027655092193136044	-0.7176247071073559	-0.004316137835908569	0.6649213015048488	-2.866958858390048	3.5080043632695244	430
8	EA	57	-3.0599999999999996	0.0029617309280180405	-0.7176247071073559	-0.004316137835908569	0.6649213015048488	-2.866958858390048	3.5080043632695244	430
8	EA	58	-3.03875	0.0031640479186454593	-0.7176247071073559	-0.004316137835908569	0.6649213015048488	-2.866958858390048	3.5080043632695244	430
8	EA	59	-3.0175	0.0033728762244394834	-0.7176247071073559	-0.004316137835908569	0.6649213015048488	-2.866958858390048	3.5080043632695244	430
8	EA	60	-2.99625	0.003588884920613086	-0.7176247071073559	-0.004316137835908569	0.6649213015048488	-2.866958858390048	3.5080043632695244	430
8	EA	61	-2.9749999999999996	0.0038130279532348752	-0.7176247071073559	-0.004316137835908569	0.6649213015048488	-2.866958858390048	3.5080043632695244	430
8	EA	62	-2.95375	0.004046571063699761	-0.7176247071073559	-0.004316137835908569	0.6649213015048488	-2.866958858390048	3.5080043632695244	430
8	EA	63	-2.9325	0.0042911124611186655	-0.7176247071073559	-0.004316137835908569	0.6649213015048488	-2.866958858390048	3.5080043632695244	430
8	EA	64	-2.91125	0.0045485960280118596	-0.7176247071073559	-0.004316137835908569	0.6649213015048488	-2.866958858390048	3.5080043632695244	430
8	EA	65	-2.8899999999999997	0.004821316038687171	-0.7176247071073559	-0.004316137835908569	0.6649213015048488	-2.866958858390048	3.5080043632695244	430
8	EA	66	-2.86875	0.005111912619943766	-0.7176247071073559	-0.004316137835908569	0.6649213015048488	-2.866958858390048	3.5080043632695244	430
8	EA	67	-2.8475	0.005423357482567679	-0.7176247071073559	-0.004316137835908569	0.6649213015048488	-2.866958858390048	3.5080043632695244	430
8	EA	68	-2.82625	0.0057589297890113115	-0.7176247071073559	-0.004316137835908569	0.6649213015048488	-2.866958858390048	3.5080043632695244	430
8	EA	69	-2.8049999999999997	0.006122182384849553	-0.7176247071073559	-0.004316137835908569	0.6649213015048488	-2.866958858390048	3.5080043632695244	430
8	EA	70	-2.78375	0.006516898994443708	-0.7176247071073559	-0.004316137835908569	0.6649213015048488	-2.866958858390048	3.5080043632695244	430
8	EA	71	-2.7625	0.006947043348942148	-0.7176247071073559	-0.004316137835908569	0.6649213015048488	-2.866958858390048	3.5080043632695244	430
8	EA	72	-2.74125	0.007416701561129764	-0.7176247071073559	-0.004316137835908569	0.6649213015048488	-2.866958858390048	3.5080043632695244	430
8	EA	73	-2.7199999999999998	0.007930019370918785	-0.7176247071073559	-0.004316137835908569	0.6649213015048488	-2.866958858390048	3.5080043632695244	430
8	EA	74	-2.69875	0.008491136142834104	-0.7176247071073559	-0.004316137835908569	0.6649213015048488	-2.866958858390048	3.5080043632695244	430
8	EA	75	-2.6775	0.009104117689957645	-0.7176247071073559	-0.004316137835908569	0.6649213015048488	-2.866958858390048	3.5080043632695244	430
8	EA	76	-2.65625	0.009772890117266132	-0.7176247071073559	-0.004316137835908569	0.6649213015048488	-2.866958858390048	3.5080043632695244	430
8	EA	77	-2.635	0.01050117691397045	-0.7176247071073559	-0.004316137835908569	0.6649213015048488	-2.866958858390048	3.5080043632695244	430
8	EA	78	-2.6137499999999996	0.01129244147558839	-0.7176247071073559	-0.004316137835908569	0.6649213015048488	-2.866958858390048	3.5080043632695244	430
8	EA	79	-2.5925	0.01214983710189019	-0.7176247071073559	-0.004316137835908569	0.6649213015048488	-2.866958858390048	3.5080043632695244	430
8	EA	80	-2.57125	0.013076166299979963	-0.7176247071073559	-0.004316137835908569	0.6649213015048488	-2.866958858390048	3.5080043632695244	430
8	EA	81	-2.55	0.014073850929481284	-0.7176247071073559	-0.004316137835908569	0.6649213015048488	-2.866958858390048	3.5080043632695244	430
8	EA	82	-2.5287499999999996	0.015144914369059454	-0.7176247071073559	-0.004316137835908569	0.6649213015048488	-2.866958858390048	3.5080043632695244	430
8	EA	83	-2.5075	0.016290976472961582	-0.7176247071073559	-0.004316137835908569	0.6649213015048488	-2.866958858390048	3.5080043632695244	430
8	EA	84	-2.48625	0.01751326163758979	-0.7176247071073559	-0.004316137835908569	0.6649213015048488	-2.866958858390048	3.5080043632695244	430
8	EA	85	-2.465	0.018812619827473797	-0.7176247071073559	-0.004316137835908569	0.6649213015048488	-2.866958858390048	3.5080043632695244	430
8	EA	86	-2.4437499999999996	0.020189559934252893	-0.7176247071073559	-0.004316137835908569	0.6649213015048488	-2.866958858390048	3.5080043632695244	430
8	EA	87	-2.4225	0.021644294378343403	-0.7176247071073559	-0.004316137835908569	0.6649213015048488	-2.866958858390048	3.5080043632695244	430
8	EA	88	-2.40125	0.023176793427191172	-0.7176247071073559	-0.004316137835908569	0.6649213015048488	-2.866958858390048	3.5080043632695244	430
8	EA	89	-2.38	0.02478684731153556	-0.7176247071073559	-0.004316137835908569	0.6649213015048488	-2.866958858390048	3.5080043632695244	430
8	EA	90	-2.3587499999999997	0.02647413388540425	-0.7176247071073559	-0.004316137835908569	0.6649213015048488	-2.866958858390048	3.5080043632695244	430
8	EA	91	-2.3375	0.028238289308000958	-0.7176247071073559	-0.004316137835908569	0.6649213015048488	-2.866958858390048	3.5080043632695244	430
8	EA	92	-2.31625	0.03007897903527718	-0.7176247071073559	-0.004316137835908569	0.6649213015048488	-2.866958858390048	3.5080043632695244	430
8	EA	93	-2.295	0.03199596630234131	-0.7176247071073559	-0.004316137835908569	0.6649213015048488	-2.866958858390048	3.5080043632695244	430
8	EA	94	-2.2737499999999997	0.033989175258953806	-0.7176247071073559	-0.004316137835908569	0.6649213015048488	-2.866958858390048	3.5080043632695244	430
8	EA	95	-2.2525	0.036058745990746	-0.7176247071073559	-0.004316137835908569	0.6649213015048488	-2.866958858390048	3.5080043632695244	430
8	EA	96	-2.2312499999999997	0.03820507881770502	-0.7176247071073559	-0.004316137835908569	0.6649213015048488	-2.866958858390048	3.5080043632695244	430
8	EA	97	-2.21	0.04042886550602753	-0.7176247071073559	-0.004316137835908569	0.6649213015048488	-2.866958858390048	3.5080043632695244	430
8	EA	98	-2.1887499999999998	0.042731105354908434	-0.7176247071073559	-0.004316137835908569	0.6649213015048488	-2.866958858390048	3.5080043632695244	430
8	EA	99	-2.1675	0.04511310451981642	-0.7176247071073559	-0.004316137835908569	0.6649213015048488	-2.866958858390048	3.5080043632695244	430
8	EA	100	-2.1462499999999998	0.047576457400496305	-0.7176247071073559	-0.004316137835908569	0.6649213015048488	-2.866958858390048	3.5080043632695244	430
8	EA	101	-2.125	0.050123009446211474	-0.7176247071073559	-0.004316137835908569	0.6649213015048488	-2.866958858390048	3.5080043632695244	430
8	EA	102	-2.10375	0.05275480130230352	-0.7176247071073559	-0.004316137835908569	0.6649213015048488	-2.866958858390048	3.5080043632695244	430
8	EA	103	-2.0825	0.055473994829473766	-0.7176247071073559	-0.004316137835908569	0.6649213015048488	-2.866958858390048	3.5080043632695244	430
8	EA	104	-2.06125	0.058282782157552185	-0.7176247071073559	-0.004316137835908569	0.6649213015048488	-2.866958858390048	3.5080043632695244	430
8	EA	105	-2.04	0.06118327957476432	-0.7176247071073559	-0.004316137835908569	0.6649213015048488	-2.866958858390048	3.5080043632695244	430
8	EA	106	-2.01875	0.06417740868605162	-0.7176247071073559	-0.004316137835908569	0.6649213015048488	-2.866958858390048	3.5080043632695244	430
8	EA	107	-1.9975	0.06726676788260245	-0.7176247071073559	-0.004316137835908569	0.6649213015048488	-2.866958858390048	3.5080043632695244	430
8	EA	108	-1.9762499999999998	0.07045249773056551	-0.7176247071073559	-0.004316137835908569	0.6649213015048488	-2.866958858390048	3.5080043632695244	430
8	EA	109	-1.9549999999999996	0.07373514438951301	-0.7176247071073559	-0.004316137835908569	0.6649213015048488	-2.866958858390048	3.5080043632695244	430
8	EA	110	-1.9337499999999999	0.07711452558887098	-0.7176247071073559	-0.004316137835908569	0.6649213015048488	-2.866958858390048	3.5080043632695244	430
8	EA	111	-1.9124999999999996	0.0805896040006831	-0.7176247071073559	-0.004316137835908569	0.6649213015048488	-2.866958858390048	3.5080043632695244	430
8	EA	112	-1.8912499999999999	0.08415837302709733	-0.7176247071073559	-0.004316137835908569	0.6649213015048488	-2.866958858390048	3.5080043632695244	430
8	EA	113	-1.8699999999999997	0.08781776004909844	-0.7176247071073559	-0.004316137835908569	0.6649213015048488	-2.866958858390048	3.5080043632695244	430
8	EA	114	-1.84875	0.09156355203971393	-0.7176247071073559	-0.004316137835908569	0.6649213015048488	-2.866958858390048	3.5080043632695244	430
8	EA	115	-1.8274999999999997	0.09539034811421158	-0.7176247071073559	-0.004316137835908569	0.6649213015048488	-2.866958858390048	3.5080043632695244	430
8	EA	116	-1.80625	0.09929154306097004	-0.7176247071073559	-0.004316137835908569	0.6649213015048488	-2.866958858390048	3.5080043632695244	430
8	EA	117	-1.7849999999999997	0.10325934516585095	-0.7176247071073559	-0.004316137835908569	0.6649213015048488	-2.866958858390048	3.5080043632695244	430
8	EA	118	-1.76375	0.10728483071456295	-0.7176247071073559	-0.004316137835908569	0.6649213015048488	-2.866958858390048	3.5080043632695244	430
8	EA	119	-1.7424999999999997	0.11135803644593496	-0.7176247071073559	-0.004316137835908569	0.6649213015048488	-2.866958858390048	3.5080043632695244	430
8	EA	120	-1.72125	0.11546808995910737	-0.7176247071073559	-0.004316137835908569	0.6649213015048488	-2.866958858390048	3.5080043632695244	430
8	EA	121	-1.6999999999999997	0.11960337668537376	-0.7176247071073559	-0.004316137835908569	0.6649213015048488	-2.866958858390048	3.5080043632695244	430
8	EA	122	-1.67875	0.12375174056754822	-0.7176247071073559	-0.004316137835908569	0.6649213015048488	-2.866958858390048	3.5080043632695244	430
8	EA	123	-1.6574999999999998	0.12790071410289913	-0.7176247071073559	-0.004316137835908569	0.6649213015048488	-2.866958858390048	3.5080043632695244	430
8	EA	124	-1.63625	0.132037771964556	-0.7176247071073559	-0.004316137835908569	0.6649213015048488	-2.866958858390048	3.5080043632695244	430
8	EA	125	-1.6149999999999998	0.1361506010909719	-0.7176247071073559	-0.004316137835908569	0.6649213015048488	-2.866958858390048	3.5080043632695244	430
8	EA	126	-1.59375	0.14022737899589535	-0.7176247071073559	-0.004316137835908569	0.6649213015048488	-2.866958858390048	3.5080043632695244	430
8	EA	127	-1.5724999999999998	0.14425705117303858	-0.7176247071073559	-0.004316137835908569	0.6649213015048488	-2.866958858390048	3.5080043632695244	430
8	EA	128	-1.55125	0.14822959791505905	-0.7176247071073559	-0.004316137835908569	0.6649213015048488	-2.866958858390048	3.5080043632695244	430
8	EA	129	-1.5299999999999998	0.1521362806901658	-0.7176247071073559	-0.004316137835908569	0.6649213015048488	-2.866958858390048	3.5080043632695244	430
8	EA	130	-1.5087499999999996	0.15596985846174138	-0.7176247071073559	-0.004316137835908569	0.6649213015048488	-2.866958858390048	3.5080043632695244	430
8	EA	131	-1.4874999999999998	0.1597247650187074	-0.7176247071073559	-0.004316137835908569	0.6649213015048488	-2.866958858390048	3.5080043632695244	430
8	EA	132	-1.4662499999999996	0.163397239507682	-0.7176247071073559	-0.004316137835908569	0.6649213015048488	-2.866958858390048	3.5080043632695244	430
8	EA	133	-1.4449999999999998	0.16698540389975103	-0.7176247071073559	-0.004316137835908569	0.6649213015048488	-2.866958858390048	3.5080043632695244	430
8	EA	134	-1.4237499999999996	0.1704892830385517	-0.7176247071073559	-0.004316137835908569	0.6649213015048488	-2.866958858390048	3.5080043632695244	430
8	EA	135	-1.4024999999999999	0.17391076513277953	-0.7176247071073559	-0.004316137835908569	0.6649213015048488	-2.866958858390048	3.5080043632695244	430
8	EA	136	-1.3812499999999996	0.17725350298463655	-0.7176247071073559	-0.004316137835908569	0.6649213015048488	-2.866958858390048	3.5080043632695244	430
8	EA	137	-1.3599999999999999	0.1805227587782252	-0.7176247071073559	-0.004316137835908569	0.6649213015048488	-2.866958858390048	3.5080043632695244	430
8	EA	138	-1.3387499999999997	0.18372519776813115	-0.7176247071073559	-0.004316137835908569	0.6649213015048488	-2.866958858390048	3.5080043632695244	430
8	EA	139	-1.3175	0.1868686385817093	-0.7176247071073559	-0.004316137835908569	0.6649213015048488	-2.866958858390048	3.5080043632695244	430
8	EA	140	-1.2962499999999997	0.18996176995261474	-0.7176247071073559	-0.004316137835908569	0.6649213015048488	-2.866958858390048	3.5080043632695244	430
8	EA	141	-1.275	0.19301384541913233	-0.7176247071073559	-0.004316137835908569	0.6649213015048488	-2.866958858390048	3.5080043632695244	430
8	EA	142	-1.2537499999999997	0.19603436874486574	-0.7176247071073559	-0.004316137835908569	0.6649213015048488	-2.866958858390048	3.5080043632695244	430
8	EA	143	-1.2325	0.19903278346857536	-0.7176247071073559	-0.004316137835908569	0.6649213015048488	-2.866958858390048	3.5080043632695244	430
8	EA	144	-1.2112499999999997	0.20201818000861613	-0.7176247071073559	-0.004316137835908569	0.6649213015048488	-2.866958858390048	3.5080043632695244	430
8	EA	145	-1.19	0.2049990331110007	-0.7176247071073559	-0.004316137835908569	0.6649213015048488	-2.866958858390048	3.5080043632695244	430
8	EA	146	-1.1687499999999997	0.20798298114801594	-0.7176247071073559	-0.004316137835908569	0.6649213015048488	-2.866958858390048	3.5080043632695244	430
8	EA	147	-1.1475	0.21097665689066533	-0.7176247071073559	-0.004316137835908569	0.6649213015048488	-2.866958858390048	3.5080043632695244	430
8	EA	148	-1.1262499999999998	0.21398557697066917	-0.7176247071073559	-0.004316137835908569	0.6649213015048488	-2.866958858390048	3.5080043632695244	430
8	EA	149	-1.105	0.21701409442426456	-0.7176247071073559	-0.004316137835908569	0.6649213015048488	-2.866958858390048	3.5080043632695244	430
8	EA	150	-1.0837499999999998	0.22006541560393045	-0.7176247071073559	-0.004316137835908569	0.6649213015048488	-2.866958858390048	3.5080043632695244	430
8	EA	151	-1.0624999999999996	0.22314167950733568	-0.7176247071073559	-0.004316137835908569	0.6649213015048488	-2.866958858390048	3.5080043632695244	430
8	EA	152	-1.0412499999999998	0.22624409436816426	-0.7176247071073559	-0.004316137835908569	0.6649213015048488	-2.866958858390048	3.5080043632695244	430
8	EA	153	-1.0199999999999996	0.22937312334602358	-0.7176247071073559	-0.004316137835908569	0.6649213015048488	-2.866958858390048	3.5080043632695244	430
8	EA	154	-0.9987499999999998	0.2325287085008321	-0.7176247071073559	-0.004316137835908569	0.6649213015048488	-2.866958858390048	3.5080043632695244	430
8	EA	155	-0.9774999999999996	0.23571052008392657	-0.7176247071073559	-0.004316137835908569	0.6649213015048488	-2.866958858390048	3.5080043632695244	430
8	EA	156	-0.9562499999999998	0.23891821664334834	-0.7176247071073559	-0.004316137835908569	0.6649213015048488	-2.866958858390048	3.5080043632695244	430
8	EA	157	-0.9349999999999996	0.24215170061399421	-0.7176247071073559	-0.004316137835908569	0.6649213015048488	-2.866958858390048	3.5080043632695244	430
8	EA	158	-0.9137499999999998	0.24541135399896646	-0.7176247071073559	-0.004316137835908569	0.6649213015048488	-2.866958858390048	3.5080043632695244	430
8	EA	159	-0.8924999999999996	0.24869823946235606	-0.7176247071073559	-0.004316137835908569	0.6649213015048488	-2.866958858390048	3.5080043632695244	430
8	EA	160	-0.8712499999999999	0.25201425362203955	-0.7176247071073559	-0.004316137835908569	0.6649213015048488	-2.866958858390048	3.5080043632695244	430
8	EA	161	-0.8499999999999996	0.2553622214912677	-0.7176247071073559	-0.004316137835908569	0.6649213015048488	-2.866958858390048	3.5080043632695244	430
8	EA	162	-0.8287499999999999	0.2587459237715319	-0.7176247071073559	-0.004316137835908569	0.6649213015048488	-2.866958858390048	3.5080043632695244	430
8	EA	163	-0.8074999999999997	0.262170051917459	-0.7176247071073559	-0.004316137835908569	0.6649213015048488	-2.866958858390048	3.5080043632695244	430
8	EA	164	-0.7862499999999999	0.26564008942399203	-0.7176247071073559	-0.004316137835908569	0.6649213015048488	-2.866958858390048	3.5080043632695244	430
8	EA	165	-0.7649999999999997	0.2691621214574084	-0.7176247071073559	-0.004316137835908569	0.6649213015048488	-2.866958858390048	3.5080043632695244	430
8	EA	166	-0.7437499999999999	0.2727425785874835	-0.7176247071073559	-0.004316137835908569	0.6649213015048488	-2.866958858390048	3.5080043632695244	430
8	EA	167	-0.7224999999999997	0.27638792380230637	-0.7176247071073559	-0.004316137835908569	0.6649213015048488	-2.866958858390048	3.5080043632695244	430
8	EA	168	-0.7012499999999999	0.2801042950339129	-0.7176247071073559	-0.004316137835908569	0.6649213015048488	-2.866958858390048	3.5080043632695244	430
8	EA	169	-0.6799999999999997	0.283897117944222	-0.7176247071073559	-0.004316137835908569	0.6649213015048488	-2.866958858390048	3.5080043632695244	430
8	EA	170	-0.65875	0.2877707055942211	-0.7176247071073559	-0.004316137835908569	0.6649213015048488	-2.866958858390048	3.5080043632695244	430
8	EA	171	-0.6374999999999997	0.29172786275363494	-0.7176247071073559	-0.004316137835908569	0.6649213015048488	-2.866958858390048	3.5080043632695244	430
8	EA	172	-0.6162499999999995	0.29576951294713794	-0.7176247071073559	-0.004316137835908569	0.6649213015048488	-2.866958858390048	3.5080043632695244	430
8	EA	173	-0.5949999999999998	0.29989436585776497	-0.7176247071073559	-0.004316137835908569	0.6649213015048488	-2.866958858390048	3.5080043632695244	430
8	EA	174	-0.5737499999999995	0.3040986414376568	-0.7176247071073559	-0.004316137835908569	0.6649213015048488	-2.866958858390048	3.5080043632695244	430
8	EA	175	-0.5524999999999998	0.3083758650661359	-0.7176247071073559	-0.004316137835908569	0.6649213015048488	-2.866958858390048	3.5080043632695244	430
8	EA	176	-0.5312499999999996	0.31271674543424144	-0.7176247071073559	-0.004316137835908569	0.6649213015048488	-2.866958858390048	3.5080043632695244	430
8	EA	177	-0.5099999999999998	0.31710914364074244	-0.7176247071073559	-0.004316137835908569	0.6649213015048488	-2.866958858390048	3.5080043632695244	430
8	EA	178	-0.4887499999999996	0.3215381383978053	-0.7176247071073559	-0.004316137835908569	0.6649213015048488	-2.866958858390048	3.5080043632695244	430
8	EA	179	-0.4674999999999998	0.3259861884213171	-0.7176247071073559	-0.004316137835908569	0.6649213015048488	-2.866958858390048	3.5080043632695244	430
8	EA	180	-0.4462499999999996	0.3304333891868471	-0.7176247071073559	-0.004316137835908569	0.6649213015048488	-2.866958858390048	3.5080043632695244	430
8	EA	181	-0.4249999999999998	0.3348578174339342	-0.7176247071073559	-0.004316137835908569	0.6649213015048488	-2.866958858390048	3.5080043632695244	430
8	EA	182	-0.4037499999999996	0.33923595325942574	-0.7176247071073559	-0.004316137835908569	0.6649213015048488	-2.866958858390048	3.5080043632695244	430
8	EA	183	-0.38249999999999984	0.3435431665026601	-0.7176247071073559	-0.004316137835908569	0.6649213015048488	-2.866958858390048	3.5080043632695244	430
8	EA	184	-0.3612499999999996	0.3477542515197598	-0.7176247071073559	-0.004316137835908569	0.6649213015048488	-2.866958858390048	3.5080043632695244	430
8	EA	185	-0.33999999999999986	0.35184399247532677	-0.7176247071073559	-0.004316137835908569	0.6649213015048488	-2.866958858390048	3.5080043632695244	430
8	EA	186	-0.31874999999999964	0.35578774002317953	-0.7176247071073559	-0.004316137835908569	0.6649213015048488	-2.866958858390048	3.5080043632695244	430
8	EA	187	-0.2974999999999999	0.3595619797479163	-0.7176247071073559	-0.004316137835908569	0.6649213015048488	-2.866958858390048	3.5080043632695244	430
8	EA	188	-0.27624999999999966	0.36314487300833215	-0.7176247071073559	-0.004316137835908569	0.6649213015048488	-2.866958858390048	3.5080043632695244	430
8	EA	189	-0.2549999999999999	0.3665167518417007	-0.7176247071073559	-0.004316137835908569	0.6649213015048488	-2.866958858390048	3.5080043632695244	430
8	EA	190	-0.23374999999999968	0.369660551303528	-0.7176247071073559	-0.004316137835908569	0.6649213015048488	-2.866958858390048	3.5080043632695244	430
8	EA	191	-0.21249999999999947	0.3725621649512848	-0.7176247071073559	-0.004316137835908569	0.6649213015048488	-2.866958858390048	3.5080043632695244	430
8	EA	192	-0.19125000000000014	0.375210712029182	-0.7176247071073559	-0.004316137835908569	0.6649213015048488	-2.866958858390048	3.5080043632695244	430
8	EA	193	-0.16999999999999993	0.3775987081514237	-0.7176247071073559	-0.004316137835908569	0.6649213015048488	-2.866958858390048	3.5080043632695244	430
8	EA	194	-0.14874999999999972	0.37972213477690914	-0.7176247071073559	-0.004316137835908569	0.6649213015048488	-2.866958858390048	3.5080043632695244	430
8	EA	195	-0.1274999999999995	0.38158040637518903	-0.7176247071073559	-0.004316137835908569	0.6649213015048488	-2.866958858390048	3.5080043632695244	430
8	EA	196	-0.10624999999999929	0.38317623775647924	-0.7176247071073559	-0.004316137835908569	0.6649213015048488	-2.866958858390048	3.5080043632695244	430
8	EA	197	-0.08499999999999996	0.38451541743820045	-0.7176247071073559	-0.004316137835908569	0.6649213015048488	-2.866958858390048	3.5080043632695244	430
8	EA	198	-0.06374999999999975	0.385606496018537	-0.7176247071073559	-0.004316137835908569	0.6649213015048488	-2.866958858390048	3.5080043632695244	430
8	EA	199	-0.04249999999999954	0.38646040121249664	-0.7176247071073559	-0.004316137835908569	0.6649213015048488	-2.866958858390048	3.5080043632695244	430
8	EA	200	-0.021249999999999325	0.3870899933876577	-0.7176247071073559	-0.004316137835908569	0.6649213015048488	-2.866958858390048	3.5080043632695244	430
8	EA	201	0.0	0.38750957704959815	-0.7176247071073559	-0.004316137835908569	0.6649213015048488	-2.866958858390048	3.5080043632695244	430
8	EA	202	0.021250000000000213	0.38773438473191396	-0.7176247071073559	-0.004316137835908569	0.6649213015048488	-2.866958858390048	3.5080043632695244	430
8	EA	203	0.042500000000000426	0.38778005013115713	-0.7176247071073559	-0.004316137835908569	0.6649213015048488	-2.866958858390048	3.5080043632695244	430
8	EA	204	0.06375000000000064	0.3876620871078591	-0.7176247071073559	-0.004316137835908569	0.6649213015048488	-2.866958858390048	3.5080043632695244	430
8	EA	205	0.08499999999999996	0.387395390390771	-0.7176247071073559	-0.004316137835908569	0.6649213015048488	-2.866958858390048	3.5080043632695244	430
8	EA	206	0.10625000000000018	0.3869937725334706	-0.7176247071073559	-0.004316137835908569	0.6649213015048488	-2.866958858390048	3.5080043632695244	430
8	EA	207	0.1275000000000004	0.38646954995878813	-0.7176247071073559	-0.004316137835908569	0.6649213015048488	-2.866958858390048	3.5080043632695244	430
8	EA	208	0.1487500000000006	0.38583318887765994	-0.7176247071073559	-0.004316137835908569	0.6649213015048488	-2.866958858390048	3.5080043632695244	430
8	EA	209	0.16999999999999993	0.38509301958261505	-0.7176247071073559	-0.004316137835908569	0.6649213015048488	-2.866958858390048	3.5080043632695244	430
8	EA	210	0.19125000000000014	0.38425502519153637	-0.7176247071073559	-0.004316137835908569	0.6649213015048488	-2.866958858390048	3.5080043632695244	430
8	EA	211	0.21250000000000036	0.38332270845064875	-0.7176247071073559	-0.004316137835908569	0.6649213015048488	-2.866958858390048	3.5080043632695244	430
8	EA	212	0.23375000000000057	0.38229703778529833	-0.7176247071073559	-0.004316137835908569	0.6649213015048488	-2.866958858390048	3.5080043632695244	430
8	EA	213	0.2549999999999999	0.3811764714899923	-0.7176247071073559	-0.004316137835908569	0.6649213015048488	-2.866958858390048	3.5080043632695244	430
8	EA	214	0.2762500000000001	0.37995705683846653	-0.7176247071073559	-0.004316137835908569	0.6649213015048488	-2.866958858390048	3.5080043632695244	430
8	EA	215	0.2975000000000003	0.37863259901808904	-0.7176247071073559	-0.004316137835908569	0.6649213015048488	-2.866958858390048	3.5080043632695244	430
8	EA	216	0.31875000000000053	0.37719489318277216	-0.7176247071073559	-0.004316137835908569	0.6649213015048488	-2.866958858390048	3.5080043632695244	430
8	EA	217	0.34000000000000075	0.3756340115921245	-0.7176247071073559	-0.004316137835908569	0.6649213015048488	-2.866958858390048	3.5080043632695244	430
8	EA	218	0.36125000000000007	0.3739386367660556	-0.7176247071073559	-0.004316137835908569	0.6649213015048488	-2.866958858390048	3.5080043632695244	430
8	EA	219	0.3825000000000003	0.3720964308270263	-0.7176247071073559	-0.004316137835908569	0.6649213015048488	-2.866958858390048	3.5080043632695244	430
8	EA	220	0.4037500000000005	0.3700944307124644	-0.7176247071073559	-0.004316137835908569	0.6649213015048488	-2.866958858390048	3.5080043632695244	430
8	EA	221	0.4250000000000007	0.3679194586986073	-0.7176247071073559	-0.004316137835908569	0.6649213015048488	-2.866958858390048	3.5080043632695244	430
8	EA	222	0.44625000000000004	0.3655585376634203	-0.7176247071073559	-0.004316137835908569	0.6649213015048488	-2.866958858390048	3.5080043632695244	430
8	EA	223	0.46750000000000025	0.3629993007101461	-0.7176247071073559	-0.004316137835908569	0.6649213015048488	-2.866958858390048	3.5080043632695244	430
8	EA	224	0.48875000000000046	0.3602303851566373	-0.7176247071073559	-0.004316137835908569	0.6649213015048488	-2.866958858390048	3.5080043632695244	430
8	EA	225	0.5100000000000007	0.3572418014547647	-0.7176247071073559	-0.004316137835908569	0.6649213015048488	-2.866958858390048	3.5080043632695244	430
8	EA	226	0.53125	0.3540252683281704	-0.7176247071073559	-0.004316137835908569	0.6649213015048488	-2.866958858390048	3.5080043632695244	430
8	EA	227	0.5525000000000002	0.3505745062979364	-0.7176247071073559	-0.004316137835908569	0.6649213015048488	-2.866958858390048	3.5080043632695244	430
8	EA	228	0.5737500000000004	0.34688548279842596	-0.7176247071073559	-0.004316137835908569	0.6649213015048488	-2.866958858390048	3.5080043632695244	430
8	EA	229	0.5950000000000006	0.3429566032635233	-0.7176247071073559	-0.004316137835908569	0.6649213015048488	-2.866958858390048	3.5080043632695244	430
8	EA	230	0.61625	0.33878884387817815	-0.7176247071073559	-0.004316137835908569	0.6649213015048488	-2.866958858390048	3.5080043632695244	430
8	EA	231	0.6375000000000002	0.3343858231283744	-0.7176247071073559	-0.004316137835908569	0.6649213015048488	-2.866958858390048	3.5080043632695244	430
8	EA	232	0.6587500000000004	0.32975381082459754	-0.7176247071073559	-0.004316137835908569	0.6649213015048488	-2.866958858390048	3.5080043632695244	430
8	EA	233	0.6800000000000006	0.32490167489170113	-0.7176247071073559	-0.004316137835908569	0.6649213015048488	-2.866958858390048	3.5080043632695244	430
8	EA	234	0.7012499999999999	0.31984076787522925	-0.7176247071073559	-0.004316137835908569	0.6649213015048488	-2.866958858390048	3.5080043632695244	430
8	EA	235	0.7225000000000001	0.3145847567655632	-0.7176247071073559	-0.004316137835908569	0.6649213015048488	-2.866958858390048	3.5080043632695244	430
8	EA	236	0.7437500000000004	0.3091494013341873	-0.7176247071073559	-0.004316137835908569	0.6649213015048488	-2.866958858390048	3.5080043632695244	430
8	EA	237	0.7650000000000006	0.30355228765309117	-0.7176247071073559	-0.004316137835908569	0.6649213015048488	-2.866958858390048	3.5080043632695244	430
8	EA	238	0.7862500000000008	0.29781252476859893	-0.7176247071073559	-0.004316137835908569	0.6649213015048488	-2.866958858390048	3.5080043632695244	430
8	EA	239	0.8075000000000001	0.291950413565691	-0.7176247071073559	-0.004316137835908569	0.6649213015048488	-2.866958858390048	3.5080043632695244	430
8	EA	240	0.8287500000000003	0.28598709763418934	-0.7176247071073559	-0.004316137835908569	0.6649213015048488	-2.866958858390048	3.5080043632695244	430
8	EA	241	0.8500000000000005	0.2799442063891026	-0.7176247071073559	-0.004316137835908569	0.6649213015048488	-2.866958858390048	3.5080043632695244	430
8	EA	242	0.8712500000000007	0.27384350077175534	-0.7176247071073559	-0.004316137835908569	0.6649213015048488	-2.866958858390048	3.5080043632695244	430
8	EA	243	0.8925000000000001	0.267706531549799	-0.7176247071073559	-0.004316137835908569	0.6649213015048488	-2.866958858390048	3.5080043632695244	430
8	EA	244	0.9137500000000003	0.2615543195444552	-0.7176247071073559	-0.004316137835908569	0.6649213015048488	-2.866958858390048	3.5080043632695244	430
8	EA	245	0.9350000000000005	0.2554070660634092	-0.7176247071073559	-0.004316137835908569	0.6649213015048488	-2.866958858390048	3.5080043632695244	430
8	EA	246	0.9562500000000007	0.2492839004475962	-0.7176247071073559	-0.004316137835908569	0.6649213015048488	-2.866958858390048	3.5080043632695244	430
8	EA	247	0.9775	0.24320267000755538	-0.7176247071073559	-0.004316137835908569	0.6649213015048488	-2.866958858390048	3.5080043632695244	430
8	EA	248	0.9987500000000002	0.23717977580287639	-0.7176247071073559	-0.004316137835908569	0.6649213015048488	-2.866958858390048	3.5080043632695244	430
8	EA	249	1.0200000000000005	0.23123005579097825	-0.7176247071073559	-0.004316137835908569	0.6649213015048488	-2.866958858390048	3.5080043632695244	430
8	EA	250	1.0412500000000007	0.225366714930305	-0.7176247071073559	-0.004316137835908569	0.6649213015048488	-2.866958858390048	3.5080043632695244	430
8	EA	251	1.0625	0.21960129996126238	-0.7176247071073559	-0.004316137835908569	0.6649213015048488	-2.866958858390048	3.5080043632695244	430
8	EA	252	1.0837500000000002	0.2139437148956792	-0.7176247071073559	-0.004316137835908569	0.6649213015048488	-2.866958858390048	3.5080043632695244	430
8	EA	253	1.1050000000000004	0.20840227180357068	-0.7176247071073559	-0.004316137835908569	0.6649213015048488	-2.866958858390048	3.5080043632695244	430
8	EA	254	1.1262500000000006	0.20298377036261686	-0.7176247071073559	-0.004316137835908569	0.6649213015048488	-2.866958858390048	3.5080043632695244	430
8	EA	255	1.1475	0.19769359888200008	-0.7176247071073559	-0.004316137835908569	0.6649213015048488	-2.866958858390048	3.5080043632695244	430
8	EA	256	1.1687500000000002	0.19253584915901253	-0.7176247071073559	-0.004316137835908569	0.6649213015048488	-2.866958858390048	3.5080043632695244	430
8	EA	257	1.1900000000000004	0.18751343758334033	-0.7176247071073559	-0.004316137835908569	0.6649213015048488	-2.866958858390048	3.5080043632695244	430
8	EA	258	1.2112500000000006	0.18262822535712403	-0.7176247071073559	-0.004316137835908569	0.6649213015048488	-2.866958858390048	3.5080043632695244	430
8	EA	259	1.2325000000000008	0.17788113151453322	-0.7176247071073559	-0.004316137835908569	0.6649213015048488	-2.866958858390048	3.5080043632695244	430
8	EA	260	1.2537500000000001	0.17327223354908206	-0.7176247071073559	-0.004316137835908569	0.6649213015048488	-2.866958858390048	3.5080043632695244	430
8	EA	261	1.2750000000000004	0.16880085182066204	-0.7176247071073559	-0.004316137835908569	0.6649213015048488	-2.866958858390048	3.5080043632695244	430
8	EA	262	1.2962500000000006	0.164465615435649	-0.7176247071073559	-0.004316137835908569	0.6649213015048488	-2.866958858390048	3.5080043632695244	430
8	EA	263	1.3175000000000008	0.16026450888342095	-0.7176247071073559	-0.004316137835908569	0.6649213015048488	-2.866958858390048	3.5080043632695244	430
8	EA	264	1.33875	0.15619490027986876	-0.7176247071073559	-0.004316137835908569	0.6649213015048488	-2.866958858390048	3.5080043632695244	430
8	EA	265	1.3600000000000003	0.15225355352431216	-0.7176247071073559	-0.004316137835908569	0.6649213015048488	-2.866958858390048	3.5080043632695244	430
8	EA	266	1.3812500000000005	0.1484366279395948	-0.7176247071073559	-0.004316137835908569	0.6649213015048488	-2.866958858390048	3.5080043632695244	430
8	EA	267	1.4025000000000007	0.14473966996679516	-0.7176247071073559	-0.004316137835908569	0.6649213015048488	-2.866958858390048	3.5080043632695244	430
8	EA	268	1.42375	0.1411576021723825	-0.7176247071073559	-0.004316137835908569	0.6649213015048488	-2.866958858390048	3.5080043632695244	430
8	EA	269	1.4450000000000003	0.13768471516139236	-0.7176247071073559	-0.004316137835908569	0.6649213015048488	-2.866958858390048	3.5080043632695244	430
8	EA	270	1.4662500000000005	0.13431466796000774	-0.7176247071073559	-0.004316137835908569	0.6649213015048488	-2.866958858390048	3.5080043632695244	430
8	EA	271	1.4875000000000007	0.1310405020400342	-0.7176247071073559	-0.004316137835908569	0.6649213015048488	-2.866958858390048	3.5080043632695244	430
8	EA	272	1.50875	0.12785467343157284	-0.7176247071073559	-0.004316137835908569	0.6649213015048488	-2.866958858390048	3.5080043632695244	430
8	EA	273	1.5300000000000002	0.12474910635244421	-0.7176247071073559	-0.004316137835908569	0.6649213015048488	-2.866958858390048	3.5080043632695244	430
8	EA	274	1.5512500000000005	0.12171527053333599	-0.7176247071073559	-0.004316137835908569	0.6649213015048488	-2.866958858390048	3.5080043632695244	430
8	EA	275	1.5725000000000007	0.11874428300827024	-0.7176247071073559	-0.004316137835908569	0.6649213015048488	-2.866958858390048	3.5080043632695244	430
8	EA	276	1.59375	0.11582703365120355	-0.7176247071073559	-0.004316137835908569	0.6649213015048488	-2.866958858390048	3.5080043632695244	430
8	EA	277	1.6150000000000002	0.11295433225558724	-0.7176247071073559	-0.004316137835908569	0.6649213015048488	-2.866958858390048	3.5080043632695244	430
8	EA	278	1.6362500000000004	0.11011707355777495	-0.7176247071073559	-0.004316137835908569	0.6649213015048488	-2.866958858390048	3.5080043632695244	430
8	EA	279	1.6575000000000006	0.10730641537507263	-0.7176247071073559	-0.004316137835908569	0.6649213015048488	-2.866958858390048	3.5080043632695244	430
8	EA	280	1.6787500000000009	0.10451396403296737	-0.7176247071073559	-0.004316137835908569	0.6649213015048488	-2.866958858390048	3.5080043632695244	430
8	EA	281	1.7000000000000002	0.10173196054820174	-0.7176247071073559	-0.004316137835908569	0.6649213015048488	-2.866958858390048	3.5080043632695244	430
8	EA	282	1.7212500000000004	0.09895346065309488	-0.7176247071073559	-0.004316137835908569	0.6649213015048488	-2.866958858390048	3.5080043632695244	430
8	EA	283	1.7425000000000006	0.0961725017117882	-0.7176247071073559	-0.004316137835908569	0.6649213015048488	-2.866958858390048	3.5080043632695244	430
8	EA	284	1.7637500000000008	0.09338424989172728	-0.7176247071073559	-0.004316137835908569	0.6649213015048488	-2.866958858390048	3.5080043632695244	430
8	EA	285	1.7850000000000001	0.09058512159562454	-0.7176247071073559	-0.004316137835908569	0.6649213015048488	-2.866958858390048	3.5080043632695244	430
8	EA	286	1.8062500000000004	0.0877728740947328	-0.7176247071073559	-0.004316137835908569	0.6649213015048488	-2.866958858390048	3.5080043632695244	430
8	EA	287	1.8275000000000006	0.08494666148270592	-0.7176247071073559	-0.004316137835908569	0.6649213015048488	-2.866958858390048	3.5080043632695244	430
8	EA	288	1.8487500000000008	0.0821070534277237	-0.7176247071073559	-0.004316137835908569	0.6649213015048488	-2.866958858390048	3.5080043632695244	430
8	EA	289	1.87	0.07925601566788609	-0.7176247071073559	-0.004316137835908569	0.6649213015048488	-2.866958858390048	3.5080043632695244	430
8	EA	290	1.8912500000000003	0.07639685269602094	-0.7176247071073559	-0.004316137835908569	0.6649213015048488	-2.866958858390048	3.5080043632695244	430
8	EA	291	1.9125000000000005	0.07353411454031629	-0.7176247071073559	-0.004316137835908569	0.6649213015048488	-2.866958858390048	3.5080043632695244	430
8	EA	292	1.9337500000000007	0.07067347089634791	-0.7176247071073559	-0.004316137835908569	0.6649213015048488	-2.866958858390048	3.5080043632695244	430
8	EA	293	1.955	0.06782155704228571	-0.7176247071073559	-0.004316137835908569	0.6649213015048488	-2.866958858390048	3.5080043632695244	430
8	EA	294	1.9762500000000003	0.06498579692188049	-0.7176247071073559	-0.004316137835908569	0.6649213015048488	-2.866958858390048	3.5080043632695244	430
8	EA	295	1.9975000000000005	0.06217420947267162	-0.7176247071073559	-0.004316137835908569	0.6649213015048488	-2.866958858390048	3.5080043632695244	430
8	EA	296	2.0187500000000007	0.05939520468826357	-0.7176247071073559	-0.004316137835908569	0.6649213015048488	-2.866958858390048	3.5080043632695244	430
8	EA	297	2.04	0.0566573760277415	-0.7176247071073559	-0.004316137835908569	0.6649213015048488	-2.866958858390048	3.5080043632695244	430
8	EA	298	2.0612500000000002	0.053969295631574696	-0.7176247071073559	-0.004316137835908569	0.6649213015048488	-2.866958858390048	3.5080043632695244	430
8	EA	299	2.0825000000000005	0.05133931839466544	-0.7176247071073559	-0.004316137835908569	0.6649213015048488	-2.866958858390048	3.5080043632695244	430
8	EA	300	2.1037500000000007	0.048775400317941545	-0.7176247071073559	-0.004316137835908569	0.6649213015048488	-2.866958858390048	3.5080043632695244	430
8	EA	301	2.125000000000001	0.046284935753300005	-0.7176247071073559	-0.004316137835908569	0.6649213015048488	-2.866958858390048	3.5080043632695244	430
8	EA	302	2.14625	0.04387461722171122	-0.7176247071073559	-0.004316137835908569	0.6649213015048488	-2.866958858390048	3.5080043632695244	430
8	EA	303	2.1675000000000004	0.04155032047238569	-0.7176247071073559	-0.004316137835908569	0.6649213015048488	-2.866958858390048	3.5080043632695244	430
8	EA	304	2.1887500000000006	0.0393170164130915	-0.7176247071073559	-0.004316137835908569	0.6649213015048488	-2.866958858390048	3.5080043632695244	430
8	EA	305	2.210000000000001	0.037178710525687095	-0.7176247071073559	-0.004316137835908569	0.6649213015048488	-2.866958858390048	3.5080043632695244	430
8	EA	306	2.23125	0.035138409428849486	-0.7176247071073559	-0.004316137835908569	0.6649213015048488	-2.866958858390048	3.5080043632695244	430
8	EA	307	2.2525000000000004	0.033198113396617	-0.7176247071073559	-0.004316137835908569	0.6649213015048488	-2.866958858390048	3.5080043632695244	430
8	EA	308	2.2737500000000006	0.031358832913089385	-0.7176247071073559	-0.004316137835908569	0.6649213015048488	-2.866958858390048	3.5080043632695244	430
8	EA	309	2.295000000000001	0.029620626757866277	-0.7176247071073559	-0.004316137835908569	0.6649213015048488	-2.866958858390048	3.5080043632695244	430
8	EA	310	2.31625	0.027982658682196453	-0.7176247071073559	-0.004316137835908569	0.6649213015048488	-2.866958858390048	3.5080043632695244	430
8	EA	311	2.3375000000000004	0.026443269452835545	-0.7176247071073559	-0.004316137835908569	0.6649213015048488	-2.866958858390048	3.5080043632695244	430
8	EA	312	2.3587500000000006	0.025000060902663	-0.7176247071073559	-0.004316137835908569	0.6649213015048488	-2.866958858390048	3.5080043632695244	430
8	EA	313	2.380000000000001	0.02364998862181237	-0.7176247071073559	-0.004316137835908569	0.6649213015048488	-2.866958858390048	3.5080043632695244	430
8	EA	314	2.40125	0.022389460033800948	-0.7176247071073559	-0.004316137835908569	0.6649213015048488	-2.866958858390048	3.5080043632695244	430
8	EA	315	2.4225000000000003	0.021214434808505246	-0.7176247071073559	-0.004316137835908569	0.6649213015048488	-2.866958858390048	3.5080043632695244	430
8	EA	316	2.4437500000000005	0.020120524847112874	-0.7176247071073559	-0.004316137835908569	0.6649213015048488	-2.866958858390048	3.5080043632695244	430
8	EA	317	2.4650000000000007	0.01910309141259199	-0.7176247071073559	-0.004316137835908569	0.6649213015048488	-2.866958858390048	3.5080043632695244	430
8	EA	318	2.48625	0.01815733735291598	-0.7176247071073559	-0.004316137835908569	0.6649213015048488	-2.866958858390048	3.5080043632695244	430
8	EA	319	2.5075000000000003	0.017278392755110634	-0.7176247071073559	-0.004316137835908569	0.6649213015048488	-2.866958858390048	3.5080043632695244	430
8	EA	320	2.5287500000000005	0.016461392760204294	-0.7176247071073559	-0.004316137835908569	0.6649213015048488	-2.866958858390048	3.5080043632695244	430
8	EA	321	2.5500000000000007	0.015701546648847996	-0.7176247071073559	-0.004316137835908569	0.6649213015048488	-2.866958858390048	3.5080043632695244	430
8	EA	322	2.571250000000001	0.014994197663734617	-0.7176247071073559	-0.004316137835908569	0.6649213015048488	-2.866958858390048	3.5080043632695244	430
8	EA	323	2.5925000000000002	0.014334873359385781	-0.7176247071073559	-0.004316137835908569	0.6649213015048488	-2.866958858390048	3.5080043632695244	430
8	EA	324	2.6137500000000005	0.013719326556031836	-0.7176247071073559	-0.004316137835908569	0.6649213015048488	-2.866958858390048	3.5080043632695244	430
8	EA	325	2.6350000000000007	0.013143567217818107	-0.7176247071073559	-0.004316137835908569	0.6649213015048488	-2.866958858390048	3.5080043632695244	430
8	EA	326	2.656250000000001	0.012603885773841549	-0.7176247071073559	-0.004316137835908569	0.6649213015048488	-2.866958858390048	3.5080043632695244	430
8	EA	327	2.6775	0.012096868552556024	-0.7176247071073559	-0.004316137835908569	0.6649213015048488	-2.866958858390048	3.5080043632695244	430
8	EA	328	2.6987500000000004	0.011619406106308117	-0.7176247071073559	-0.004316137835908569	0.6649213015048488	-2.866958858390048	3.5080043632695244	430
8	EA	329	2.7200000000000006	0.011168695264943193	-0.7176247071073559	-0.004316137835908569	0.6649213015048488	-2.866958858390048	3.5080043632695244	430
8	EA	330	2.741250000000001	0.010742235778568856	-0.7176247071073559	-0.004316137835908569	0.6649213015048488	-2.866958858390048	3.5080043632695244	430
8	EA	331	2.7625	0.010337822393900574	-0.7176247071073559	-0.004316137835908569	0.6649213015048488	-2.866958858390048	3.5080043632695244	430
8	EA	332	2.7837500000000004	0.00995353316147368	-0.7176247071073559	-0.004316137835908569	0.6649213015048488	-2.866958858390048	3.5080043632695244	430
8	EA	333	2.8050000000000006	0.009587714698728317	-0.7176247071073559	-0.004316137835908569	0.6649213015048488	-2.866958858390048	3.5080043632695244	430
8	EA	334	2.826250000000001	0.009238965043714475	-0.7176247071073559	-0.004316137835908569	0.6649213015048488	-2.866958858390048	3.5080043632695244	430
8	EA	335	2.8475	0.008906114633644316	-0.7176247071073559	-0.004316137835908569	0.6649213015048488	-2.866958858390048	3.5080043632695244	430
8	EA	336	2.8687500000000004	0.008588205839685007	-0.7176247071073559	-0.004316137835908569	0.6649213015048488	-2.866958858390048	3.5080043632695244	430
8	EA	337	2.8900000000000006	0.008284471392012379	-0.7176247071073559	-0.004316137835908569	0.6649213015048488	-2.866958858390048	3.5080043632695244	430
8	EA	338	2.911250000000001	0.007994311944387497	-0.7176247071073559	-0.004316137835908569	0.6649213015048488	-2.866958858390048	3.5080043632695244	430
8	EA	339	2.9325	0.007717272961454526	-0.7176247071073559	-0.004316137835908569	0.6649213015048488	-2.866958858390048	3.5080043632695244	430
8	EA	340	2.9537500000000003	0.007453021069156839	-0.7176247071073559	-0.004316137835908569	0.6649213015048488	-2.866958858390048	3.5080043632695244	430
8	EA	341	2.9750000000000005	0.007201319991828579	-0.7176247071073559	-0.004316137835908569	0.6649213015048488	-2.866958858390048	3.5080043632695244	430
8	EA	342	2.9962500000000007	0.006962006209210279	-0.7176247071073559	-0.004316137835908569	0.6649213015048488	-2.866958858390048	3.5080043632695244	430
8	EA	343	3.017500000000001	0.0067349645011840495	-0.7176247071073559	-0.004316137835908569	0.6649213015048488	-2.866958858390048	3.5080043632695244	430
8	EA	344	3.0387500000000003	0.006520103603551521	-0.7176247071073559	-0.004316137835908569	0.6649213015048488	-2.866958858390048	3.5080043632695244	430
8	EA	345	3.0600000000000005	0.006317332268822966	-0.7176247071073559	-0.004316137835908569	0.6649213015048488	-2.866958858390048	3.5080043632695244	430
8	EA	346	3.0812500000000007	0.006126536104286074	-0.7176247071073559	-0.004316137835908569	0.6649213015048488	-2.866958858390048	3.5080043632695244	430
8	EA	347	3.102500000000001	0.005947555637026722	-0.7176247071073559	-0.004316137835908569	0.6649213015048488	-2.866958858390048	3.5080043632695244	430
8	EA	348	3.1237500000000002	0.005780166123089204	-0.7176247071073559	-0.004316137835908569	0.6649213015048488	-2.866958858390048	3.5080043632695244	430
8	EA	349	3.1450000000000005	0.005624059666835758	-0.7176247071073559	-0.004316137835908569	0.6649213015048488	-2.866958858390048	3.5080043632695244	430
8	EA	350	3.1662500000000007	0.005478830238998031	-0.7176247071073559	-0.004316137835908569	0.6649213015048488	-2.866958858390048	3.5080043632695244	430
8	EA	351	3.187500000000001	0.005343962171710328	-0.7176247071073559	-0.004316137835908569	0.6649213015048488	-2.866958858390048	3.5080043632695244	430
8	EA	352	3.20875	0.005218822661949808	-0.7176247071073559	-0.004316137835908569	0.6649213015048488	-2.866958858390048	3.5080043632695244	430
8	EA	353	3.2300000000000004	0.005102658729823365	-0.7176247071073559	-0.004316137835908569	0.6649213015048488	-2.866958858390048	3.5080043632695244	430
8	EA	354	3.2512500000000006	0.004994598956375098	-0.7176247071073559	-0.004316137835908569	0.6649213015048488	-2.866958858390048	3.5080043632695244	430
8	EA	355	3.272500000000001	0.0048936601711942985	-0.7176247071073559	-0.004316137835908569	0.6649213015048488	-2.866958858390048	3.5080043632695244	430
8	EA	356	3.29375	0.004798759079854906	-0.7176247071073559	-0.004316137835908569	0.6649213015048488	-2.866958858390048	3.5080043632695244	430
8	EA	357	3.3150000000000004	0.004708728624109775	-0.7176247071073559	-0.004316137835908569	0.6649213015048488	-2.866958858390048	3.5080043632695244	430
8	EA	358	3.3362500000000006	0.00462233866445172	-0.7176247071073559	-0.004316137835908569	0.6649213015048488	-2.866958858390048	3.5080043632695244	430
8	EA	359	3.357500000000001	0.00453832037674658	-0.7176247071073559	-0.004316137835908569	0.6649213015048488	-2.866958858390048	3.5080043632695244	430
8	EA	360	3.37875	0.00445539357392649	-0.7176247071073559	-0.004316137835908569	0.6649213015048488	-2.866958858390048	3.5080043632695244	430
8	EA	361	3.4000000000000004	0.004372296011358007	-0.7176247071073559	-0.004316137835908569	0.6649213015048488	-2.866958858390048	3.5080043632695244	430
8	EA	362	3.4212500000000006	0.004287813620228444	-0.7176247071073559	-0.004316137835908569	0.6649213015048488	-2.866958858390048	3.5080043632695244	430
8	EA	363	3.442500000000001	0.00420081054481007	-0.7176247071073559	-0.004316137835908569	0.6649213015048488	-2.866958858390048	3.5080043632695244	430
8	EA	364	3.463750000000001	0.004110257841851497	-0.7176247071073559	-0.004316137835908569	0.6649213015048488	-2.866958858390048	3.5080043632695244	430
8	EA	365	3.4850000000000003	0.004015259735735517	-0.7176247071073559	-0.004316137835908569	0.6649213015048488	-2.866958858390048	3.5080043632695244	430
8	EA	366	3.5062500000000005	0.003915076410459154	-0.7176247071073559	-0.004316137835908569	0.6649213015048488	-2.866958858390048	3.5080043632695244	430
8	EA	367	3.5275000000000007	0.0038091424549171744	-0.7176247071073559	-0.004316137835908569	0.6649213015048488	-2.866958858390048	3.5080043632695244	430
8	EA	368	3.548750000000001	0.0036970802546139533	-0.7176247071073559	-0.004316137835908569	0.6649213015048488	-2.866958858390048	3.5080043632695244	430
8	EA	369	3.5700000000000003	0.003578707831670267	-0.7176247071073559	-0.004316137835908569	0.6649213015048488	-2.866958858390048	3.5080043632695244	430
8	EA	370	3.5912500000000005	0.0034540408649782945	-0.7176247071073559	-0.004316137835908569	0.6649213015048488	-2.866958858390048	3.5080043632695244	430
8	EA	371	3.6125000000000007	0.003323288861694	-0.7176247071073559	-0.004316137835908569	0.6649213015048488	-2.866958858390048	3.5080043632695244	430
8	EA	372	3.633750000000001	0.003186845687749199	-0.7176247071073559	-0.004316137835908569	0.6649213015048488	-2.866958858390048	3.5080043632695244	430
8	EA	373	3.6550000000000002	0.0030452748869678483	-0.7176247071073559	-0.004316137835908569	0.6649213015048488	-2.866958858390048	3.5080043632695244	430
8	EA	374	3.6762500000000005	0.0028992904150643606	-0.7176247071073559	-0.004316137835908569	0.6649213015048488	-2.866958858390048	3.5080043632695244	430
8	EA	375	3.6975000000000007	0.002749733577390447	-0.7176247071073559	-0.004316137835908569	0.6649213015048488	-2.866958858390048	3.5080043632695244	430
8	EA	376	3.718750000000001	0.002597547081061866	-0.7176247071073559	-0.004316137835908569	0.6649213015048488	-2.866958858390048	3.5080043632695244	430
8	EA	377	3.74	0.0024437471887956493	-0.7176247071073559	-0.004316137835908569	0.6649213015048488	-2.866958858390048	3.5080043632695244	430
8	EA	378	3.7612500000000004	0.002289394991783347	-0.7176247071073559	-0.004316137835908569	0.6649213015048488	-2.866958858390048	3.5080043632695244	430
8	EA	379	3.7825000000000006	0.0021355678031435123	-0.7176247071073559	-0.004316137835908569	0.6649213015048488	-2.866958858390048	3.5080043632695244	430
8	EA	380	3.803750000000001	0.0019833316152307397	-0.7176247071073559	-0.004316137835908569	0.6649213015048488	-2.866958858390048	3.5080043632695244	430
8	EA	381	3.825000000000001	0.001833715468657609	-0.7176247071073559	-0.004316137835908569	0.6649213015048488	-2.866958858390048	3.5080043632695244	430
8	EA	382	3.8462500000000013	0.001687688455240377	-0.7176247071073559	-0.004316137835908569	0.6649213015048488	-2.866958858390048	3.5080043632695244	430
8	EA	383	3.8674999999999997	0.001546139929235869	-0.7176247071073559	-0.004316137835908569	0.6649213015048488	-2.866958858390048	3.5080043632695244	430
8	EA	384	3.88875	0.0014098633397880472	-0.7176247071073559	-0.004316137835908569	0.6649213015048488	-2.866958858390048	3.5080043632695244	430
8	EA	385	3.91	0.0012795439310781796	-0.7176247071073559	-0.004316137835908569	0.6649213015048488	-2.866958858390048	3.5080043632695244	430
8	EA	386	3.9312500000000004	0.0011557503934534808	-0.7176247071073559	-0.004316137835908569	0.6649213015048488	-2.866958858390048	3.5080043632695244	430
8	EA	387	3.9525000000000006	0.0010389303961130273	-0.7176247071073559	-0.004316137835908569	0.6649213015048488	-2.866958858390048	3.5080043632695244	430
8	EA	388	3.973750000000001	0.0009294097958765457	-0.7176247071073559	-0.004316137835908569	0.6649213015048488	-2.866958858390048	3.5080043632695244	430
8	EA	389	3.995000000000001	0.0008273952018525082	-0.7176247071073559	-0.004316137835908569	0.6649213015048488	-2.866958858390048	3.5080043632695244	430
8	EA	390	4.016250000000001	0.0007329794856151024	-0.7176247071073559	-0.004316137835908569	0.6649213015048488	-2.866958858390048	3.5080043632695244	430
8	EA	391	4.037500000000001	0.0006461497623960641	-0.7176247071073559	-0.004316137835908569	0.6649213015048488	-2.866958858390048	3.5080043632695244	430
8	EA	392	4.05875	0.0005667973309178509	-0.7176247071073559	-0.004316137835908569	0.6649213015048488	-2.866958858390048	3.5080043632695244	430
8	EA	393	4.08	0.0004947290466356654	-0.7176247071073559	-0.004316137835908569	0.6649213015048488	-2.866958858390048	3.5080043632695244	430
8	EA	394	4.10125	0.0004296796130072272	-0.7176247071073559	-0.004316137835908569	0.6649213015048488	-2.866958858390048	3.5080043632695244	430
8	EA	395	4.1225000000000005	0.0003713243048083026	-0.7176247071073559	-0.004316137835908569	0.6649213015048488	-2.866958858390048	3.5080043632695244	430
8	EA	396	4.143750000000001	0.0003192916827214818	-0.7176247071073559	-0.004316137835908569	0.6649213015048488	-2.866958858390048	3.5080043632695244	430
8	EA	397	4.165000000000001	0.0002731759154036822	-0.7176247071073559	-0.004316137835908569	0.6649213015048488	-2.866958858390048	3.5080043632695244	430
8	EA	398	4.186250000000001	0.00023254838989784175	-0.7176247071073559	-0.004316137835908569	0.6649213015048488	-2.866958858390048	3.5080043632695244	430
8	EA	399	4.207500000000001	0.00019696835968711172	-0.7176247071073559	-0.004316137835908569	0.6649213015048488	-2.866958858390048	3.5080043632695244	430
8	EA	400	4.22875	0.00016599244834875085	-0.7176247071073559	-0.004316137835908569	0.6649213015048488	-2.866958858390048	3.5080043632695244	430
8	EA	401	4.25	0.00013918289260147744	-0.7176247071073559	-0.004316137835908569	0.6649213015048488	-2.866958858390048	3.5080043632695244	430
